id;documento
1;"<b>Indivíduo de numero 1 registrado pela equipe do Trecho 04 na cidade de Penha (Santa Catarina), atraves de monitoramento do tipo Acionamento com a mare Vazante e vento Sudoeste. Espécie: Chelonia mydas, Juvenil Sim ,,,esta ameacada de extincao. Foi encontrado Morto em ambiente Rochoso com o Cod de carcaca 4 e Não apresentava oleo.</b><br>"
2;"<b>Indivíduo de numero 2 registrado pela equipe do Trecho 04 na cidade de Bombinhas (Santa Catarina), atraves de monitoramento do tipo Regular com a mare Enchente e vento Noroeste. Espécie: Nannopterum brasilianum, Indeterminado Não ,,,esta ameacada de extincao. Foi encontrado Morto em ambiente Arenoso com o Cod de carcaca 4 e Não apresentava oleo.</b><br>"
3;"<b>Indivíduo de numero 3 registrado pela equipe do Trecho 05 na cidade de Araquari,Balneário Barra Do Sul,Barra Velha (Santa Catarina), atraves de monitoramento do tipo Acionamento com a mare Vazante e vento N/A. Espécie: Caretta caretta, Indeterminado Sim ,,,esta ameacada de extincao. Foi encontrado Morto em ambiente Arenoso com o Cod de carcaca 4 e Não apresentava oleo.</b><br>"
4;"<b>Indivíduo de numero 4 registrado pela equipe do Trecho 04 na cidade de Navegantes (Santa Catarina), atraves de monitoramento do tipo Regular com a mare Vazante e vento Sudoeste. Espécie: Chelonia mydas, Juvenil Sim ,,,esta ameacada de extincao. Foi encontrado Morto em ambiente Arenoso com o Cod de carcaca 4 e Não apresentava oleo.</b><br>"
5;"<b>Indivíduo de numero 5 registrado pela equipe do Trecho 04 na cidade de Bombinhas (Santa Catarina), atraves de monitoramento do tipo Regular com a mare Enchente e vento Sudoeste. Espécie: Eretmochelys imbricata, Juvenil Sim ,,,esta ameacada de extincao. Foi encontrado Morto em ambiente Arenoso com o Cod de carcaca 4 e Não apresentava oleo.</b><br>"
6;"<b>Indivíduo de numero 6 registrado pela equipe do Trecho 05 na cidade de Itapoá (Santa Catarina), atraves de monitoramento do tipo Regular com a mare Vazante e vento Sudoeste. Espécie: Chelonia mydas, Indeterminado Sim ,,,esta ameacada de extincao. Foi encontrado Morto em ambiente Arenoso com o Cod de carcaca 4 e Não apresentava oleo.</b><br>"
7;"<b>Indivíduo de numero 7 registrado pela equipe do Trecho 05 na cidade de São Francisco Do Sul (Santa Catarina), atraves de monitoramento do tipo Regular com a mare Vazante e vento N/A. Espécie: Chelonia mydas, Indeterminado Sim ,,,esta ameacada de extincao. Foi encontrado Morto em ambiente Arenoso com o Cod de carcaca 4 e Não apresentava oleo.</b><br>"
8;"<b>Indivíduo de numero 8 registrado pela equipe do Trecho 05 na cidade de São Francisco Do Sul (Santa Catarina), atraves de monitoramento do tipo Regular com a mare Vazante e vento N/A. Espécie: Caretta caretta, Indeterminado Sim ,,,esta ameacada de extincao. Foi encontrado Morto em ambiente Arenoso com o Cod de carcaca 4 e Não apresentava oleo.</b><br>"
9;"<b>Indivíduo de numero 9 registrado pela equipe do Trecho 04 na cidade de Penha (Santa Catarina), atraves de monitoramento do tipo Regular com a mare Enchente e vento Sul. Espécie: Chelonia mydas, Juvenil Sim ,,,esta ameacada de extincao. Foi encontrado Morto em ambiente Rochoso com o Cod de carcaca 4 e Não apresentava oleo.</b><br>"
10;"<b>Indivíduo de numero 10 registrado pela equipe do Trecho 04 na cidade de Bombinhas (Santa Catarina), atraves de monitoramento do tipo Regular com a mare Vazante e vento Sudeste. Espécie: Fregata magnificens, Indeterminado Não ,,,esta ameacada de extincao. Foi encontrado Morto em ambiente Arenoso com o Cod de carcaca 4 e Não apresentava oleo.</b><br>"
11;"<b>Indivíduo de numero 11 registrado pela equipe do Trecho 05 na cidade de Araquari,Balneário Barra Do Sul,Barra Velha (Santa Catarina), atraves de monitoramento do tipo Regular com a mare Enchente e vento Sudeste. Espécie: Caretta caretta, Indeterminado Sim ,,,esta ameacada de extincao. Foi encontrado Morto em ambiente Arenoso com o Cod de carcaca 4 e Não apresentava oleo.</b><br>"
12;"<b>Indivíduo de numero 12 registrado pela equipe do Trecho 04 na cidade de Itapema (Santa Catarina), atraves de monitoramento do tipo Regular com a mare Vazante e vento Sudoeste. Espécie: Chelonia mydas, Juvenil Sim ,,,esta ameacada de extincao. Foi encontrado Morto em ambiente Arenoso com o Cod de carcaca 4 e Não apresentava oleo.</b><br>"
13;"<b>Indivíduo de numero 13 registrado pela equipe do Trecho 04 na cidade de Balneário Piçarras (Santa Catarina), atraves de monitoramento do tipo Regular com a mare Vazante e vento Sudoeste. Espécie: Nannopterum brasilianum, Juvenil Não ,,,esta ameacada de extincao. Foi encontrado Morto em ambiente Arenoso com o Cod de carcaca 4 e Não apresentava oleo.</b><br>"
14;"<b>Indivíduo de numero 14 registrado pela equipe do Trecho 01 na cidade de Imbituba (Santa Catarina), atraves de monitoramento do tipo Acionamento com a mare Vazante e vento Sudoeste. Espécie: Lepidochelys olivacea, Juvenil Sim ,,,esta ameacada de extincao. Foi encontrado Morto em ambiente Arenoso com o Cod de carcaca 4 e Não apresentava oleo.</b><br>"
15;"<b>Indivíduo de numero 15 registrado pela equipe do Trecho 06 na cidade de Guaratuba (Paraná), atraves de monitoramento do tipo Acionamento com a mare Enchente e vento Sul. Espécie: Chelonia mydas, Juvenil Sim ,,,esta ameacada de extincao. Foi encontrado Morto em ambiente Arenoso com o Cod de carcaca 3 e Não apresentava oleo.</b><br>"
16;"<b>Indivíduo de numero 16 registrado pela equipe do Trecho 05 na cidade de São Francisco Do Sul (Santa Catarina), atraves de monitoramento do tipo Acionamento com a mare Vazante e vento Sudeste. Espécie: Caretta caretta, Indeterminado Sim ,,,esta ameacada de extincao. Foi encontrado Morto em ambiente Arenoso com o Cod de carcaca 4 e Não apresentava oleo.</b><br>"
17;"<b>Indivíduo de numero 17 registrado pela equipe do Trecho 01 na cidade de Laguna (Santa Catarina), atraves de monitoramento do tipo Regular com a mare Vazante e vento Sudoeste. Espécie: Pontoporia blainvillei, Juvenil Sim ,,,esta ameacada de extincao. Foi encontrado Morto em ambiente Arenoso com o Cod de carcaca 4 e Não apresentava oleo.</b><br>"
18;"<b>Indivíduo de numero 18 registrado pela equipe do Trecho 01 na cidade de Laguna (Santa Catarina), atraves de monitoramento do tipo Regular com a mare Vazante e vento Sudoeste. Espécie: Chelonia mydas, Adulto Sim ,,,esta ameacada de extincao. Foi encontrado Morto em ambiente Arenoso com o Cod de carcaca 4 e Não apresentava oleo.</b><br>"
19;"<b>Indivíduo de numero 19 registrado pela equipe do Trecho 05 na cidade de São Francisco Do Sul (Santa Catarina), atraves de monitoramento do tipo Acionamento com a mare Indeterminado e vento Sul. Espécie: Sula leucogaster, Juvenil Não ,,,esta ameacada de extincao. Foi encontrado Vivo em ambiente Arenoso com o Cod de carcaca 1 e Não apresentava oleo.</b><br>"
20;"<b>Indivíduo de numero 20 registrado pela equipe do Trecho 04 na cidade de Barra Velha (Santa Catarina), atraves de monitoramento do tipo Regular com a mare Vazante e vento Sul. Espécie: Chelonia mydas, Juvenil Sim ,,,esta ameacada de extincao. Foi encontrado Morto em ambiente Arenoso com o Cod de carcaca 4 e Não apresentava oleo.</b><br>"
21;"<b>Indivíduo de numero 21 registrado pela equipe do Trecho 04 na cidade de Barra Velha (Santa Catarina), atraves de monitoramento do tipo Regular com a mare Vazante e vento Sul. Espécie: Chelonia mydas, Juvenil Sim ,,,esta ameacada de extincao. Foi encontrado Morto em ambiente Arenoso com o Cod de carcaca 4 e Não apresentava oleo.</b><br>"
22;"<b>Indivíduo de numero 22 registrado pela equipe do Trecho 04 na cidade de Barra Velha (Santa Catarina), atraves de monitoramento do tipo Regular com a mare Vazante e vento Sul. Espécie: Chelonia mydas, Juvenil Sim ,,,esta ameacada de extincao. Foi encontrado Morto em ambiente Arenoso com o Cod de carcaca 4 e Não apresentava oleo.</b><br>"
23;"<b>Indivíduo de numero 23 registrado pela equipe do Trecho 05 na cidade de São Francisco Do Sul (Santa Catarina), atraves de monitoramento do tipo Regular com a mare Enchente e vento N/A. Espécie: Sula leucogaster, Juvenil Não ,,,esta ameacada de extincao. Foi encontrado Vivo em ambiente Arenoso com o Cod de carcaca 1 e Não apresentava oleo.</b><br>"
24;"<b>Indivíduo de numero 24 registrado pela equipe do Trecho 05 na cidade de Balneário Barra Do Sul (Santa Catarina), atraves de monitoramento do tipo Acionamento com a mare Indeterminado e vento N/A. Espécie: Sula leucogaster, Juvenil Não ,,,esta ameacada de extincao. Foi encontrado Vivo em ambiente Outros com o Cod de carcaca 1 e Não apresentava oleo.</b><br>"
25;"<b>Indivíduo de numero 25 registrado pela equipe do Trecho 06 na cidade de Guaraqueçaba (Paraná), atraves de monitoramento do tipo Regular com a mare Vazante e vento Sudoeste. Espécie: Caretta caretta, Juvenil Sim ,,,esta ameacada de extincao. Foi encontrado Vivo em ambiente Arenoso com o Cod de carcaca 1 e Não apresentava oleo.</b><br>"
26;"<b>Indivíduo de numero 26 registrado pela equipe do Trecho 06 na cidade de Matinhos,Pontal Do Paraná (Paraná), atraves de monitoramento do tipo Acionamento com a mare Indeterminado e vento Sul. Espécie: Stenella frontalis, Juvenil Não ,,,esta ameacada de extincao. Foi encontrado Morto em ambiente Arenoso com o Cod de carcaca 4 e Não apresentava oleo.</b><br>"
27;"<b>Indivíduo de numero 27 registrado pela equipe do Trecho 06 na cidade de Guaratuba (Paraná), atraves de monitoramento do tipo Acionamento com a mare Indeterminado e vento Sul. Espécie: Sotalia guianensis, Adulto Sim ,,,esta ameacada de extincao. Foi encontrado Morto em ambiente Arenoso com o Cod de carcaca 2 e Não apresentava oleo.</b><br>"
28;"<b>Indivíduo de numero 28 registrado pela equipe do Trecho 01 na cidade de Imbituba (Santa Catarina), atraves de monitoramento do tipo Regular com a mare Enchente e vento Sul. Espécie: Larus dominicanus, Juvenil Não ,,,esta ameacada de extincao. Foi encontrado Vivo em ambiente Arenoso com o Cod de carcaca 1 e Não apresentava oleo.</b><br>"
29;"<b>Indivíduo de numero 29 registrado pela equipe do Trecho 04 na cidade de Penha (Santa Catarina), atraves de monitoramento do tipo Acionamento com a mare Enchente e vento Oeste. Espécie: Chelonia mydas, Juvenil Sim ,,,esta ameacada de extincao. Foi encontrado Morto em ambiente Arenoso com o Cod de carcaca 4 e Não apresentava oleo.</b><br>"
30;"<b>Indivíduo de numero 30 registrado pela equipe do Trecho 05 na cidade de São Francisco Do Sul (Santa Catarina), atraves de monitoramento do tipo Acionamento com a mare Vazia e vento Sudeste. Espécie: Chelonia mydas, Indeterminado Sim ,,,esta ameacada de extincao. Foi encontrado Morto em ambiente Arenoso com o Cod de carcaca 4 e Não apresentava oleo.</b><br>"
31;"<b>Indivíduo de numero 31 registrado pela equipe do Trecho 04 na cidade de Penha (Santa Catarina), atraves de monitoramento do tipo Regular com a mare Enchente e vento Oeste. Espécie: Chelonia mydas, Juvenil Sim ,,,esta ameacada de extincao. Foi encontrado Morto em ambiente Arenoso com o Cod de carcaca 4 e Não apresentava oleo.</b><br>"
32;"<b>Indivíduo de numero 32 registrado pela equipe do Trecho 02 na cidade de Palhoça (Santa Catarina), atraves de monitoramento do tipo Regular com a mare Vazante e vento N/A. Espécie: Chelonia mydas, Juvenil Sim ,,,esta ameacada de extincao. Foi encontrado Morto em ambiente Arenoso com o Cod de carcaca 4 e Não apresentava oleo.</b><br>"
33;"<b>Indivíduo de numero 33 registrado pela equipe do Trecho 06 na cidade de Paranaguá (Paraná), atraves de monitoramento do tipo Regular com a mare Vazante e vento Sudoeste. Espécie: Chelonia mydas, Juvenil Sim ,,,esta ameacada de extincao. Foi encontrado Morto em ambiente Arenoso com o Cod de carcaca 4 e Não apresentava oleo.</b><br>"
34;"<b>Indivíduo de numero 34 registrado pela equipe do Trecho 02 na cidade de Garopaba (Santa Catarina), atraves de monitoramento do tipo Regular com a mare Vazia e vento Sudeste. Espécie: Puffinus puffinus, Indeterminado Não ,,,esta ameacada de extincao. Foi encontrado Morto em ambiente Arenoso com o Cod de carcaca 5 e Não apresentava oleo.</b><br>"
35;"<b>Indivíduo de numero 35 registrado pela equipe do Trecho 01 na cidade de Laguna (Santa Catarina), atraves de monitoramento do tipo Acionamento com a mare Vazante e vento Nordeste. Espécie: Chelonia mydas, Juvenil Sim ,,,esta ameacada de extincao. Foi encontrado Morto em ambiente Arenoso com o Cod de carcaca 4 e Não apresentava oleo.</b><br>"
36;"<b>Indivíduo de numero 36 registrado pela equipe do Trecho 01 na cidade de Laguna (Santa Catarina), atraves de monitoramento do tipo Acionamento com a mare Vazante e vento Nordeste. Espécie: Chelonia mydas, Juvenil Sim ,,,esta ameacada de extincao. Foi encontrado Morto em ambiente Arenoso com o Cod de carcaca 4 e Não apresentava oleo.</b><br>"
37;"<b>Indivíduo de numero 37 registrado pela equipe do Trecho 05 na cidade de São Francisco Do Sul (Santa Catarina), atraves de monitoramento do tipo Acionamento com a mare Enchente e vento Nordeste. Espécie: Chelonia mydas, Indeterminado Sim ,,,esta ameacada de extincao. Foi encontrado Morto em ambiente Outros com o Cod de carcaca 4 e Não apresentava oleo.</b><br>"
38;"<b>Indivíduo de numero 38 registrado pela equipe do Trecho 01 na cidade de Imbituba (Santa Catarina), atraves de monitoramento do tipo Regular com a mare Enchente e vento Nordeste. Espécie: Chelonia mydas, Juvenil Sim ,,,esta ameacada de extincao. Foi encontrado Morto em ambiente Arenoso com o Cod de carcaca 4 e Não apresentava oleo.</b><br>"
39;"<b>Indivíduo de numero 39 registrado pela equipe do Trecho 06 na cidade de Matinhos,Pontal Do Paraná (Paraná), atraves de monitoramento do tipo Regular com a mare Vazante e vento Sul. Espécie: Chelonia mydas, Juvenil Sim ,,,esta ameacada de extincao. Foi encontrado Morto em ambiente Arenoso com o Cod de carcaca 4 e Não apresentava oleo.</b><br>"
40;"<b>Indivíduo de numero 40 registrado pela equipe do Trecho 05 na cidade de São Francisco Do Sul (Santa Catarina), atraves de monitoramento do tipo Regular com a mare Vazante e vento N/A. Espécie: Sula leucogaster, Juvenil Não ,,,esta ameacada de extincao. Foi encontrado Vivo em ambiente Arenoso com o Cod de carcaca 1 e Não apresentava oleo.</b><br>"
41;"<b>Indivíduo de numero 41 registrado pela equipe do Trecho 05 na cidade de São Francisco Do Sul (Santa Catarina), atraves de monitoramento do tipo Regular com a mare Vazante e vento N/A. Espécie: Chelonia mydas, Indeterminado Sim ,,,esta ameacada de extincao. Foi encontrado Morto em ambiente Arenoso com o Cod de carcaca 4 e Não apresentava oleo.</b><br>"
42;"<b>Indivíduo de numero 42 registrado pela equipe do Trecho 05 na cidade de São Francisco Do Sul (Santa Catarina), atraves de monitoramento do tipo Acionamento com a mare Enchente e vento N/A. Espécie: Chelonia mydas, Indeterminado Sim ,,,esta ameacada de extincao. Foi encontrado Morto em ambiente Arenoso com o Cod de carcaca 4 e Não apresentava oleo.</b><br>"
43;"<b>Indivíduo de numero 43 registrado pela equipe do Trecho 04 na cidade de Navegantes (Santa Catarina), atraves de monitoramento do tipo Acionamento com a mare Indeterminado e vento N/A. Espécie: Chelonia mydas, Juvenil Sim ,,,esta ameacada de extincao. Foi encontrado Morto em ambiente Arenoso com o Cod de carcaca 4 e Não apresentava oleo.</b><br>"
44;"<b>Indivíduo de numero 44 registrado pela equipe do Trecho 06 na cidade de Matinhos,Pontal Do Paraná (Paraná), atraves de monitoramento do tipo Regular com a mare Vazante e vento Sudoeste. Espécie: Charadrius semipalmatus, Juvenil Não ,,,esta ameacada de extincao. Foi encontrado Vivo em ambiente Arenoso com o Cod de carcaca 1 e Não apresentava oleo.</b><br>"
45;"<b>Indivíduo de numero 45 registrado pela equipe do Trecho 01 na cidade de Laguna (Santa Catarina), atraves de monitoramento do tipo Acionamento com a mare Vazante e vento Nordeste. Espécie: Pontoporia blainvillei, Adulto Sim ,,,esta ameacada de extincao. Foi encontrado Morto em ambiente Arenoso com o Cod de carcaca 4 e Não apresentava oleo.</b><br>"
46;"<b>Indivíduo de numero 46 registrado pela equipe do Trecho 05 na cidade de São Francisco Do Sul (Santa Catarina), atraves de monitoramento do tipo Acionamento com a mare Cheia e vento N/A. Espécie: Chelonia mydas, Juvenil Sim ,,,esta ameacada de extincao. Foi encontrado Morto em ambiente Outros com o Cod de carcaca 4 e Não apresentava oleo.</b><br>"
47;"<b>Indivíduo de numero 47 registrado pela equipe do Trecho 03 na cidade de Florianópolis (Santa Catarina), atraves de monitoramento do tipo Regular com a mare Vazante e vento Norte. Espécie: Chelonia mydas, Juvenil Sim ,,,esta ameacada de extincao. Foi encontrado Morto em ambiente Arenoso com o Cod de carcaca 4 e Não apresentava oleo.</b><br>"
48;"<b>Indivíduo de numero 48 registrado pela equipe do Trecho 03 na cidade de Florianópolis (Santa Catarina), atraves de monitoramento do tipo Regular com a mare Vazante e vento Noroeste. Espécie: Chelonia mydas, Juvenil Sim ,,,esta ameacada de extincao. Foi encontrado Morto em ambiente Arenoso com o Cod de carcaca 4 e Não apresentava oleo.</b><br>"
49;"<b>Indivíduo de numero 49 registrado pela equipe do Trecho 02 na cidade de Imbituba (Santa Catarina), atraves de monitoramento do tipo Regular com a mare Enchente e vento Nordeste. Espécie: Caretta caretta, Adulto Sim ,,,esta ameacada de extincao. Foi encontrado Morto em ambiente Arenoso com o Cod de carcaca 4 e Não apresentava oleo.</b><br>"
50;"<b>Indivíduo de numero 50 registrado pela equipe do Trecho 02 na cidade de Palhoça (Santa Catarina), atraves de monitoramento do tipo Regular com a mare Vazante e vento Nordeste. Espécie: Nannopterum brasilianum, Indeterminado Não ,,,esta ameacada de extincao. Foi encontrado Morto em ambiente Arenoso com o Cod de carcaca 4 e Não apresentava oleo.</b><br>"
51;"<b>Indivíduo de numero 51 registrado pela equipe do Trecho 05 na cidade de São Francisco Do Sul (Santa Catarina), atraves de monitoramento do tipo Acionamento com a mare Vazante e vento Sudoeste. Espécie: Sotalia guianensis, Filhote Sim ,,,esta ameacada de extincao. Foi encontrado Morto em ambiente Outros com o Cod de carcaca 4 e Não apresentava oleo.</b><br>"
52;"<b>Indivíduo de numero 52 registrado pela equipe do Trecho 05 na cidade de São Francisco Do Sul (Santa Catarina), atraves de monitoramento do tipo Regular com a mare Enchente e vento Sudeste. Espécie: Sotalia guianensis, Filhote Sim ,,,esta ameacada de extincao. Foi encontrado Morto em ambiente Arenoso com o Cod de carcaca 3 e Não apresentava oleo.</b><br>"
53;"<b>Indivíduo de numero 53 registrado pela equipe do Trecho 06 na cidade de Guaraqueçaba (Paraná), atraves de monitoramento do tipo Acionamento com a mare Enchente e vento N/A. Espécie: Caretta caretta, Indeterminado Sim ,,,esta ameacada de extincao. Foi encontrado Morto em ambiente Arenoso com o Cod de carcaca 4 e Não apresentava oleo.</b><br>"
54;"<b>Indivíduo de numero 54 registrado pela equipe do Trecho 05 na cidade de São Francisco Do Sul (Santa Catarina), atraves de monitoramento do tipo Regular com a mare Enchente e vento Nordeste. Espécie: Caretta caretta, Indeterminado Sim ,,,esta ameacada de extincao. Foi encontrado Morto em ambiente Arenoso com o Cod de carcaca 4 e Não apresentava oleo.</b><br>"
55;"<b>Indivíduo de numero 55 registrado pela equipe do Trecho 06 na cidade de Matinhos,Pontal Do Paraná (Paraná), atraves de monitoramento do tipo Acionamento com a mare Enchente e vento Sudeste. Espécie: Chelonia mydas, Juvenil Sim ,,,esta ameacada de extincao. Foi encontrado Morto em ambiente Arenoso com o Cod de carcaca 4 e Não apresentava oleo.</b><br>"
56;"<b>Indivíduo de numero 56 registrado pela equipe do Trecho 06 na cidade de Matinhos,Pontal Do Paraná (Paraná), atraves de monitoramento do tipo Regular com a mare Vazante e vento Nordeste. Espécie: Caretta caretta, Juvenil Sim ,,,esta ameacada de extincao. Foi encontrado Morto em ambiente Arenoso com o Cod de carcaca 4 e Não apresentava oleo.</b><br>"
57;"<b>Indivíduo de numero 57 registrado pela equipe do Trecho 02 na cidade de Imbituba (Santa Catarina), atraves de monitoramento do tipo Acionamento com a mare Vazante e vento Nordeste. Espécie: Caretta caretta, Juvenil Sim ,,,esta ameacada de extincao. Foi encontrado Morto em ambiente Arenoso com o Cod de carcaca 4 e Não apresentava oleo.</b><br>"
58;"<b>Indivíduo de numero 58 registrado pela equipe do Trecho 05 na cidade de São Francisco Do Sul (Santa Catarina), atraves de monitoramento do tipo Regular com a mare Enchente e vento Nordeste. Espécie: Chelonia mydas, Indeterminado Sim ,,,esta ameacada de extincao. Foi encontrado Morto em ambiente Arenoso com o Cod de carcaca 4 e Não apresentava oleo.</b><br>"
59;"<b>Indivíduo de numero 59 registrado pela equipe do Trecho 06 na cidade de Guaratuba (Paraná), atraves de monitoramento do tipo Regular com a mare Enchente e vento Sul. Espécie: Chelonia mydas, Juvenil Sim ,,,esta ameacada de extincao. Foi encontrado Morto em ambiente Arenoso com o Cod de carcaca 4 e Não apresentava oleo.</b><br>"
60;"<b>Indivíduo de numero 60 registrado pela equipe do Trecho 06 na cidade de Guaratuba (Paraná), atraves de monitoramento do tipo Regular com a mare Enchente e vento Sudoeste. Espécie: Chelonia mydas, Juvenil Sim ,,,esta ameacada de extincao. Foi encontrado Morto em ambiente Arenoso com o Cod de carcaca 4 e Não apresentava oleo.</b><br>"
61;"<b>Indivíduo de numero 61 registrado pela equipe do Trecho 01 na cidade de Imbituba (Santa Catarina), atraves de monitoramento do tipo Regular com a mare Vazante e vento Nordeste. Espécie: Pontoporia blainvillei, Adulto Sim ,,,esta ameacada de extincao. Foi encontrado Morto em ambiente Arenoso com o Cod de carcaca 4 e Não apresentava oleo.</b><br>"
62;"<b>Indivíduo de numero 62 registrado pela equipe do Trecho 04 na cidade de Balneário Camboriú,Itajaí (Santa Catarina), atraves de monitoramento do tipo Regular com a mare Enchente e vento Noroeste. Espécie: Chelonia mydas, Juvenil Sim ,,,esta ameacada de extincao. Foi encontrado Morto em ambiente Arenoso com o Cod de carcaca 4 e Não apresentava oleo.</b><br>"
63;"<b>Indivíduo de numero 63 registrado pela equipe do Trecho 04 na cidade de Balneário Camboriú,Itajaí (Santa Catarina), atraves de monitoramento do tipo Regular com a mare Enchente e vento Noroeste. Espécie: Chelonia mydas, Juvenil Sim ,,,esta ameacada de extincao. Foi encontrado Morto em ambiente Arenoso com o Cod de carcaca 4 e Não apresentava oleo.</b><br>"
64;"<b>Indivíduo de numero 64 registrado pela equipe do Trecho 04 na cidade de Porto Belo (Santa Catarina), atraves de monitoramento do tipo Regular com a mare Enchente e vento Sudeste. Espécie: Chelonia mydas, Juvenil Sim ,,,esta ameacada de extincao. Foi encontrado Morto em ambiente Arenoso com o Cod de carcaca 4 e Não apresentava oleo.</b><br>"
65;"<b>Indivíduo de numero 65 registrado pela equipe do Trecho 04 na cidade de Barra Velha (Santa Catarina), atraves de monitoramento do tipo Regular com a mare Vazante e vento Oeste. Espécie: Chelonia mydas, Juvenil Sim ,,,esta ameacada de extincao. Foi encontrado Morto em ambiente Arenoso com o Cod de carcaca 4 e Não apresentava oleo.</b><br>"
66;"<b>Indivíduo de numero 66 registrado pela equipe do Trecho 02 na cidade de Paulo Lopes (Santa Catarina), atraves de monitoramento do tipo Regular com a mare Enchente e vento Norte. Espécie: Chelonia mydas, Juvenil Sim ,,,esta ameacada de extincao. Foi encontrado Morto em ambiente Arenoso com o Cod de carcaca 4 e Não apresentava oleo.</b><br>"
67;"<b>Indivíduo de numero 67 registrado pela equipe do Trecho 06 na cidade de Matinhos,Pontal Do Paraná (Paraná), atraves de monitoramento do tipo Acionamento com a mare Vazante e vento N/A. Espécie: Chelonia mydas, Juvenil Sim ,,,esta ameacada de extincao. Foi encontrado Morto em ambiente Arenoso com o Cod de carcaca 4 e Não apresentava oleo.</b><br>"
68;"<b>Indivíduo de numero 68 registrado pela equipe do Trecho 06 na cidade de Matinhos (Paraná), atraves de monitoramento do tipo Acionamento com a mare Vazante e vento Sudeste. Espécie: Nannopterum brasilianum, Indeterminado Não ,,,esta ameacada de extincao. Foi encontrado Morto em ambiente Arenoso com o Cod de carcaca 4 e Não apresentava oleo.</b><br>"
69;"<b>Indivíduo de numero 69 registrado pela equipe do Trecho 05 na cidade de São Francisco Do Sul (Santa Catarina), atraves de monitoramento do tipo Acionamento com a mare Enchente e vento Sudeste. Espécie: Chelonia mydas, Juvenil Sim ,,,esta ameacada de extincao. Foi encontrado Morto em ambiente Arenoso com o Cod de carcaca 4 e Não apresentava oleo.</b><br>"
70;"<b>Indivíduo de numero 70 registrado pela equipe do Trecho 06 na cidade de Matinhos,Pontal Do Paraná (Paraná), atraves de monitoramento do tipo Regular com a mare Enchente e vento Sudoeste. Espécie: Chelonia mydas, Juvenil Sim ,,,esta ameacada de extincao. Foi encontrado Morto em ambiente Arenoso com o Cod de carcaca 4 e Não apresentava oleo.</b><br>"
71;"<b>Indivíduo de numero 71 registrado pela equipe do Trecho 02 na cidade de Biguaçu (Santa Catarina), atraves de monitoramento do tipo Acionamento com a mare Indeterminado e vento N/A. Espécie: Chelonia mydas, Juvenil Sim ,,,esta ameacada de extincao. Foi encontrado Vivo em ambiente Outros com o Cod de carcaca 1 e Não apresentava oleo.</b><br>"
72;"<b>Indivíduo de numero 72 registrado pela equipe do Trecho 05 na cidade de São Francisco Do Sul (Santa Catarina), atraves de monitoramento do tipo Acionamento com a mare Enchente e vento Nordeste. Espécie: Chelonia mydas, Juvenil Sim ,,,esta ameacada de extincao. Foi encontrado Morto em ambiente Arenoso com o Cod de carcaca 4 e Não apresentava oleo.</b><br>"
73;"<b>Indivíduo de numero 73 registrado pela equipe do Trecho 06 na cidade de Guaratuba (Paraná), atraves de monitoramento do tipo Regular com a mare Vazante e vento Oeste. Espécie: Fregata magnificens, Juvenil Não ,,,esta ameacada de extincao. Foi encontrado Vivo em ambiente Outros com o Cod de carcaca 1 e Não apresentava oleo.</b><br>"
74;"<b>Indivíduo de numero 74 registrado pela equipe do Trecho 06 na cidade de Guaratuba (Paraná), atraves de monitoramento do tipo Regular com a mare Enchente e vento N/A. Espécie: Caretta caretta, Juvenil Sim ,,,esta ameacada de extincao. Foi encontrado Morto em ambiente Arenoso com o Cod de carcaca 4 e Não apresentava oleo.</b><br>"
75;"<b>Indivíduo de numero 75 registrado pela equipe do Trecho 05 na cidade de Araquari,Balneário Barra Do Sul,Barra Velha (Santa Catarina), atraves de monitoramento do tipo Regular com a mare Vazante e vento Leste. Espécie: Chelonia mydas, Indeterminado Sim ,,,esta ameacada de extincao. Foi encontrado Morto em ambiente Arenoso com o Cod de carcaca 4 e Não apresentava oleo.</b><br>"
76;"<b>Indivíduo de numero 76 registrado pela equipe do Trecho 05 na cidade de São Francisco Do Sul (Santa Catarina), atraves de monitoramento do tipo Regular com a mare Enchente e vento Nordeste. Espécie: Chelonia mydas, Juvenil Sim ,,,esta ameacada de extincao. Foi encontrado Morto em ambiente Arenoso com o Cod de carcaca 4 e Não apresentava oleo.</b><br>"
77;"<b>Indivíduo de numero 77 registrado pela equipe do Trecho 05 na cidade de Itapoá (Santa Catarina), atraves de monitoramento do tipo Regular com a mare Enchente e vento Nordeste. Espécie: Ardenna gravis, Indeterminado Não ,,,esta ameacada de extincao. Foi encontrado Morto em ambiente Arenoso com o Cod de carcaca 4 e Não apresentava oleo.</b><br>"
78;"<b>Indivíduo de numero 78 registrado pela equipe do Trecho 03 na cidade de Florianópolis (Santa Catarina), atraves de monitoramento do tipo Regular com a mare Cheia e vento Norte. Espécie: Fregata magnificens, Adulto Não ,,,esta ameacada de extincao. Foi encontrado Vivo em ambiente Outros com o Cod de carcaca 1 e Não apresentava oleo.</b><br>"
79;"<b>Indivíduo de numero 79 registrado pela equipe do Trecho 06 na cidade de Matinhos (Paraná), atraves de monitoramento do tipo Acionamento com a mare Cheia e vento N/A. Espécie: Chelonia mydas, Juvenil Sim ,,,esta ameacada de extincao. Foi encontrado Morto em ambiente Arenoso com o Cod de carcaca 4 e Não apresentava oleo.</b><br>"
80;"<b>Indivíduo de numero 80 registrado pela equipe do Trecho 06 na cidade de Guaratuba (Paraná), atraves de monitoramento do tipo Acionamento com a mare Indeterminado e vento N/A. Espécie: Chelonia mydas, Juvenil Sim ,,,esta ameacada de extincao. Foi encontrado Morto em ambiente Arenoso com o Cod de carcaca 3 e Não apresentava oleo.</b><br>"
81;"<b>Indivíduo de numero 81 registrado pela equipe do Trecho 06 na cidade de Guaratuba (Paraná), atraves de monitoramento do tipo Regular com a mare Vazante e vento Sul. Espécie: Caretta caretta, Juvenil Sim ,,,esta ameacada de extincao. Foi encontrado Morto em ambiente Arenoso com o Cod de carcaca 4 e Não apresentava oleo.</b><br>"
82;"<b>Indivíduo de numero 82 registrado pela equipe do Trecho 06 na cidade de Guaratuba (Paraná), atraves de monitoramento do tipo Regular com a mare Cheia e vento N/A. Espécie: Caretta caretta, Adulto Sim ,,,esta ameacada de extincao. Foi encontrado Morto em ambiente Arenoso com o Cod de carcaca 4 e Não apresentava oleo.</b><br>"
83;"<b>Indivíduo de numero 83 registrado pela equipe do Trecho 05 na cidade de São Francisco Do Sul (Santa Catarina), atraves de monitoramento do tipo Acionamento com a mare Vazante e vento N/A. Espécie: Chelonia mydas, Indeterminado Sim ,,,esta ameacada de extincao. Foi encontrado Morto em ambiente Arenoso com o Cod de carcaca 4 e Não apresentava oleo.</b><br>"
84;"<b>Indivíduo de numero 84 registrado pela equipe do Trecho 05 na cidade de São Francisco Do Sul (Santa Catarina), atraves de monitoramento do tipo Regular com a mare Enchente e vento Sudeste. Espécie: Caretta caretta, Indeterminado Sim ,,,esta ameacada de extincao. Foi encontrado Morto em ambiente Arenoso com o Cod de carcaca 4 e Não apresentava oleo.</b><br>"
85;"<b>Indivíduo de numero 85 registrado pela equipe do Trecho 05 na cidade de São Francisco Do Sul (Santa Catarina), atraves de monitoramento do tipo Regular com a mare Enchente e vento Sudeste. Espécie: Puffinus puffinus, Indeterminado Não ,,,esta ameacada de extincao. Foi encontrado Morto em ambiente Água com o Cod de carcaca 4 e Não apresentava oleo.</b><br>"
86;"<b>Indivíduo de numero 86 registrado pela equipe do Trecho 03 na cidade de Florianópolis (Santa Catarina), atraves de monitoramento do tipo Acionamento com a mare Indeterminado e vento N/A. Espécie: Phimosus infuscatus, Adulto Não ,,,esta ameacada de extincao. Foi encontrado Vivo em ambiente Outros com o Cod de carcaca 1 e Não apresentava oleo.</b><br>"
87;"<b>Indivíduo de numero 87 registrado pela equipe do Trecho 02 na cidade de Florianópolis (Santa Catarina), atraves de monitoramento do tipo Acionamento com a mare Indeterminado e vento N/A. Espécie: Larus dominicanus, Adulto Não ,,,esta ameacada de extincao. Foi encontrado Morto em ambiente Outros com o Cod de carcaca 2 e Não apresentava oleo.</b><br>"
88;"<b>Indivíduo de numero 88 registrado pela equipe do Trecho 06 na cidade de Matinhos (Paraná), atraves de monitoramento do tipo Regular com a mare Vazante e vento Sudeste. Espécie: Chelonia mydas, Juvenil Sim ,,,esta ameacada de extincao. Foi encontrado Morto em ambiente Arenoso com o Cod de carcaca 4 e Não apresentava oleo.</b><br>"
90;"<b>Indivíduo de numero 90 registrado pela equipe do Trecho 06 na cidade de Matinhos,Pontal Do Paraná (Paraná), atraves de monitoramento do tipo Regular com a mare Enchente e vento N/A. Espécie: Chelonia mydas, Juvenil Sim ,,,esta ameacada de extincao. Foi encontrado Morto em ambiente Arenoso com o Cod de carcaca 4 e Não apresentava oleo.</b><br>"
91;"<b>Indivíduo de numero 91 registrado pela equipe do Trecho 02 na cidade de Palhoça (Santa Catarina), atraves de monitoramento do tipo Regular com a mare Cheia e vento Nordeste. Espécie: Chelonia mydas, Juvenil Sim ,,,esta ameacada de extincao. Foi encontrado Morto em ambiente Arenoso com o Cod de carcaca 4 e Não apresentava oleo.</b><br>"
92;"<b>Indivíduo de numero 92 registrado pela equipe do Trecho 04 na cidade de Porto Belo (Santa Catarina), atraves de monitoramento do tipo Regular com a mare Enchente e vento Norte. Espécie: Chelonia mydas, Juvenil Sim ,,,esta ameacada de extincao. Foi encontrado Morto em ambiente Arenoso com o Cod de carcaca 4 e Não apresentava oleo.</b><br>"
93;"<b>Indivíduo de numero 93 registrado pela equipe do Trecho 05 na cidade de São Francisco Do Sul (Santa Catarina), atraves de monitoramento do tipo Acionamento com a mare Indeterminado e vento N/A. Espécie: Sula leucogaster, Adulto Não ,,,esta ameacada de extincao. Foi encontrado Vivo em ambiente Outros com o Cod de carcaca 1 e Não apresentava oleo.</b><br>"
94;"<b>Indivíduo de numero 94 registrado pela equipe do Trecho 01 na cidade de Imbituba (Santa Catarina), atraves de monitoramento do tipo Acionamento com a mare Vazante e vento Nordeste. Espécie: Chelonia mydas, Juvenil Sim ,,,esta ameacada de extincao. Foi encontrado Morto em ambiente Arenoso com o Cod de carcaca 4 e Não apresentava oleo.</b><br>"
95;"<b>Indivíduo de numero 95 registrado pela equipe do Trecho 05 na cidade de Itapoá (Santa Catarina), atraves de monitoramento do tipo Acionamento com a mare Enchente e vento Sudeste. Espécie: Chelonia mydas, Juvenil Sim ,,,esta ameacada de extincao. Foi encontrado Vivo em ambiente Arenoso com o Cod de carcaca 1 e Não apresentava oleo.</b><br>"
96;"<b>Indivíduo de numero 96 registrado pela equipe do Trecho 04 na cidade de Navegantes (Santa Catarina), atraves de monitoramento do tipo Acionamento com a mare Enchente e vento Nordeste. Espécie: Chelonia mydas, Juvenil Sim ,,,esta ameacada de extincao. Foi encontrado Morto em ambiente Arenoso com o Cod de carcaca 4 e Não apresentava oleo.</b><br>"
97;"<b>Indivíduo de numero 97 registrado pela equipe do Trecho 04 na cidade de Navegantes (Santa Catarina), atraves de monitoramento do tipo Acionamento com a mare Enchente e vento Nordeste. Espécie: Chelonia mydas, Juvenil Sim ,,,esta ameacada de extincao. Foi encontrado Morto em ambiente Arenoso com o Cod de carcaca 4 e Não apresentava oleo.</b><br>"
98;"<b>Indivíduo de numero 98 registrado pela equipe do Trecho 06 na cidade de Matinhos,Pontal Do Paraná (Paraná), atraves de monitoramento do tipo Regular com a mare Cheia e vento Sudeste. Espécie: Caretta caretta, Juvenil Sim ,,,esta ameacada de extincao. Foi encontrado Morto em ambiente Arenoso com o Cod de carcaca 4 e Não apresentava oleo.</b><br>"
99;"<b>Indivíduo de numero 99 registrado pela equipe do Trecho 05 na cidade de Balneário Barra Do Sul (Santa Catarina), atraves de monitoramento do tipo Acionamento com a mare Indeterminado e vento N/A. Espécie: Sterna hirundinacea, Adulto Não ,,,esta ameacada de extincao. Foi encontrado Vivo em ambiente Outros com o Cod de carcaca 1 e Não apresentava oleo.</b><br>"
100;"<b>Indivíduo de numero 100 registrado pela equipe do Trecho 06 na cidade de Matinhos,Pontal Do Paraná (Paraná), atraves de monitoramento do tipo Acionamento com a mare Enchente e vento Norte. Espécie: Larus dominicanus, Juvenil Não ,,,esta ameacada de extincao. Foi encontrado Vivo em ambiente Arenoso com o Cod de carcaca 1 e Não apresentava oleo.</b><br>"
101;"<b>Indivíduo de numero 101 registrado pela equipe do Trecho 05 na cidade de Itapoá (Santa Catarina), atraves de monitoramento do tipo Acionamento com a mare Indeterminado e vento N/A. Espécie: Sula leucogaster, Adulto Não ,,,esta ameacada de extincao. Foi encontrado Vivo em ambiente Arenoso com o Cod de carcaca 1 e Não apresentava oleo.</b><br>"
102;"<b>Indivíduo de numero 102 registrado pela equipe do Trecho 01 na cidade de Imbituba (Santa Catarina), atraves de monitoramento do tipo Regular com a mare Enchente e vento Sudoeste. Espécie: Pontoporia blainvillei, Adulto Sim ,,,esta ameacada de extincao. Foi encontrado Morto em ambiente Arenoso com o Cod de carcaca 4 e Não apresentava oleo.</b><br>"
103;"<b>Indivíduo de numero 103 registrado pela equipe do Trecho 03 na cidade de Florianópolis (Santa Catarina), atraves de monitoramento do tipo Acionamento com a mare Indeterminado e vento Noroeste. Espécie: Phimosus infuscatus, Adulto Não ,,,esta ameacada de extincao. Foi encontrado Vivo em ambiente Outros com o Cod de carcaca 1 e Não apresentava oleo.</b><br>"
104;"<b>Indivíduo de numero 104 registrado pela equipe do Trecho 02 na cidade de Palhoça (Santa Catarina), atraves de monitoramento do tipo Regular com a mare Vazante e vento Nordeste. Espécie: Nannopterum brasilianum, Indeterminado Não ,,,esta ameacada de extincao. Foi encontrado Morto em ambiente Arenoso com o Cod de carcaca 4 e Não apresentava oleo.</b><br>"
105;"<b>Indivíduo de numero 105 registrado pela equipe do Trecho 04 na cidade de Navegantes (Santa Catarina), atraves de monitoramento do tipo Acionamento com a mare Vazante e vento Oeste. Espécie: Chelonia mydas, Juvenil Sim ,,,esta ameacada de extincao. Foi encontrado Morto em ambiente Arenoso com o Cod de carcaca 4 e Não apresentava oleo.</b><br>"
106;"<b>Indivíduo de numero 106 registrado pela equipe do Trecho 04 na cidade de Bombinhas (Santa Catarina), atraves de monitoramento do tipo Acionamento com a mare Vazante e vento Noroeste. Espécie: Chelonia mydas, Juvenil Sim ,,,esta ameacada de extincao. Foi encontrado Morto em ambiente Arenoso com o Cod de carcaca 4 e Não apresentava oleo.</b><br>"
107;"<b>Indivíduo de numero 107 registrado pela equipe do Trecho 04 na cidade de Penha (Santa Catarina), atraves de monitoramento do tipo Regular com a mare Vazante e vento Oeste. Espécie: Pontoporia blainvillei, Juvenil Sim ,,,esta ameacada de extincao. Foi encontrado Morto em ambiente Arenoso com o Cod de carcaca 4 e Não apresentava oleo.</b><br>"
108;"<b>Indivíduo de numero 108 registrado pela equipe do Trecho 01 na cidade de Laguna (Santa Catarina), atraves de monitoramento do tipo Acionamento com a mare Vazante e vento Nordeste. Espécie: Larus dominicanus, Juvenil Não ,,,esta ameacada de extincao. Foi encontrado Vivo em ambiente Arenoso com o Cod de carcaca 1 e Não apresentava oleo.</b><br>"
109;"<b>Indivíduo de numero 109 registrado pela equipe do Trecho 05 na cidade de São Francisco Do Sul (Santa Catarina), atraves de monitoramento do tipo Regular com a mare Vazante e vento Sudeste. Espécie: Chelonia mydas, Indeterminado Sim ,,,esta ameacada de extincao. Foi encontrado Morto em ambiente Arenoso com o Cod de carcaca 5 e Não apresentava oleo.</b><br>"
110;"<b>Indivíduo de numero 110 registrado pela equipe do Trecho 05 na cidade de São Francisco Do Sul (Santa Catarina), atraves de monitoramento do tipo Regular com a mare Vazante e vento Sudeste. Espécie: Chelonia mydas, Juvenil Sim ,,,esta ameacada de extincao. Foi encontrado Morto em ambiente Arenoso com o Cod de carcaca 4 e Não apresentava oleo.</b><br>"
111;"<b>Indivíduo de numero 111 registrado pela equipe do Trecho 05 na cidade de São Francisco Do Sul (Santa Catarina), atraves de monitoramento do tipo Regular com a mare Vazante e vento Nordeste. Espécie: Chelonia mydas, Indeterminado Sim ,,,esta ameacada de extincao. Foi encontrado Morto em ambiente Arenoso com o Cod de carcaca 4 e Não apresentava oleo.</b><br>"
112;"<b>Indivíduo de numero 112 registrado pela equipe do Trecho 05 na cidade de São Francisco Do Sul (Santa Catarina), atraves de monitoramento do tipo Acionamento com a mare Enchente e vento Nordeste. Espécie: Sula leucogaster, Adulto Não ,,,esta ameacada de extincao. Foi encontrado Vivo em ambiente Arenoso com o Cod de carcaca 1 e Não apresentava oleo.</b><br>"
113;"<b>Indivíduo de numero 113 registrado pela equipe do Trecho 05 na cidade de São Francisco Do Sul (Santa Catarina), atraves de monitoramento do tipo Regular com a mare Vazante e vento N/A. Espécie: Sula leucogaster, Indeterminado Não ,,,esta ameacada de extincao. Foi encontrado Morto em ambiente Arenoso com o Cod de carcaca 4 e Não apresentava oleo.</b><br>"
114;"<b>Indivíduo de numero 114 registrado pela equipe do Trecho 05 na cidade de São Francisco Do Sul (Santa Catarina), atraves de monitoramento do tipo Regular com a mare Vazante e vento N/A. Espécie: Chelonia mydas, Indeterminado Sim ,,,esta ameacada de extincao. Foi encontrado Morto em ambiente Arenoso com o Cod de carcaca 4 e Não apresentava oleo.</b><br>"
115;"<b>Indivíduo de numero 115 registrado pela equipe do Trecho 01 na cidade de Imbituba (Santa Catarina), atraves de monitoramento do tipo Regular com a mare Enchente e vento Nordeste. Espécie: Larus dominicanus, Juvenil Não ,,,esta ameacada de extincao. Foi encontrado Morto em ambiente Arenoso com o Cod de carcaca 5 e Não apresentava oleo.</b><br>"
116;"<b>Indivíduo de numero 116 registrado pela equipe do Trecho 03 na cidade de Florianópolis (Santa Catarina), atraves de monitoramento do tipo Regular com a mare Enchente e vento Noroeste. Espécie: Chelonia mydas, Juvenil Sim ,,,esta ameacada de extincao. Foi encontrado Morto em ambiente Arenoso com o Cod de carcaca 4 e Não apresentava oleo.</b><br>"
117;"<b>Indivíduo de numero 117 registrado pela equipe do Trecho 03 na cidade de Florianópolis (Santa Catarina), atraves de monitoramento do tipo Regular com a mare Vazante e vento Noroeste. Espécie: Chelonia mydas, Juvenil Sim ,,,esta ameacada de extincao. Foi encontrado Morto em ambiente Arenoso com o Cod de carcaca 5 e Não apresentava oleo.</b><br>"
118;"<b>Indivíduo de numero 118 registrado pela equipe do Trecho 04 na cidade de Porto Belo (Santa Catarina), atraves de monitoramento do tipo Acionamento com a mare Vazante e vento Norte. Espécie: Nannopterum brasilianum, Indeterminado Não ,,,esta ameacada de extincao. Foi encontrado Morto em ambiente Arenoso com o Cod de carcaca 4 e Não apresentava oleo.</b><br>"
119;"<b>Indivíduo de numero 119 registrado pela equipe do Trecho 04 na cidade de Navegantes (Santa Catarina), atraves de monitoramento do tipo Acionamento com a mare Vazante e vento Oeste. Espécie: Chelonia mydas, Juvenil Sim ,,,esta ameacada de extincao. Foi encontrado Morto em ambiente Rochoso com o Cod de carcaca 4 e Não apresentava oleo.</b><br>"
120;"<b>Indivíduo de numero 120 registrado pela equipe do Trecho 04 na cidade de Balneário Camboriú (Santa Catarina), atraves de monitoramento do tipo Regular com a mare Vazante e vento Oeste. Espécie: Chelonia mydas, Juvenil Sim ,,,esta ameacada de extincao. Foi encontrado Morto em ambiente Arenoso com o Cod de carcaca 4 e Não apresentava oleo.</b><br>"
121;"<b>Indivíduo de numero 121 registrado pela equipe do Trecho 01 na cidade de Imbituba (Santa Catarina), atraves de monitoramento do tipo Acionamento com a mare Vazante e vento Nordeste. Espécie: Larus dominicanus, Juvenil Não ,,,esta ameacada de extincao. Foi encontrado Vivo em ambiente Arenoso com o Cod de carcaca 1 e Não apresentava oleo.</b><br>"
122;"<b>Indivíduo de numero 122 registrado pela equipe do Trecho 01 na cidade de Laguna (Santa Catarina), atraves de monitoramento do tipo Regular com a mare Vazante e vento Nordeste. Espécie: Larus dominicanus, Juvenil Não ,,,esta ameacada de extincao. Foi encontrado Morto em ambiente Arenoso com o Cod de carcaca 2 e Não apresentava oleo.</b><br>"
123;"<b>Indivíduo de numero 123 registrado pela equipe do Trecho 01 na cidade de Laguna (Santa Catarina), atraves de monitoramento do tipo Acionamento com a mare Vazante e vento Nordeste. Espécie: Phimosus infuscatus, Adulto Não ,,,esta ameacada de extincao. Foi encontrado Vivo em ambiente Arenoso com o Cod de carcaca 1 e Não apresentava oleo.</b><br>"
124;"<b>Indivíduo de numero 124 registrado pela equipe do Trecho 04 na cidade de Penha (Santa Catarina), atraves de monitoramento do tipo Regular com a mare Vazante e vento Oeste. Espécie: Chelonia mydas, Juvenil Sim ,,,esta ameacada de extincao. Foi encontrado Morto em ambiente Arenoso com o Cod de carcaca 4 e Não apresentava oleo.</b><br>"
125;"<b>Indivíduo de numero 125 registrado pela equipe do Trecho 03 na cidade de Florianópolis (Santa Catarina), atraves de monitoramento do tipo Regular com a mare Vazante e vento Noroeste. Espécie: Sula leucogaster, Juvenil Não ,,,esta ameacada de extincao. Foi encontrado Vivo em ambiente Arenoso com o Cod de carcaca 1 e Não apresentava oleo.</b><br>"
126;"<b>Indivíduo de numero 126 registrado pela equipe do Trecho 03 na cidade de Florianópolis (Santa Catarina), atraves de monitoramento do tipo Regular com a mare Vazante e vento Noroeste. Espécie: Thalassarche chlororhynchos, Juvenil Sim ,,,esta ameacada de extincao. Foi encontrado Morto em ambiente Arenoso com o Cod de carcaca 4 e Não apresentava oleo.</b><br>"
127;"<b>Indivíduo de numero 127 registrado pela equipe do Trecho 06 na cidade de Paranaguá (Paraná), atraves de monitoramento do tipo Regular com a mare Vazante e vento Norte. Espécie: Caretta caretta, Juvenil Sim ,,,esta ameacada de extincao. Foi encontrado Morto em ambiente Arenoso com o Cod de carcaca 4 e Não apresentava oleo.</b><br>"
128;"<b>Indivíduo de numero 128 registrado pela equipe do Trecho 05 na cidade de Itapoá (Santa Catarina), atraves de monitoramento do tipo Acionamento com a mare Vazante e vento Sudeste. Espécie: Chelonia mydas, Indeterminado Sim ,,,esta ameacada de extincao. Foi encontrado Morto em ambiente Arenoso com o Cod de carcaca 4 e Não apresentava oleo.</b><br>"
129;"<b>Indivíduo de numero 129 registrado pela equipe do Trecho 05 na cidade de Itapoá (Santa Catarina), atraves de monitoramento do tipo Regular com a mare Vazia e vento Sudeste. Espécie: Nannopterum brasilianum, Adulto Não ,,,esta ameacada de extincao. Foi encontrado Morto em ambiente Arenoso com o Cod de carcaca 4 e Não apresentava oleo.</b><br>"
130;"<b>Indivíduo de numero 130 registrado pela equipe do Trecho 06 na cidade de Matinhos (Paraná), atraves de monitoramento do tipo Regular com a mare Vazante e vento Nordeste. Espécie: Caretta caretta, Juvenil Sim ,,,esta ameacada de extincao. Foi encontrado Morto em ambiente Arenoso com o Cod de carcaca 4 e Não apresentava oleo.</b><br>"
131;"<b>Indivíduo de numero 131 registrado pela equipe do Trecho 04 na cidade de Balneário Camboriú,Itajaí (Santa Catarina), atraves de monitoramento do tipo Regular com a mare Enchente e vento Oeste. Espécie: Nannopterum brasilianum, Juvenil Não ,,,esta ameacada de extincao. Foi encontrado Morto em ambiente Arenoso com o Cod de carcaca 4 e Não apresentava oleo.</b><br>"
132;"<b>Indivíduo de numero 132 registrado pela equipe do Trecho 05 na cidade de Araquari,Balneário Barra Do Sul,Barra Velha (Santa Catarina), atraves de monitoramento do tipo Regular com a mare Vazante e vento Sudeste. Espécie: Chelonia mydas, Indeterminado Sim ,,,esta ameacada de extincao. Foi encontrado Morto em ambiente Arenoso com o Cod de carcaca 4 e Não apresentava oleo.</b><br>"
133;"<b>Indivíduo de numero 133 registrado pela equipe do Trecho 06 na cidade de Guaratuba (Paraná), atraves de monitoramento do tipo Regular com a mare Vazante e vento Sul. Espécie: Chelonia mydas, Juvenil Sim ,,,esta ameacada de extincao. Foi encontrado Morto em ambiente Arenoso com o Cod de carcaca 4 e Não apresentava oleo.</b><br>"
134;"<b>Indivíduo de numero 134 registrado pela equipe do Trecho 06 na cidade de Guaratuba (Paraná), atraves de monitoramento do tipo Regular com a mare Vazante e vento Sul. Espécie: Sula leucogaster, Adulto Não ,,,esta ameacada de extincao. Foi encontrado Vivo em ambiente Arenoso com o Cod de carcaca 1 e Não apresentava oleo.</b><br>"
135;"<b>Indivíduo de numero 135 registrado pela equipe do Trecho 04 na cidade de Navegantes (Santa Catarina), atraves de monitoramento do tipo Regular com a mare Vazante e vento Sul. Espécie: Caretta caretta, Juvenil Sim ,,,esta ameacada de extincao. Foi encontrado Morto em ambiente Rochoso com o Cod de carcaca 4 e Não apresentava oleo.</b><br>"
136;"<b>Indivíduo de numero 136 registrado pela equipe do Trecho 04 na cidade de Penha (Santa Catarina), atraves de monitoramento do tipo Regular com a mare Vazante e vento Sudeste. Espécie: Larus dominicanus, Juvenil Não ,,,esta ameacada de extincao. Foi encontrado Morto em ambiente Arenoso com o Cod de carcaca 4 e Não apresentava oleo.</b><br>"
137;"<b>Indivíduo de numero 137 registrado pela equipe do Trecho 05 na cidade de Itapoá (Santa Catarina), atraves de monitoramento do tipo Acionamento com a mare Enchente e vento Sudeste. Espécie: Chelonia mydas, Indeterminado Sim ,,,esta ameacada de extincao. Foi encontrado Morto em ambiente Arenoso com o Cod de carcaca 4 e Não apresentava oleo.</b><br>"
138;"<b>Indivíduo de numero 138 registrado pela equipe do Trecho 06 na cidade de Guaratuba (Paraná), atraves de monitoramento do tipo Regular com a mare Vazante e vento N/A. Espécie: Larus dominicanus, Adulto Não ,,,esta ameacada de extincao. Foi encontrado Morto em ambiente Arenoso com o Cod de carcaca 2 e Não apresentava oleo.</b><br>"
139;"<b>Indivíduo de numero 139 registrado pela equipe do Trecho 04 na cidade de Balneário Camboriú (Santa Catarina), atraves de monitoramento do tipo Acionamento com a mare Indeterminado e vento Sul. Espécie: Larus dominicanus, Juvenil Não ,,,esta ameacada de extincao. Foi encontrado Vivo em ambiente Arenoso com o Cod de carcaca 1 e Não apresentava oleo.</b><br>"
140;"<b>Indivíduo de numero 140 registrado pela equipe do Trecho 06 na cidade de Matinhos,Pontal Do Paraná (Paraná), atraves de monitoramento do tipo Regular com a mare Vazante e vento Leste. Espécie: Chelonia mydas, Juvenil Sim ,,,esta ameacada de extincao. Foi encontrado Morto em ambiente Arenoso com o Cod de carcaca 4 e Não apresentava oleo.</b><br>"
141;"<b>Indivíduo de numero 141 registrado pela equipe do Trecho 05 na cidade de Itapoá (Santa Catarina), atraves de monitoramento do tipo Regular com a mare Vazante e vento Oeste. Espécie: Sula leucogaster, Adulto Não ,,,esta ameacada de extincao. Foi encontrado Vivo em ambiente Arenoso com o Cod de carcaca 1 e Não apresentava oleo.</b><br>"
142;"<b>Indivíduo de numero 142 registrado pela equipe do Trecho 04 na cidade de Itajaí (Santa Catarina), atraves de monitoramento do tipo Acionamento com a mare Indeterminado e vento Sul. Espécie: Larus dominicanus, Adulto Não ,,,esta ameacada de extincao. Foi encontrado Morto em ambiente Outros com o Cod de carcaca 4 e Não apresentava oleo.</b><br>"
143;"<b>Indivíduo de numero 143 registrado pela equipe do Trecho 05 na cidade de São Francisco Do Sul (Santa Catarina), atraves de monitoramento do tipo Regular com a mare Enchente e vento Sul. Espécie: Larus dominicanus, Indeterminado Não ,,,esta ameacada de extincao. Foi encontrado Morto em ambiente Arenoso com o Cod de carcaca 4 e Não apresentava oleo.</b><br>"
144;"<b>Indivíduo de numero 144 registrado pela equipe do Trecho 04 na cidade de Itajaí (Santa Catarina), atraves de monitoramento do tipo Acionamento com a mare Indeterminado e vento Sul. Espécie: Larus dominicanus, Adulto Não ,,,esta ameacada de extincao. Foi encontrado Morto em ambiente Outros com o Cod de carcaca 4 e Não apresentava oleo.</b><br>"
145;"<b>Indivíduo de numero 145 registrado pela equipe do Trecho 04 na cidade de Barra Velha (Santa Catarina), atraves de monitoramento do tipo Regular com a mare Vazante e vento Sudeste. Espécie: Chelonia mydas, Juvenil Sim ,,,esta ameacada de extincao. Foi encontrado Morto em ambiente Arenoso com o Cod de carcaca 4 e Não apresentava oleo.</b><br>"
146;"<b>Indivíduo de numero 146 registrado pela equipe do Trecho 03 na cidade de Florianópolis (Santa Catarina), atraves de monitoramento do tipo Regular com a mare Vazante e vento Sul. Espécie: Chelonia mydas, Juvenil Sim ,,,esta ameacada de extincao. Foi encontrado Morto em ambiente Arenoso com o Cod de carcaca 4 e Não apresentava oleo.</b><br>"
147;"<b>Indivíduo de numero 147 registrado pela equipe do Trecho 02 na cidade de Florianópolis (Santa Catarina), atraves de monitoramento do tipo Acionamento com a mare Vazante e vento Sul. Espécie: Chelonia mydas, Juvenil Sim ,,,esta ameacada de extincao. Foi encontrado Morto em ambiente Arenoso com o Cod de carcaca 4 e Não apresentava oleo.</b><br>"
148;"<b>Indivíduo de numero 148 registrado pela equipe do Trecho 06 na cidade de Pontal Do Paraná (Paraná), atraves de monitoramento do tipo Acionamento com a mare Indeterminado e vento N/A. Espécie: Larus dominicanus, Juvenil Não ,,,esta ameacada de extincao. Foi encontrado Vivo em ambiente Outros com o Cod de carcaca 1 e Não apresentava oleo.</b><br>"
149;"<b>Indivíduo de numero 149 registrado pela equipe do Trecho 06 na cidade de Guaratuba (Paraná), atraves de monitoramento do tipo Regular com a mare Vazante e vento Sudeste. Espécie: Caretta caretta, Indeterminado Sim ,,,esta ameacada de extincao. Foi encontrado Morto em ambiente Arenoso com o Cod de carcaca 4 e Não apresentava oleo.</b><br>"
150;"<b>Indivíduo de numero 150 registrado pela equipe do Trecho 05 na cidade de Araquari,Balneário Barra Do Sul,Barra Velha (Santa Catarina), atraves de monitoramento do tipo Regular com a mare Vazante e vento N/A. Espécie: Chelonia mydas, Indeterminado Sim ,,,esta ameacada de extincao. Foi encontrado Morto em ambiente Arenoso com o Cod de carcaca 4 e Não apresentava oleo.</b><br>"
151;"<b>Indivíduo de numero 151 registrado pela equipe do Trecho 03 na cidade de Florianópolis (Santa Catarina), atraves de monitoramento do tipo Regular com a mare Enchente e vento Noroeste. Espécie: Pontoporia blainvillei, Filhote Sim ,,,esta ameacada de extincao. Foi encontrado Morto em ambiente Arenoso com o Cod de carcaca 4 e Não apresentava oleo.</b><br>"
152;"<b>Indivíduo de numero 152 registrado pela equipe do Trecho 05 na cidade de Itapoá (Santa Catarina), atraves de monitoramento do tipo Regular com a mare Vazante e vento Sudeste. Espécie: Chelonia mydas, Juvenil Sim ,,,esta ameacada de extincao. Foi encontrado Morto em ambiente Arenoso com o Cod de carcaca 4 e Não apresentava oleo.</b><br>"
154;"<b>Indivíduo de numero 154 registrado pela equipe do Trecho 05 na cidade de Itapoá (Santa Catarina), atraves de monitoramento do tipo Acionamento com a mare Vazante e vento Sudeste. Espécie: Caretta caretta, Indeterminado Sim ,,,esta ameacada de extincao. Foi encontrado Morto em ambiente Água com o Cod de carcaca 4 e Não apresentava oleo.</b><br>"
155;"<b>Indivíduo de numero 155 registrado pela equipe do Trecho 05 na cidade de Araquari,Balneário Barra Do Sul,Barra Velha (Santa Catarina), atraves de monitoramento do tipo Acionamento com a mare Enchente e vento Nordeste. Espécie: Chelonia mydas, Indeterminado Sim ,,,esta ameacada de extincao. Foi encontrado Morto em ambiente Arenoso com o Cod de carcaca 4 e Não apresentava oleo.</b><br>"
156;"<b>Indivíduo de numero 156 registrado pela equipe do Trecho 05 na cidade de Araquari,Balneário Barra Do Sul,Barra Velha (Santa Catarina), atraves de monitoramento do tipo Acionamento com a mare Enchente e vento Nordeste. Espécie: Pontoporia blainvillei, Filhote Sim ,,,esta ameacada de extincao. Foi encontrado Morto em ambiente Arenoso com o Cod de carcaca 4 e Não apresentava oleo.</b><br>"
157;"<b>Indivíduo de numero 157 registrado pela equipe do Trecho 05 na cidade de São Francisco Do Sul (Santa Catarina), atraves de monitoramento do tipo Regular com a mare Vazante e vento Nordeste. Espécie: Larus dominicanus, Adulto Não ,,,esta ameacada de extincao. Foi encontrado Vivo em ambiente Arenoso com o Cod de carcaca 1 e Não apresentava oleo.</b><br>"
158;"<b>Indivíduo de numero 158 registrado pela equipe do Trecho 05 na cidade de São Francisco Do Sul (Santa Catarina), atraves de monitoramento do tipo Acionamento com a mare Enchente e vento Nordeste. Espécie: Chelonia mydas, Juvenil Sim ,,,esta ameacada de extincao. Foi encontrado Morto em ambiente Arenoso com o Cod de carcaca 2 e Não apresentava oleo.</b><br>"
159;"<b>Indivíduo de numero 159 registrado pela equipe do Trecho 02 na cidade de Paulo Lopes (Santa Catarina), atraves de monitoramento do tipo Acionamento com a mare Vazante e vento Sudoeste. Espécie: Spheniscus magellanicus, Juvenil Não ,,,esta ameacada de extincao. Foi encontrado Vivo em ambiente Arenoso com o Cod de carcaca 1 e Não apresentava oleo.</b><br>"
160;"<b>Indivíduo de numero 160 registrado pela equipe do Trecho 03 na cidade de Florianópolis (Santa Catarina), atraves de monitoramento do tipo Regular com a mare Vazante e vento Sul. Espécie: Larus dominicanus, Juvenil Não ,,,esta ameacada de extincao. Foi encontrado Vivo em ambiente Arenoso com o Cod de carcaca 1 e Não apresentava oleo.</b><br>"
161;"<b>Indivíduo de numero 161 registrado pela equipe do Trecho 04 na cidade de Bombinhas (Santa Catarina), atraves de monitoramento do tipo Acionamento com a mare Enchente e vento Leste. Espécie: Caretta caretta, Indeterminado Sim ,,,esta ameacada de extincao. Foi encontrado Morto em ambiente Arenoso com o Cod de carcaca 4 e Não apresentava oleo.</b><br>"
162;"<b>Indivíduo de numero 162 registrado pela equipe do Trecho 04 na cidade de Bombinhas (Santa Catarina), atraves de monitoramento do tipo Regular com a mare Vazante e vento Leste. Espécie: Chelonia mydas, Juvenil Sim ,,,esta ameacada de extincao. Foi encontrado Morto em ambiente Arenoso com o Cod de carcaca 4 e Não apresentava oleo.</b><br>"
163;"<b>Indivíduo de numero 163 registrado pela equipe do Trecho 02 na cidade de Garopaba (Santa Catarina), atraves de monitoramento do tipo Regular com a mare Vazia e vento Sudeste. Espécie: Nannopterum brasilianum, Juvenil Não ,,,esta ameacada de extincao. Foi encontrado Morto em ambiente Arenoso com o Cod de carcaca 2 e Não apresentava oleo.</b><br>"
164;"<b>Indivíduo de numero 164 registrado pela equipe do Trecho 06 na cidade de Pontal Do Paraná (Paraná), atraves de monitoramento do tipo Acionamento com a mare Enchente e vento N/A. Espécie: Spheniscus magellanicus, Adulto Não ,,,esta ameacada de extincao. Foi encontrado Vivo em ambiente Arenoso com o Cod de carcaca 1 e Não apresentava oleo.</b><br>"
165;"<b>Indivíduo de numero 165 registrado pela equipe do Trecho 06 na cidade de Matinhos (Paraná), atraves de monitoramento do tipo Acionamento com a mare Vazante e vento Leste. Espécie: Chelonia mydas, Juvenil Sim ,,,esta ameacada de extincao. Foi encontrado Vivo em ambiente Arenoso com o Cod de carcaca 1 e Não apresentava oleo.</b><br>"
166;"<b>Indivíduo de numero 166 registrado pela equipe do Trecho 01 na cidade de Imbituba (Santa Catarina), atraves de monitoramento do tipo Regular com a mare Enchente e vento Sudoeste. Espécie: Caretta caretta, Adulto Sim ,,,esta ameacada de extincao. Foi encontrado Morto em ambiente Arenoso com o Cod de carcaca 4 e Não apresentava oleo.</b><br>"
167;"<b>Indivíduo de numero 167 registrado pela equipe do Trecho 05 na cidade de São Francisco Do Sul (Santa Catarina), atraves de monitoramento do tipo Acionamento com a mare Indeterminado e vento N/A. Espécie: Fregata magnificens, Adulto Não ,,,esta ameacada de extincao. Foi encontrado Vivo em ambiente Outros com o Cod de carcaca 1 e Não apresentava oleo.</b><br>"
168;"<b>Indivíduo de numero 168 registrado pela equipe do Trecho 04 na cidade de Penha (Santa Catarina), atraves de monitoramento do tipo Acionamento com a mare Enchente e vento Sudeste. Espécie: Fregata magnificens, Adulto Não ,,,esta ameacada de extincao. Foi encontrado Vivo em ambiente Outros com o Cod de carcaca 1 e Não apresentava oleo.</b><br>"
169;"<b>Indivíduo de numero 169 registrado pela equipe do Trecho 03 na cidade de Florianópolis (Santa Catarina), atraves de monitoramento do tipo Acionamento com a mare Enchente e vento Norte. Espécie: Fregata magnificens, Juvenil Não ,,,esta ameacada de extincao. Foi encontrado Vivo em ambiente Arenoso com o Cod de carcaca 1 e Não apresentava oleo.</b><br>"
170;"<b>Indivíduo de numero 170 registrado pela equipe do Trecho 02 na cidade de Paulo Lopes (Santa Catarina), atraves de monitoramento do tipo Regular com a mare Enchente e vento Sudeste. Espécie: Chelonia mydas, Juvenil Sim ,,,esta ameacada de extincao. Foi encontrado Morto em ambiente Arenoso com o Cod de carcaca 4 e Não apresentava oleo.</b><br>"
171;"<b>Indivíduo de numero 171 registrado pela equipe do Trecho 06 na cidade de Matinhos,Pontal Do Paraná (Paraná), atraves de monitoramento do tipo Regular com a mare Vazante e vento Oeste. Espécie: Sula leucogaster, Adulto Não ,,,esta ameacada de extincao. Foi encontrado Morto em ambiente Arenoso com o Cod de carcaca 4 e Não apresentava oleo.</b><br>"
172;"<b>Indivíduo de numero 172 registrado pela equipe do Trecho 06 na cidade de Paranaguá (Paraná), atraves de monitoramento do tipo Regular com a mare Vazante e vento Sudeste. Espécie: Chelonia mydas, Juvenil Sim ,,,esta ameacada de extincao. Foi encontrado Morto em ambiente Arenoso com o Cod de carcaca 3 e Não apresentava oleo.</b><br>"
173;"<b>Indivíduo de numero 173 registrado pela equipe do Trecho 06 na cidade de Paranaguá (Paraná), atraves de monitoramento do tipo Regular com a mare Vazante e vento Sudeste. Espécie: Caretta caretta, Juvenil Sim ,,,esta ameacada de extincao. Foi encontrado Morto em ambiente Arenoso com o Cod de carcaca 5 e Não apresentava oleo.</b><br>"
174;"<b>Indivíduo de numero 174 registrado pela equipe do Trecho 05 na cidade de Itapoá (Santa Catarina), atraves de monitoramento do tipo Acionamento com a mare Vazia e vento Noroeste. Espécie: Caretta caretta, Indeterminado Sim ,,,esta ameacada de extincao. Foi encontrado Morto em ambiente Arenoso com o Cod de carcaca 4 e Não apresentava oleo.</b><br>"
175;"<b>Indivíduo de numero 175 registrado pela equipe do Trecho 05 na cidade de Itapoá (Santa Catarina), atraves de monitoramento do tipo Regular com a mare Vazante e vento Noroeste. Espécie: Larus dominicanus, Juvenil Não ,,,esta ameacada de extincao. Foi encontrado Vivo em ambiente Arenoso com o Cod de carcaca 1 e Não apresentava oleo.</b><br>"
176;"<b>Indivíduo de numero 176 registrado pela equipe do Trecho 06 na cidade de Pontal Do Paraná (Paraná), atraves de monitoramento do tipo Regular com a mare Vazia e vento N/A. Espécie: Chelonia mydas, Juvenil Sim ,,,esta ameacada de extincao. Foi encontrado Morto em ambiente Arenoso com o Cod de carcaca 4 e Não apresentava oleo.</b><br>"
177;"<b>Indivíduo de numero 177 registrado pela equipe do Trecho 06 na cidade de Matinhos,Pontal Do Paraná (Paraná), atraves de monitoramento do tipo Acionamento com a mare Enchente e vento Leste. Espécie: Fregata magnificens, Adulto Não ,,,esta ameacada de extincao. Foi encontrado Vivo em ambiente Arenoso com o Cod de carcaca 1 e Não apresentava oleo.</b><br>"
178;"<b>Indivíduo de numero 178 registrado pela equipe do Trecho 06 na cidade de Guaratuba (Paraná), atraves de monitoramento do tipo Regular com a mare Vazia e vento Oeste. Espécie: Chelonia mydas, Juvenil Sim ,,,esta ameacada de extincao. Foi encontrado Morto em ambiente Arenoso com o Cod de carcaca 3 e Não apresentava oleo.</b><br>"
180;"<b>Indivíduo de numero 180 registrado pela equipe do Trecho 01 na cidade de Laguna (Santa Catarina), atraves de monitoramento do tipo Regular com a mare Enchente e vento Sudoeste. Espécie: Ardenna gravis, Indeterminado Não ,,,esta ameacada de extincao. Foi encontrado Morto em ambiente Arenoso com o Cod de carcaca 4 e Não apresentava oleo.</b><br>"
181;"<b>Indivíduo de numero 181 registrado pela equipe do Trecho 01 na cidade de Imbituba (Santa Catarina), atraves de monitoramento do tipo Regular com a mare Enchente e vento Sudoeste. Espécie: Calonectris borealis, Adulto Não ,,,esta ameacada de extincao. Foi encontrado Morto em ambiente Arenoso com o Cod de carcaca 2 e Não apresentava oleo.</b><br>"
182;"<b>Indivíduo de numero 182 registrado pela equipe do Trecho 02 na cidade de Garopaba (Santa Catarina), atraves de monitoramento do tipo Regular com a mare Enchente e vento Sudeste. Espécie: Chelonia mydas, Juvenil Sim ,,,esta ameacada de extincao. Foi encontrado Morto em ambiente Arenoso com o Cod de carcaca 4 e Não apresentava oleo.</b><br>"
183;"<b>Indivíduo de numero 183 registrado pela equipe do Trecho 03 na cidade de Florianópolis (Santa Catarina), atraves de monitoramento do tipo Acionamento com a mare Enchente e vento Sudoeste. Espécie: Caretta caretta, Adulto Sim ,,,esta ameacada de extincao. Foi encontrado Morto em ambiente Outros com o Cod de carcaca 4 e Não apresentava oleo.</b><br>"
184;"<b>Indivíduo de numero 184 registrado pela equipe do Trecho 04 na cidade de Barra Velha (Santa Catarina), atraves de monitoramento do tipo Acionamento com a mare Vazante e vento Sudoeste. Espécie: Chelonia mydas, Juvenil Sim ,,,esta ameacada de extincao. Foi encontrado Morto em ambiente Arenoso com o Cod de carcaca 4 e Não apresentava oleo.</b><br>"
185;"<b>Indivíduo de numero 185 registrado pela equipe do Trecho 04 na cidade de Barra Velha (Santa Catarina), atraves de monitoramento do tipo Regular com a mare Vazante e vento Oeste. Espécie: Chelonia mydas, Juvenil Sim ,,,esta ameacada de extincao. Foi encontrado Morto em ambiente Arenoso com o Cod de carcaca 4 e Não apresentava oleo.</b><br>"
186;"<b>Indivíduo de numero 186 registrado pela equipe do Trecho 04 na cidade de Barra Velha (Santa Catarina), atraves de monitoramento do tipo Regular com a mare Vazante e vento Oeste. Espécie: Chelonia mydas, Juvenil Sim ,,,esta ameacada de extincao. Foi encontrado Morto em ambiente Arenoso com o Cod de carcaca 4 e Não apresentava oleo.</b><br>"
187;"<b>Indivíduo de numero 187 registrado pela equipe do Trecho 04 na cidade de Barra Velha (Santa Catarina), atraves de monitoramento do tipo Regular com a mare Vazante e vento Oeste. Espécie: Chelonia mydas, Juvenil Sim ,,,esta ameacada de extincao. Foi encontrado Morto em ambiente Arenoso com o Cod de carcaca 4 e Não apresentava oleo.</b><br>"
188;"<b>Indivíduo de numero 188 registrado pela equipe do Trecho 03 na cidade de Florianópolis (Santa Catarina), atraves de monitoramento do tipo Regular com a mare Vazante e vento Sudoeste. Espécie: Thalassarche chlororhynchos, Adulto Sim ,,,esta ameacada de extincao. Foi encontrado Morto em ambiente Arenoso com o Cod de carcaca 4 e Não apresentava oleo.</b><br>"
189;"<b>Indivíduo de numero 189 registrado pela equipe do Trecho 05 na cidade de São Francisco Do Sul (Santa Catarina), atraves de monitoramento do tipo Regular com a mare Vazante e vento N/A. Espécie: Chelonia mydas, Indeterminado Sim ,,,esta ameacada de extincao. Foi encontrado Morto em ambiente Arenoso com o Cod de carcaca 4 e Não apresentava oleo.</b><br>"
190;"<b>Indivíduo de numero 190 registrado pela equipe do Trecho 06 na cidade de Matinhos,Pontal Do Paraná (Paraná), atraves de monitoramento do tipo Acionamento com a mare Vazante e vento Sudeste. Espécie: Lepidochelys olivacea, Adulto Sim ,,,esta ameacada de extincao. Foi encontrado Morto em ambiente Arenoso com o Cod de carcaca 4 e Não apresentava oleo.</b><br>"
191;"<b>Indivíduo de numero 191 registrado pela equipe do Trecho 02 na cidade de Garopaba (Santa Catarina), atraves de monitoramento do tipo Acionamento com a mare Vazante e vento Leste. Espécie: Haematopus palliatus, Adulto Não ,,,esta ameacada de extincao. Foi encontrado Vivo em ambiente Outros com o Cod de carcaca 1 e Não apresentava oleo.</b><br>"
192;"<b>Indivíduo de numero 192 registrado pela equipe do Trecho 03 na cidade de Florianópolis (Santa Catarina), atraves de monitoramento do tipo Regular com a mare Enchente e vento Sudeste. Espécie: Spheniscus magellanicus, Juvenil Não ,,,esta ameacada de extincao. Foi encontrado Morto em ambiente Arenoso com o Cod de carcaca 4 e Não apresentava oleo.</b><br>"
193;"<b>Indivíduo de numero 193 registrado pela equipe do Trecho 03 na cidade de Florianópolis (Santa Catarina), atraves de monitoramento do tipo Regular com a mare Enchente e vento Sudeste. Espécie: Chelonia mydas, Juvenil Sim ,,,esta ameacada de extincao. Foi encontrado Morto em ambiente Arenoso com o Cod de carcaca 4 e Não apresentava oleo.</b><br>"
194;"<b>Indivíduo de numero 194 registrado pela equipe do Trecho 03 na cidade de Florianópolis (Santa Catarina), atraves de monitoramento do tipo Regular com a mare Vazante e vento Sudeste. Espécie: Chelonia mydas, Juvenil Sim ,,,esta ameacada de extincao. Foi encontrado Morto em ambiente Arenoso com o Cod de carcaca 3 e Não apresentava oleo.</b><br>"
195;"<b>Indivíduo de numero 195 registrado pela equipe do Trecho 03 na cidade de Florianópolis (Santa Catarina), atraves de monitoramento do tipo Acionamento com a mare Vazante e vento Sul. Espécie: Puffinus puffinus, Juvenil Não ,,,esta ameacada de extincao. Foi encontrado Morto em ambiente Arenoso com o Cod de carcaca 4 e Não apresentava oleo.</b><br>"
196;"<b>Indivíduo de numero 196 registrado pela equipe do Trecho 03 na cidade de Florianópolis (Santa Catarina), atraves de monitoramento do tipo Acionamento com a mare Enchente e vento Sudeste. Espécie: Chelonia mydas, Juvenil Sim ,,,esta ameacada de extincao. Foi encontrado Morto em ambiente Arenoso com o Cod de carcaca 4 e Não apresentava oleo.</b><br>"
197;"<b>Indivíduo de numero 197 registrado pela equipe do Trecho 06 na cidade de Guaraqueçaba (Paraná), atraves de monitoramento do tipo Regular com a mare Enchente e vento Nordeste. Espécie: Sotalia guianensis, Juvenil Sim ,,,esta ameacada de extincao. Foi encontrado Morto em ambiente Arenoso com o Cod de carcaca 5 e Não apresentava oleo.</b><br>"
198;"<b>Indivíduo de numero 198 registrado pela equipe do Trecho 06 na cidade de Guaraqueçaba (Paraná), atraves de monitoramento do tipo Regular com a mare Enchente e vento Nordeste. Espécie: Pontoporia blainvillei, Indeterminado Sim ,,,esta ameacada de extincao. Foi encontrado Morto em ambiente Arenoso com o Cod de carcaca 5 e Não apresentava oleo.</b><br>"
199;"<b>Indivíduo de numero 199 registrado pela equipe do Trecho 06 na cidade de Matinhos (Paraná), atraves de monitoramento do tipo Regular com a mare Enchente e vento N/A. Espécie: Chelonia mydas, Juvenil Sim ,,,esta ameacada de extincao. Foi encontrado Morto em ambiente Arenoso com o Cod de carcaca 4 e Não apresentava oleo.</b><br>"
200;"<b>Indivíduo de numero 200 registrado pela equipe do Trecho 06 na cidade de Matinhos,Pontal Do Paraná (Paraná), atraves de monitoramento do tipo Regular com a mare Enchente e vento Oeste. Espécie: Chelonia mydas, Juvenil Sim ,,,esta ameacada de extincao. Foi encontrado Morto em ambiente Arenoso com o Cod de carcaca 4 e Não apresentava oleo.</b><br>"
201;"<b>Indivíduo de numero 201 registrado pela equipe do Trecho 06 na cidade de Matinhos,Pontal Do Paraná (Paraná), atraves de monitoramento do tipo Regular com a mare Vazante e vento N/A. Espécie: Caretta caretta, Juvenil Sim ,,,esta ameacada de extincao. Foi encontrado Morto em ambiente Arenoso com o Cod de carcaca 3 e Não apresentava oleo.</b><br>"
202;"<b>Indivíduo de numero 202 registrado pela equipe do Trecho 02 na cidade de Garopaba (Santa Catarina), atraves de monitoramento do tipo Regular com a mare Enchente e vento Sul. Espécie: Chelonia mydas, Juvenil Sim ,,,esta ameacada de extincao. Foi encontrado Morto em ambiente Arenoso com o Cod de carcaca 4 e Não apresentava oleo.</b><br>"
203;"<b>Indivíduo de numero 203 registrado pela equipe do Trecho 03 na cidade de Florianópolis (Santa Catarina), atraves de monitoramento do tipo Regular com a mare Enchente e vento Sudeste. Espécie: Puffinus puffinus, Indeterminado Não ,,,esta ameacada de extincao. Foi encontrado Morto em ambiente Arenoso com o Cod de carcaca 4 e Não apresentava oleo.</b><br>"
204;"<b>Indivíduo de numero 204 registrado pela equipe do Trecho 03 na cidade de Florianópolis (Santa Catarina), atraves de monitoramento do tipo Regular com a mare Enchente e vento Sudeste. Espécie: Puffinus puffinus, Indeterminado Não ,,,esta ameacada de extincao. Foi encontrado Morto em ambiente Arenoso com o Cod de carcaca 4 e Não apresentava oleo.</b><br>"
205;"<b>Indivíduo de numero 205 registrado pela equipe do Trecho 02 na cidade de Garopaba (Santa Catarina), atraves de monitoramento do tipo Regular com a mare Enchente e vento Sudeste. Espécie: Chelonia mydas, Juvenil Sim ,,,esta ameacada de extincao. Foi encontrado Morto em ambiente Arenoso com o Cod de carcaca 4 e Não apresentava oleo.</b><br>"
206;"<b>Indivíduo de numero 206 registrado pela equipe do Trecho 02 na cidade de Palhoça (Santa Catarina), atraves de monitoramento do tipo Regular com a mare Enchente e vento Sudeste. Espécie: Chelonia mydas, Juvenil Sim ,,,esta ameacada de extincao. Foi encontrado Morto em ambiente Arenoso com o Cod de carcaca 5 e Não apresentava oleo.</b><br>"
207;"<b>Indivíduo de numero 207 registrado pela equipe do Trecho 03 na cidade de Florianópolis (Santa Catarina), atraves de monitoramento do tipo Acionamento com a mare Enchente e vento Sudeste. Espécie: Spheniscus magellanicus, Juvenil Não ,,,esta ameacada de extincao. Foi encontrado Vivo em ambiente Arenoso com o Cod de carcaca 1 e Não apresentava oleo.</b><br>"
208;"<b>Indivíduo de numero 208 registrado pela equipe do Trecho 04 na cidade de Navegantes (Santa Catarina), atraves de monitoramento do tipo Regular com a mare Enchente e vento Sudoeste. Espécie: Chelonia mydas, Juvenil Sim ,,,esta ameacada de extincao. Foi encontrado Morto em ambiente Arenoso com o Cod de carcaca 4 e Não apresentava oleo.</b><br>"
209;"<b>Indivíduo de numero 209 registrado pela equipe do Trecho 04 na cidade de Penha (Santa Catarina), atraves de monitoramento do tipo Regular com a mare Enchente e vento Noroeste. Espécie: Chelonia mydas, Juvenil Sim ,,,esta ameacada de extincao. Foi encontrado Morto em ambiente Arenoso com o Cod de carcaca 4 e Não apresentava oleo.</b><br>"
210;"<b>Indivíduo de numero 210 registrado pela equipe do Trecho 04 na cidade de Itapema (Santa Catarina), atraves de monitoramento do tipo Acionamento com a mare Vazante e vento Sudeste. Espécie: Chelonia mydas, Juvenil Sim ,,,esta ameacada de extincao. Foi encontrado Morto em ambiente Arenoso com o Cod de carcaca 4 e Não apresentava oleo.</b><br>"
211;"<b>Indivíduo de numero 211 registrado pela equipe do Trecho 05 na cidade de São Francisco Do Sul (Santa Catarina), atraves de monitoramento do tipo Regular com a mare Enchente e vento N/A. Espécie: Caretta caretta, Adulto Sim ,,,esta ameacada de extincao. Foi encontrado Morto em ambiente Arenoso com o Cod de carcaca 4 e Não apresentava oleo.</b><br>"
212;"<b>Indivíduo de numero 212 registrado pela equipe do Trecho 03 na cidade de Florianópolis (Santa Catarina), atraves de monitoramento do tipo Acionamento com a mare Indeterminado e vento N/A. Espécie: Phimosus infuscatus, Juvenil Não ,,,esta ameacada de extincao. Foi encontrado Vivo em ambiente Outros com o Cod de carcaca 1 e Não apresentava oleo.</b><br>"
213;"<b>Indivíduo de numero 213 registrado pela equipe do Trecho 05 na cidade de São Francisco Do Sul (Santa Catarina), atraves de monitoramento do tipo Regular com a mare Enchente e vento N/A. Espécie: Chelonia mydas, Indeterminado Sim ,,,esta ameacada de extincao. Foi encontrado Morto em ambiente Arenoso com o Cod de carcaca 4 e Não apresentava oleo.</b><br>"
214;"<b>Indivíduo de numero 214 registrado pela equipe do Trecho 05 na cidade de São Francisco Do Sul (Santa Catarina), atraves de monitoramento do tipo Acionamento com a mare Indeterminado e vento Sudoeste. Espécie: Larus dominicanus, Juvenil Não ,,,esta ameacada de extincao. Foi encontrado Vivo em ambiente Outros com o Cod de carcaca 1 e Não apresentava oleo.</b><br>"
215;"<b>Indivíduo de numero 215 registrado pela equipe do Trecho 05 na cidade de São Francisco Do Sul (Santa Catarina), atraves de monitoramento do tipo Regular com a mare Enchente e vento N/A. Espécie: Fregata magnificens, Juvenil Não ,,,esta ameacada de extincao. Foi encontrado Morto em ambiente Arenoso com o Cod de carcaca 4 e Não apresentava oleo.</b><br>"
216;"<b>Indivíduo de numero 216 registrado pela equipe do Trecho 05 na cidade de São Francisco Do Sul (Santa Catarina), atraves de monitoramento do tipo Regular com a mare Enchente e vento N/A. Espécie: Puffinus puffinus, Juvenil Não ,,,esta ameacada de extincao. Foi encontrado Morto em ambiente Arenoso com o Cod de carcaca 4 e Não apresentava oleo.</b><br>"
217;"<b>Indivíduo de numero 217 registrado pela equipe do Trecho 03 na cidade de Florianópolis (Santa Catarina), atraves de monitoramento do tipo Regular com a mare Enchente e vento Sul. Espécie: Nannopterum brasilianum, Indeterminado Não ,,,esta ameacada de extincao. Foi encontrado Morto em ambiente Arenoso com o Cod de carcaca 4 e Não apresentava oleo.</b><br>"
218;"<b>Indivíduo de numero 218 registrado pela equipe do Trecho 06 na cidade de Matinhos,Pontal Do Paraná (Paraná), atraves de monitoramento do tipo Acionamento com a mare Enchente e vento Oeste. Espécie: Chelonia mydas, Juvenil Sim ,,,esta ameacada de extincao. Foi encontrado Morto em ambiente Arenoso com o Cod de carcaca 4 e Não apresentava oleo.</b><br>"
219;"<b>Indivíduo de numero 219 registrado pela equipe do Trecho 06 na cidade de Matinhos (Paraná), atraves de monitoramento do tipo Acionamento com a mare Indeterminado e vento N/A. Espécie: Phimosus infuscatus, Adulto Não ,,,esta ameacada de extincao. Foi encontrado Vivo em ambiente Outros com o Cod de carcaca 1 e Não apresentava oleo.</b><br>"
220;"<b>Indivíduo de numero 220 registrado pela equipe do Trecho 06 na cidade de Matinhos,Pontal Do Paraná (Paraná), atraves de monitoramento do tipo Regular com a mare Enchente e vento Sudeste. Espécie: Caretta caretta, Indeterminado Sim ,,,esta ameacada de extincao. Foi encontrado Morto em ambiente Arenoso com o Cod de carcaca 4 e Não apresentava oleo.</b><br>"
221;"<b>Indivíduo de numero 221 registrado pela equipe do Trecho 06 na cidade de Matinhos,Pontal Do Paraná (Paraná), atraves de monitoramento do tipo Regular com a mare Enchente e vento N/A. Espécie: Chelonia mydas, Juvenil Sim ,,,esta ameacada de extincao. Foi encontrado Morto em ambiente Arenoso com o Cod de carcaca 4 e Não apresentava oleo.</b><br>"
222;"<b>Indivíduo de numero 222 registrado pela equipe do Trecho 01 na cidade de Imbituba (Santa Catarina), atraves de monitoramento do tipo Regular com a mare Cheia e vento Sudeste. Espécie: Sula leucogaster, Adulto Não ,,,esta ameacada de extincao. Foi encontrado Morto em ambiente Arenoso com o Cod de carcaca 3 e Não apresentava oleo.</b><br>"
223;"<b>Indivíduo de numero 223 registrado pela equipe do Trecho 01 na cidade de Laguna (Santa Catarina), atraves de monitoramento do tipo Regular com a mare Enchente e vento Sudeste. Espécie: Larus dominicanus, Juvenil Não ,,,esta ameacada de extincao. Foi encontrado Morto em ambiente Arenoso com o Cod de carcaca 5 e Não apresentava oleo.</b><br>"
224;"<b>Indivíduo de numero 224 registrado pela equipe do Trecho 03 na cidade de Florianópolis (Santa Catarina), atraves de monitoramento do tipo Regular com a mare Enchente e vento Sul. Espécie: Puffinus puffinus, Indeterminado Não ,,,esta ameacada de extincao. Foi encontrado Morto em ambiente Arenoso com o Cod de carcaca 5 e Não apresentava oleo.</b><br>"
225;"<b>Indivíduo de numero 225 registrado pela equipe do Trecho 03 na cidade de Florianópolis (Santa Catarina), atraves de monitoramento do tipo Regular com a mare Vazante e vento Sul. Espécie: Larus dominicanus, Juvenil Não ,,,esta ameacada de extincao. Foi encontrado Morto em ambiente Arenoso com o Cod de carcaca 4 e Não apresentava oleo.</b><br>"
226;"<b>Indivíduo de numero 226 registrado pela equipe do Trecho 05 na cidade de Itapoá (Santa Catarina), atraves de monitoramento do tipo Acionamento com a mare Enchente e vento Nordeste. Espécie: Caretta caretta, Indeterminado Sim ,,,esta ameacada de extincao. Foi encontrado Morto em ambiente Arenoso com o Cod de carcaca 4 e Não apresentava oleo.</b><br>"
227;"<b>Indivíduo de numero 227 registrado pela equipe do Trecho 06 na cidade de Matinhos,Pontal Do Paraná (Paraná), atraves de monitoramento do tipo Acionamento com a mare Vazante e vento N/A. Espécie: Sula leucogaster, Adulto Não ,,,esta ameacada de extincao. Foi encontrado Vivo em ambiente Arenoso com o Cod de carcaca 1 e Não apresentava oleo.</b><br>"
228;"<b>Indivíduo de numero 228 registrado pela equipe do Trecho 05 na cidade de São Francisco Do Sul (Santa Catarina), atraves de monitoramento do tipo Regular com a mare Vazante e vento Nordeste. Espécie: Chelonia mydas, Indeterminado Sim ,,,esta ameacada de extincao. Foi encontrado Morto em ambiente Arenoso com o Cod de carcaca 4 e Não apresentava oleo.</b><br>"
229;"<b>Indivíduo de numero 229 registrado pela equipe do Trecho 05 na cidade de São Francisco Do Sul (Santa Catarina), atraves de monitoramento do tipo Regular com a mare Vazante e vento Nordeste. Espécie: Chelonia mydas, Indeterminado Sim ,,,esta ameacada de extincao. Foi encontrado Morto em ambiente Arenoso com o Cod de carcaca 4 e Não apresentava oleo.</b><br>"
230;"<b>Indivíduo de numero 230 registrado pela equipe do Trecho 05 na cidade de São Francisco Do Sul (Santa Catarina), atraves de monitoramento do tipo Acionamento com a mare Enchente e vento Nordeste. Espécie: Chelonia mydas, Indeterminado Sim ,,,esta ameacada de extincao. Foi encontrado Morto em ambiente Arenoso com o Cod de carcaca 4 e Não apresentava oleo.</b><br>"
231;"<b>Indivíduo de numero 231 registrado pela equipe do Trecho 05 na cidade de São Francisco Do Sul (Santa Catarina), atraves de monitoramento do tipo Acionamento com a mare Enchente e vento Nordeste. Espécie: Eretmochelys imbricata, Indeterminado Sim ,,,esta ameacada de extincao. Foi encontrado Morto em ambiente Arenoso com o Cod de carcaca 4 e Não apresentava oleo.</b><br>"
233;"<b>Indivíduo de numero 233 registrado pela equipe do Trecho 03 na cidade de Florianópolis (Santa Catarina), atraves de monitoramento do tipo Regular com a mare Enchente e vento Sudeste. Espécie: Larus dominicanus, Adulto Não ,,,esta ameacada de extincao. Foi encontrado Morto em ambiente Arenoso com o Cod de carcaca 5 e Não apresentava oleo.</b><br>"
234;"<b>Indivíduo de numero 234 registrado pela equipe do Trecho 02 na cidade de Palhoça (Santa Catarina), atraves de monitoramento do tipo Acionamento com a mare Vazante e vento Sudoeste. Espécie: Mirounga leonina, Adulto Não ,,,esta ameacada de extincao. Foi encontrado Vivo em ambiente Rochoso com o Cod de carcaca 1 e Não apresentava oleo.</b><br>"
235;"<b>Indivíduo de numero 235 registrado pela equipe do Trecho 01 na cidade de Imbituba (Santa Catarina), atraves de monitoramento do tipo Acionamento com a mare Vazante e vento Sudoeste. Espécie: Chelonia mydas, Juvenil Sim ,,,esta ameacada de extincao. Foi encontrado Morto em ambiente Arenoso com o Cod de carcaca 4 e Não apresentava oleo.</b><br>"
236;"<b>Indivíduo de numero 236 registrado pela equipe do Trecho 06 na cidade de Matinhos,Pontal Do Paraná (Paraná), atraves de monitoramento do tipo Regular com a mare Enchente e vento Oeste. Espécie: Fregata magnificens, Adulto Não ,,,esta ameacada de extincao. Foi encontrado Morto em ambiente Arenoso com o Cod de carcaca 4 e Não apresentava oleo.</b><br>"
237;"<b>Indivíduo de numero 237 registrado pela equipe do Trecho 06 na cidade de Matinhos,Pontal Do Paraná (Paraná), atraves de monitoramento do tipo Regular com a mare Enchente e vento Oeste. Espécie: Chelonia mydas, Juvenil Sim ,,,esta ameacada de extincao. Foi encontrado Morto em ambiente Arenoso com o Cod de carcaca 4 e Não apresentava oleo.</b><br>"
238;"<b>Indivíduo de numero 238 registrado pela equipe do Trecho 06 na cidade de Matinhos,Pontal Do Paraná (Paraná), atraves de monitoramento do tipo Acionamento com a mare Enchente e vento Leste. Espécie: Caretta caretta, Indeterminado Sim ,,,esta ameacada de extincao. Foi encontrado Morto em ambiente Arenoso com o Cod de carcaca 4 e Não apresentava oleo.</b><br>"
239;"<b>Indivíduo de numero 239 registrado pela equipe do Trecho 06 na cidade de Matinhos,Pontal Do Paraná (Paraná), atraves de monitoramento do tipo Acionamento com a mare Enchente e vento Leste. Espécie: Eretmochelys imbricata, Indeterminado Sim ,,,esta ameacada de extincao. Foi encontrado Morto em ambiente Arenoso com o Cod de carcaca 4 e Não apresentava oleo.</b><br>"
240;"<b>Indivíduo de numero 240 registrado pela equipe do Trecho 02 na cidade de Garopaba (Santa Catarina), atraves de monitoramento do tipo Regular com a mare Enchente e vento Noroeste. Espécie: Chelonia mydas, Juvenil Sim ,,,esta ameacada de extincao. Foi encontrado Morto em ambiente Rochoso com o Cod de carcaca 4 e Não apresentava oleo.</b><br>"
241;"<b>Indivíduo de numero 241 registrado pela equipe do Trecho 04 na cidade de Penha (Santa Catarina), atraves de monitoramento do tipo Regular com a mare Enchente e vento Noroeste. Espécie: Chelonia mydas, Juvenil Sim ,,,esta ameacada de extincao. Foi encontrado Morto em ambiente Arenoso com o Cod de carcaca 4 e Não apresentava oleo.</b><br>"
242;"<b>Indivíduo de numero 242 registrado pela equipe do Trecho 01 na cidade de Laguna (Santa Catarina), atraves de monitoramento do tipo Acionamento com a mare Enchente e vento Nordeste. Espécie: Tursiops truncatus gephyreus, Filhote Sim ,,,esta ameacada de extincao. Foi encontrado Morto em ambiente Arenoso com o Cod de carcaca 4 e Não apresentava oleo.</b><br>"
243;"<b>Indivíduo de numero 243 registrado pela equipe do Trecho 05 na cidade de São Francisco Do Sul (Santa Catarina), atraves de monitoramento do tipo Acionamento com a mare Cheia e vento N/A. Espécie: Chelonia mydas, Juvenil Sim ,,,esta ameacada de extincao. Foi encontrado Vivo em ambiente Arenoso com o Cod de carcaca 1 e Não apresentava oleo.</b><br>"
244;"<b>Indivíduo de numero 244 registrado pela equipe do Trecho 05 na cidade de São Francisco Do Sul (Santa Catarina), atraves de monitoramento do tipo Regular com a mare Vazante e vento N/A. Espécie: Larus dominicanus, Indeterminado Não ,,,esta ameacada de extincao. Foi encontrado Morto em ambiente Arenoso com o Cod de carcaca 4 e Não apresentava oleo.</b><br>"
245;"<b>Indivíduo de numero 245 registrado pela equipe do Trecho 05 na cidade de Araquari,Balneário Barra Do Sul,Barra Velha (Santa Catarina), atraves de monitoramento do tipo Regular com a mare Enchente e vento N/A. Espécie: Caretta caretta, Adulto Sim ,,,esta ameacada de extincao. Foi encontrado Morto em ambiente Arenoso com o Cod de carcaca 4 e Não apresentava oleo.</b><br>"
246;"<b>Indivíduo de numero 246 registrado pela equipe do Trecho 05 na cidade de Araquari,Balneário Barra Do Sul,Barra Velha (Santa Catarina), atraves de monitoramento do tipo Regular com a mare Enchente e vento N/A. Espécie: Pontoporia blainvillei, Filhote Sim ,,,esta ameacada de extincao. Foi encontrado Morto em ambiente Arenoso com o Cod de carcaca 3 e Não apresentava oleo.</b><br>"
248;"<b>Indivíduo de numero 248 registrado pela equipe do Trecho 06 na cidade de Guaratuba (Paraná), atraves de monitoramento do tipo Regular com a mare Enchente e vento Leste. Espécie: Puffinus puffinus, Indeterminado Não ,,,esta ameacada de extincao. Foi encontrado Morto em ambiente Arenoso com o Cod de carcaca 4 e Não apresentava oleo.</b><br>"
249;"<b>Indivíduo de numero 249 registrado pela equipe do Trecho 02 na cidade de Garopaba (Santa Catarina), atraves de monitoramento do tipo Regular com a mare Cheia e vento Nordeste. Espécie: Chelonia mydas, Juvenil Sim ,,,esta ameacada de extincao. Foi encontrado Morto em ambiente Arenoso com o Cod de carcaca 4 e Não apresentava oleo.</b><br>"
250;"<b>Indivíduo de numero 250 registrado pela equipe do Trecho 02 na cidade de Garopaba (Santa Catarina), atraves de monitoramento do tipo Acionamento com a mare Enchente e vento N/A. Espécie: Larus dominicanus, Adulto Não ,,,esta ameacada de extincao. Foi encontrado Morto em ambiente Arenoso com o Cod de carcaca 5 e Não apresentava oleo.</b><br>"
251;"<b>Indivíduo de numero 251 registrado pela equipe do Trecho 02 na cidade de Garopaba (Santa Catarina), atraves de monitoramento do tipo Acionamento com a mare Enchente e vento N/A. Espécie: Chelonia mydas, Juvenil Sim ,,,esta ameacada de extincao. Foi encontrado Morto em ambiente Arenoso com o Cod de carcaca 4 e Não apresentava oleo.</b><br>"
252;"<b>Indivíduo de numero 252 registrado pela equipe do Trecho 06 na cidade de Matinhos,Pontal Do Paraná (Paraná), atraves de monitoramento do tipo Acionamento com a mare Indeterminado e vento Leste. Espécie: Caretta caretta, Juvenil Sim ,,,esta ameacada de extincao. Foi encontrado Morto em ambiente Arenoso com o Cod de carcaca 4 e Não apresentava oleo.</b><br>"
253;"<b>Indivíduo de numero 253 registrado pela equipe do Trecho 06 na cidade de Guaratuba (Paraná), atraves de monitoramento do tipo Regular com a mare Vazante e vento Leste. Espécie: Caretta caretta, Indeterminado Sim ,,,esta ameacada de extincao. Foi encontrado Morto em ambiente Arenoso com o Cod de carcaca 4 e Não apresentava oleo.</b><br>"
254;"<b>Indivíduo de numero 254 registrado pela equipe do Trecho 06 na cidade de Guaratuba (Paraná), atraves de monitoramento do tipo Regular com a mare Vazante e vento Sudoeste. Espécie: Chelonia mydas, Juvenil Sim ,,,esta ameacada de extincao. Foi encontrado Morto em ambiente Arenoso com o Cod de carcaca 4 e Não apresentava oleo.</b><br>"
255;"<b>Indivíduo de numero 255 registrado pela equipe do Trecho 06 na cidade de Matinhos,Pontal Do Paraná (Paraná), atraves de monitoramento do tipo Regular com a mare Vazia e vento Norte. Espécie: Caretta caretta, Juvenil Sim ,,,esta ameacada de extincao. Foi encontrado Morto em ambiente Arenoso com o Cod de carcaca 4 e Não apresentava oleo.</b><br>"
256;"<b>Indivíduo de numero 256 registrado pela equipe do Trecho 03 na cidade de Florianópolis (Santa Catarina), atraves de monitoramento do tipo Regular com a mare Vazante e vento Norte. Espécie: Chelonia mydas, Juvenil Sim ,,,esta ameacada de extincao. Foi encontrado Morto em ambiente Arenoso com o Cod de carcaca 4 e Não apresentava oleo.</b><br>"
257;"<b>Indivíduo de numero 257 registrado pela equipe do Trecho 03 na cidade de Florianópolis (Santa Catarina), atraves de monitoramento do tipo Regular com a mare Vazante e vento Norte. Espécie: Nannopterum brasilianum, Adulto Não ,,,esta ameacada de extincao. Foi encontrado Morto em ambiente Arenoso com o Cod de carcaca 4 e Não apresentava oleo.</b><br>"
258;"<b>Indivíduo de numero 258 registrado pela equipe do Trecho 03 na cidade de Florianópolis (Santa Catarina), atraves de monitoramento do tipo Acionamento com a mare Enchente e vento Nordeste. Espécie: Caretta caretta, Indeterminado Sim ,,,esta ameacada de extincao. Foi encontrado Vivo em ambiente Arenoso com o Cod de carcaca 1 e Não apresentava oleo.</b><br>"
259;"<b>Indivíduo de numero 259 registrado pela equipe do Trecho 01 na cidade de Laguna (Santa Catarina), atraves de monitoramento do tipo Regular com a mare Vazante e vento Sul. Espécie: Nannopterum brasilianum, Adulto Não ,,,esta ameacada de extincao. Foi encontrado Morto em ambiente Arenoso com o Cod de carcaca 4 e Não apresentava oleo.</b><br>"
260;"<b>Indivíduo de numero 260 registrado pela equipe do Trecho 01 na cidade de Laguna (Santa Catarina), atraves de monitoramento do tipo Regular com a mare Vazante e vento Sul. Espécie: Nannopterum brasilianum, Indeterminado Não ,,,esta ameacada de extincao. Foi encontrado Morto em ambiente Arenoso com o Cod de carcaca 4 e Não apresentava oleo.</b><br>"
261;"<b>Indivíduo de numero 261 registrado pela equipe do Trecho 06 na cidade de Matinhos,Pontal Do Paraná (Paraná), atraves de monitoramento do tipo Acionamento com a mare Vazante e vento Norte. Espécie: Mirounga leonina, Juvenil Não ,,,esta ameacada de extincao. Foi encontrado Vivo em ambiente Arenoso com o Cod de carcaca 1 e Não apresentava oleo.</b><br>"
262;"<b>Indivíduo de numero 262 registrado pela equipe do Trecho 06 na cidade de Matinhos,Pontal Do Paraná (Paraná), atraves de monitoramento do tipo Regular com a mare Enchente e vento Noroeste. Espécie: Larus dominicanus, Juvenil Não ,,,esta ameacada de extincao. Foi encontrado Vivo em ambiente Arenoso com o Cod de carcaca 1 e Não apresentava oleo.</b><br>"
263;"<b>Indivíduo de numero 263 registrado pela equipe do Trecho 06 na cidade de Matinhos,Pontal Do Paraná (Paraná), atraves de monitoramento do tipo Acionamento com a mare Vazia e vento N/A. Espécie: Sotalia guianensis, Adulto Sim ,,,esta ameacada de extincao. Foi encontrado Morto em ambiente Água com o Cod de carcaca 4 e Não apresentava oleo.</b><br>"
264;"<b>Indivíduo de numero 264 registrado pela equipe do Trecho 06 na cidade de Guaratuba (Paraná), atraves de monitoramento do tipo Acionamento com a mare Enchente e vento Nordeste. Espécie: Larus dominicanus, Juvenil Não ,,,esta ameacada de extincao. Foi encontrado Vivo em ambiente Outros com o Cod de carcaca 1 e Não apresentava oleo.</b><br>"
265;"<b>Indivíduo de numero 265 registrado pela equipe do Trecho 01 na cidade de Imbituba (Santa Catarina), atraves de monitoramento do tipo Regular com a mare Vazante e vento Nordeste. Espécie: Chelonia mydas, Juvenil Sim ,,,esta ameacada de extincao. Foi encontrado Morto em ambiente Arenoso com o Cod de carcaca 4 e Não apresentava oleo.</b><br>"
266;"<b>Indivíduo de numero 266 registrado pela equipe do Trecho 06 na cidade de Matinhos,Pontal Do Paraná (Paraná), atraves de monitoramento do tipo Acionamento com a mare Vazante e vento Leste. Espécie: Chelonia mydas, Juvenil Sim ,,,esta ameacada de extincao. Foi encontrado Morto em ambiente Arenoso com o Cod de carcaca 4 e Não apresentava oleo.</b><br>"
267;"<b>Indivíduo de numero 267 registrado pela equipe do Trecho 04 na cidade de Porto Belo (Santa Catarina), atraves de monitoramento do tipo Acionamento com a mare Vazante e vento Noroeste. Espécie: Chelonia mydas, Juvenil Sim ,,,esta ameacada de extincao. Foi encontrado Morto em ambiente Arenoso com o Cod de carcaca 4 e Não apresentava oleo.</b><br>"
268;"<b>Indivíduo de numero 268 registrado pela equipe do Trecho 03 na cidade de Florianópolis (Santa Catarina), atraves de monitoramento do tipo Regular com a mare Vazante e vento Norte. Espécie: Chelonia mydas, Juvenil Sim ,,,esta ameacada de extincao. Foi encontrado Morto em ambiente Arenoso com o Cod de carcaca 4 e Não apresentava oleo.</b><br>"
269;"<b>Indivíduo de numero 269 registrado pela equipe do Trecho 04 na cidade de Itapema (Santa Catarina), atraves de monitoramento do tipo Regular com a mare Vazante e vento Noroeste. Espécie: Chelonia mydas, Juvenil Sim ,,,esta ameacada de extincao. Foi encontrado Morto em ambiente Arenoso com o Cod de carcaca 4 e Não apresentava oleo.</b><br>"
270;"<b>Indivíduo de numero 270 registrado pela equipe do Trecho 05 na cidade de Itapoá (Santa Catarina), atraves de monitoramento do tipo Regular com a mare Enchente e vento Nordeste. Espécie: Chelonia mydas, Juvenil Sim ,,,esta ameacada de extincao. Foi encontrado Morto em ambiente Arenoso com o Cod de carcaca 4 e Não apresentava oleo.</b><br>"
271;"<b>Indivíduo de numero 271 registrado pela equipe do Trecho 04 na cidade de Barra Velha (Santa Catarina), atraves de monitoramento do tipo Regular com a mare Vazante e vento Sudoeste. Espécie: Chelonia mydas, Juvenil Sim ,,,esta ameacada de extincao. Foi encontrado Morto em ambiente Arenoso com o Cod de carcaca 4 e Não apresentava oleo.</b><br>"
272;"<b>Indivíduo de numero 272 registrado pela equipe do Trecho 04 na cidade de Bombinhas (Santa Catarina), atraves de monitoramento do tipo Regular com a mare Enchente e vento Noroeste. Espécie: Larus dominicanus, Adulto Não ,,,esta ameacada de extincao. Foi encontrado Morto em ambiente Arenoso com o Cod de carcaca 4 e Não apresentava oleo.</b><br>"
273;"<b>Indivíduo de numero 273 registrado pela equipe do Trecho 05 na cidade de Itapoá (Santa Catarina), atraves de monitoramento do tipo Acionamento com a mare Cheia e vento Leste. Espécie: Fregata magnificens, Juvenil Não ,,,esta ameacada de extincao. Foi encontrado Morto em ambiente Arenoso com o Cod de carcaca 4 e Não apresentava oleo.</b><br>"
274;"<b>Indivíduo de numero 274 registrado pela equipe do Trecho 05 na cidade de Itapoá (Santa Catarina), atraves de monitoramento do tipo Acionamento com a mare Enchente e vento Leste. Espécie: Caretta caretta, Indeterminado Sim ,,,esta ameacada de extincao. Foi encontrado Morto em ambiente Arenoso com o Cod de carcaca 4 e Não apresentava oleo.</b><br>"
275;"<b>Indivíduo de numero 275 registrado pela equipe do Trecho 06 na cidade de Matinhos (Paraná), atraves de monitoramento do tipo Acionamento com a mare Enchente e vento Leste. Espécie: Dermochelys coriacea, Indeterminado Sim ,,,esta ameacada de extincao. Foi encontrado Morto em ambiente Arenoso com o Cod de carcaca 4 e Não apresentava oleo.</b><br>"
276;"<b>Indivíduo de numero 276 registrado pela equipe do Trecho 06 na cidade de Matinhos (Paraná), atraves de monitoramento do tipo Acionamento com a mare Enchente e vento Nordeste. Espécie: Caretta caretta, Juvenil Sim ,,,esta ameacada de extincao. Foi encontrado Morto em ambiente Arenoso com o Cod de carcaca 4 e Não apresentava oleo.</b><br>"
277;"<b>Indivíduo de numero 277 registrado pela equipe do Trecho 06 na cidade de Guaratuba (Paraná), atraves de monitoramento do tipo Acionamento com a mare Enchente e vento Norte. Espécie: Chelonia mydas, Juvenil Sim ,,,esta ameacada de extincao. Foi encontrado Morto em ambiente Arenoso com o Cod de carcaca 4 e Não apresentava oleo.</b><br>"
278;"<b>Indivíduo de numero 278 registrado pela equipe do Trecho 06 na cidade de Guaratuba (Paraná), atraves de monitoramento do tipo Regular com a mare Vazante e vento Leste. Espécie: Chelonia mydas, Juvenil Sim ,,,esta ameacada de extincao. Foi encontrado Morto em ambiente Arenoso com o Cod de carcaca 4 e Não apresentava oleo.</b><br>"
279;"<b>Indivíduo de numero 279 registrado pela equipe do Trecho 03 na cidade de Florianópolis (Santa Catarina), atraves de monitoramento do tipo Regular com a mare Enchente e vento Noroeste. Espécie: Chelonia mydas, Juvenil Sim ,,,esta ameacada de extincao. Foi encontrado Morto em ambiente Arenoso com o Cod de carcaca 4 e Não apresentava oleo.</b><br>"
280;"<b>Indivíduo de numero 280 registrado pela equipe do Trecho 05 na cidade de São Francisco Do Sul (Santa Catarina), atraves de monitoramento do tipo Regular com a mare Vazante e vento Nordeste. Espécie: Caretta caretta, Indeterminado Sim ,,,esta ameacada de extincao. Foi encontrado Morto em ambiente Arenoso com o Cod de carcaca 4 e Não apresentava oleo.</b><br>"
281;"<b>Indivíduo de numero 281 registrado pela equipe do Trecho 06 na cidade de Matinhos,Pontal Do Paraná (Paraná), atraves de monitoramento do tipo Regular com a mare Vazante e vento Noroeste. Espécie: Sotalia guianensis, Adulto Sim ,,,esta ameacada de extincao. Foi encontrado Morto em ambiente Arenoso com o Cod de carcaca 4 e Não apresentava oleo.</b><br>"
282;"<b>Indivíduo de numero 282 registrado pela equipe do Trecho 06 na cidade de Matinhos,Pontal Do Paraná (Paraná), atraves de monitoramento do tipo Regular com a mare Vazante e vento Oeste. Espécie: Chelonia mydas, Juvenil Sim ,,,esta ameacada de extincao. Foi encontrado Morto em ambiente Arenoso com o Cod de carcaca 4 e Não apresentava oleo.</b><br>"
283;"<b>Indivíduo de numero 283 registrado pela equipe do Trecho 06 na cidade de Matinhos,Pontal Do Paraná (Paraná), atraves de monitoramento do tipo Regular com a mare Cheia e vento N/A. Espécie: Chelonia mydas, Juvenil Sim ,,,esta ameacada de extincao. Foi encontrado Morto em ambiente Arenoso com o Cod de carcaca 4 e Não apresentava oleo.</b><br>"
284;"<b>Indivíduo de numero 284 registrado pela equipe do Trecho 06 na cidade de Matinhos,Pontal Do Paraná (Paraná), atraves de monitoramento do tipo Regular com a mare Cheia e vento N/A. Espécie: Chelonia mydas, Juvenil Sim ,,,esta ameacada de extincao. Foi encontrado Morto em ambiente Arenoso com o Cod de carcaca 4 e Não apresentava oleo.</b><br>"
285;"<b>Indivíduo de numero 285 registrado pela equipe do Trecho 04 na cidade de Penha (Santa Catarina), atraves de monitoramento do tipo Acionamento com a mare Enchente e vento Noroeste. Espécie: Chelonia mydas, Juvenil Sim ,,,esta ameacada de extincao. Foi encontrado Morto em ambiente Arenoso com o Cod de carcaca 4 e Não apresentava oleo.</b><br>"
286;"<b>Indivíduo de numero 286 registrado pela equipe do Trecho 05 na cidade de Itapoá (Santa Catarina), atraves de monitoramento do tipo Acionamento com a mare Vazante e vento Nordeste. Espécie: Chelonia mydas, Indeterminado Sim ,,,esta ameacada de extincao. Foi encontrado Morto em ambiente Arenoso com o Cod de carcaca 4 e Não apresentava oleo.</b><br>"
287;"<b>Indivíduo de numero 287 registrado pela equipe do Trecho 04 na cidade de Navegantes (Santa Catarina), atraves de monitoramento do tipo Regular com a mare Vazante e vento Noroeste. Espécie: Chelonia mydas, Juvenil Sim ,,,esta ameacada de extincao. Foi encontrado Morto em ambiente Arenoso com o Cod de carcaca 4 e Não apresentava oleo.</b><br>"
288;"<b>Indivíduo de numero 288 registrado pela equipe do Trecho 05 na cidade de Itapoá (Santa Catarina), atraves de monitoramento do tipo Acionamento com a mare Enchente e vento Nordeste. Espécie: Caretta caretta, Indeterminado Sim ,,,esta ameacada de extincao. Foi encontrado Morto em ambiente Arenoso com o Cod de carcaca 4 e Não apresentava oleo.</b><br>"
289;"<b>Indivíduo de numero 289 registrado pela equipe do Trecho 05 na cidade de Itapoá (Santa Catarina), atraves de monitoramento do tipo Acionamento com a mare Enchente e vento Nordeste. Espécie: Caretta caretta, Indeterminado Sim ,,,esta ameacada de extincao. Foi encontrado Morto em ambiente Arenoso com o Cod de carcaca 4 e Não apresentava oleo.</b><br>"
290;"<b>Indivíduo de numero 290 registrado pela equipe do Trecho 05 na cidade de Itapoá (Santa Catarina), atraves de monitoramento do tipo Acionamento com a mare Enchente e vento Leste. Espécie: Chelonia mydas, Indeterminado Sim ,,,esta ameacada de extincao. Foi encontrado Morto em ambiente Arenoso com o Cod de carcaca 4 e Não apresentava oleo.</b><br>"
291;"<b>Indivíduo de numero 291 registrado pela equipe do Trecho 03 na cidade de Florianópolis (Santa Catarina), atraves de monitoramento do tipo Acionamento com a mare Enchente e vento Norte. Espécie: Caretta caretta, Juvenil Sim ,,,esta ameacada de extincao. Foi encontrado Morto em ambiente Arenoso com o Cod de carcaca 4 e Não apresentava oleo.</b><br>"
292;"<b>Indivíduo de numero 292 registrado pela equipe do Trecho 05 na cidade de Araquari,Balneário Barra Do Sul,Barra Velha (Santa Catarina), atraves de monitoramento do tipo Regular com a mare Enchente e vento Nordeste. Espécie: Chelonia mydas, Indeterminado Sim ,,,esta ameacada de extincao. Foi encontrado Morto em ambiente Arenoso com o Cod de carcaca 4 e Não apresentava oleo.</b><br>"
293;"<b>Indivíduo de numero 293 registrado pela equipe do Trecho 05 na cidade de Araquari,Balneário Barra Do Sul,Barra Velha (Santa Catarina), atraves de monitoramento do tipo Regular com a mare Enchente e vento Nordeste. Espécie: Chelonia mydas, Indeterminado Sim ,,,esta ameacada de extincao. Foi encontrado Morto em ambiente Arenoso com o Cod de carcaca 4 e Não apresentava oleo.</b><br>"
294;"<b>Indivíduo de numero 294 registrado pela equipe do Trecho 05 na cidade de São Francisco Do Sul (Santa Catarina), atraves de monitoramento do tipo Acionamento com a mare Enchente e vento Nordeste. Espécie: Spheniscus magellanicus, Juvenil Não ,,,esta ameacada de extincao. Foi encontrado Vivo em ambiente Arenoso com o Cod de carcaca 1 e Não apresentava oleo.</b><br>"
295;"<b>Indivíduo de numero 295 registrado pela equipe do Trecho 05 na cidade de São Francisco Do Sul (Santa Catarina), atraves de monitoramento do tipo Regular com a mare Vazante e vento Nordeste. Espécie: Chelonia mydas, Indeterminado Sim ,,,esta ameacada de extincao. Foi encontrado Morto em ambiente Arenoso com o Cod de carcaca 4 e Não apresentava oleo.</b><br>"
296;"<b>Indivíduo de numero 296 registrado pela equipe do Trecho 05 na cidade de São Francisco Do Sul (Santa Catarina), atraves de monitoramento do tipo Regular com a mare Vazante e vento Nordeste. Espécie: Larus dominicanus, Juvenil Não ,,,esta ameacada de extincao. Foi encontrado Vivo em ambiente Arenoso com o Cod de carcaca 1 e Não apresentava oleo.</b><br>"
297;"<b>Indivíduo de numero 297 registrado pela equipe do Trecho 05 na cidade de Itapoá (Santa Catarina), atraves de monitoramento do tipo Regular com a mare Vazia e vento Nordeste. Espécie: Larus dominicanus, Juvenil Não ,,,esta ameacada de extincao. Foi encontrado Morto em ambiente Arenoso com o Cod de carcaca 3 e Não apresentava oleo.</b><br>"
298;"<b>Indivíduo de numero 298 registrado pela equipe do Trecho 05 na cidade de Itapoá (Santa Catarina), atraves de monitoramento do tipo Regular com a mare Vazia e vento Nordeste. Espécie: Chelonia mydas, Indeterminado Sim ,,,esta ameacada de extincao. Foi encontrado Morto em ambiente Arenoso com o Cod de carcaca 4 e Não apresentava oleo.</b><br>"
299;"<b>Indivíduo de numero 299 registrado pela equipe do Trecho 05 na cidade de Itapoá (Santa Catarina), atraves de monitoramento do tipo Acionamento com a mare Enchente e vento Nordeste. Espécie: Dermochelys coriacea, Indeterminado Sim ,,,esta ameacada de extincao. Foi encontrado Morto em ambiente Arenoso com o Cod de carcaca 4 e Não apresentava oleo.</b><br>"
300;"<b>Indivíduo de numero 300 registrado pela equipe do Trecho 01 na cidade de Laguna (Santa Catarina), atraves de monitoramento do tipo Regular com a mare Vazante e vento Nordeste. Espécie: Himantopus melanurus, Indeterminado Não ,,,esta ameacada de extincao. Foi encontrado Morto em ambiente Arenoso com o Cod de carcaca 5 e Não apresentava oleo.</b><br>"
301;"<b>Indivíduo de numero 301 registrado pela equipe do Trecho 06 na cidade de Matinhos,Pontal Do Paraná (Paraná), atraves de monitoramento do tipo Regular com a mare Enchente e vento Leste. Espécie: Chelonia mydas, Juvenil Sim ,,,esta ameacada de extincao. Foi encontrado Morto em ambiente Arenoso com o Cod de carcaca 4 e Não apresentava oleo.</b><br>"
302;"<b>Indivíduo de numero 302 registrado pela equipe do Trecho 06 na cidade de Matinhos (Paraná), atraves de monitoramento do tipo Regular com a mare Vazante e vento Leste. Espécie: Chelonia mydas, Juvenil Sim ,,,esta ameacada de extincao. Foi encontrado Morto em ambiente Arenoso com o Cod de carcaca 4 e Não apresentava oleo.</b><br>"
303;"<b>Indivíduo de numero 303 registrado pela equipe do Trecho 06 na cidade de Matinhos,Pontal Do Paraná (Paraná), atraves de monitoramento do tipo Regular com a mare Vazante e vento Leste. Espécie: Chelonia mydas, Juvenil Sim ,,,esta ameacada de extincao. Foi encontrado Morto em ambiente Arenoso com o Cod de carcaca 4 e Não apresentava oleo.</b><br>"
304;"<b>Indivíduo de numero 304 registrado pela equipe do Trecho 04 na cidade de Barra Velha (Santa Catarina), atraves de monitoramento do tipo Regular com a mare Vazante e vento Sudeste. Espécie: Chelonia mydas, Juvenil Sim ,,,esta ameacada de extincao. Foi encontrado Morto em ambiente Arenoso com o Cod de carcaca 4 e Não apresentava oleo.</b><br>"
305;"<b>Indivíduo de numero 305 registrado pela equipe do Trecho 03 na cidade de Florianópolis (Santa Catarina), atraves de monitoramento do tipo Regular com a mare Vazante e vento Norte. Espécie: Caretta caretta, Juvenil Sim ,,,esta ameacada de extincao. Foi encontrado Morto em ambiente Arenoso com o Cod de carcaca 4 e Não apresentava oleo.</b><br>"
306;"<b>Indivíduo de numero 306 registrado pela equipe do Trecho 01 na cidade de Laguna (Santa Catarina), atraves de monitoramento do tipo Regular com a mare Vazante e vento Nordeste. Espécie: Larus dominicanus, Juvenil Não ,,,esta ameacada de extincao. Foi encontrado Morto em ambiente Arenoso com o Cod de carcaca 5 e Não apresentava oleo.</b><br>"
307;"<b>Indivíduo de numero 307 registrado pela equipe do Trecho 04 na cidade de Governador Celso Ramos (Santa Catarina), atraves de monitoramento do tipo Acionamento com a mare Enchente e vento Nordeste. Espécie: Chelonia mydas, Adulto Sim ,,,esta ameacada de extincao. Foi encontrado Morto em ambiente Rochoso com o Cod de carcaca 4 e Não apresentava oleo.</b><br>"
308;"<b>Indivíduo de numero 308 registrado pela equipe do Trecho 04 na cidade de Porto Belo (Santa Catarina), atraves de monitoramento do tipo Regular com a mare Vazante e vento Norte. Espécie: Chelonia mydas, Juvenil Sim ,,,esta ameacada de extincao. Foi encontrado Morto em ambiente Arenoso com o Cod de carcaca 4 e Não apresentava oleo.</b><br>"
309;"<b>Indivíduo de numero 309 registrado pela equipe do Trecho 06 na cidade de Matinhos,Pontal Do Paraná (Paraná), atraves de monitoramento do tipo Acionamento com a mare Vazante e vento Nordeste. Espécie: Sotalia guianensis, Adulto Sim ,,,esta ameacada de extincao. Foi encontrado Morto em ambiente Arenoso com o Cod de carcaca 4 e Não apresentava oleo.</b><br>"
310;"<b>Indivíduo de numero 310 registrado pela equipe do Trecho 06 na cidade de Matinhos,Pontal Do Paraná (Paraná), atraves de monitoramento do tipo Acionamento com a mare Cheia e vento Noroeste. Espécie: Chelonia mydas, Juvenil Sim ,,,esta ameacada de extincao. Foi encontrado Morto em ambiente Arenoso com o Cod de carcaca 4 e Não apresentava oleo.</b><br>"
311;"<b>Indivíduo de numero 311 registrado pela equipe do Trecho 05 na cidade de Itapoá (Santa Catarina), atraves de monitoramento do tipo Acionamento com a mare Enchente e vento Leste. Espécie: Fregata magnificens, Adulto Não ,,,esta ameacada de extincao. Foi encontrado Morto em ambiente Arenoso com o Cod de carcaca 4 e Não apresentava oleo.</b><br>"
312;"<b>Indivíduo de numero 312 registrado pela equipe do Trecho 05 na cidade de Araquari,Balneário Barra Do Sul,Barra Velha (Santa Catarina), atraves de monitoramento do tipo Regular com a mare Enchente e vento Nordeste. Espécie: Chelonia mydas, Indeterminado Sim ,,,esta ameacada de extincao. Foi encontrado Morto em ambiente Arenoso com o Cod de carcaca 4 e Não apresentava oleo.</b><br>"
313;"<b>Indivíduo de numero 313 registrado pela equipe do Trecho 06 na cidade de Matinhos,Pontal Do Paraná (Paraná), atraves de monitoramento do tipo Acionamento com a mare Indeterminado e vento Leste. Espécie: Lepidochelys olivacea, Juvenil Sim ,,,esta ameacada de extincao. Foi encontrado Morto em ambiente Arenoso com o Cod de carcaca 4 e Não apresentava oleo.</b><br>"
314;"<b>Indivíduo de numero 314 registrado pela equipe do Trecho 05 na cidade de São Francisco Do Sul (Santa Catarina), atraves de monitoramento do tipo Regular com a mare Vazante e vento Nordeste. Espécie: Chelonia mydas, Indeterminado Sim ,,,esta ameacada de extincao. Foi encontrado Morto em ambiente Arenoso com o Cod de carcaca 4 e Não apresentava oleo.</b><br>"
315;"<b>Indivíduo de numero 315 registrado pela equipe do Trecho 05 na cidade de São Francisco Do Sul (Santa Catarina), atraves de monitoramento do tipo Regular com a mare Vazante e vento Nordeste. Espécie: Chelonia mydas, Indeterminado Sim ,,,esta ameacada de extincao. Foi encontrado Morto em ambiente Arenoso com o Cod de carcaca 4 e Não apresentava oleo.</b><br>"
316;"<b>Indivíduo de numero 316 registrado pela equipe do Trecho 03 na cidade de Florianópolis (Santa Catarina), atraves de monitoramento do tipo Acionamento com a mare Enchente e vento Norte. Espécie: Chelonia mydas, Juvenil Sim ,,,esta ameacada de extincao. Foi encontrado Morto em ambiente Arenoso com o Cod de carcaca 4 e Não apresentava oleo.</b><br>"
317;"<b>Indivíduo de numero 317 registrado pela equipe do Trecho 06 na cidade de Guaratuba (Paraná), atraves de monitoramento do tipo Regular com a mare Vazante e vento N/A. Espécie: Chelonia mydas, Juvenil Sim ,,,esta ameacada de extincao. Foi encontrado Morto em ambiente Arenoso com o Cod de carcaca 4 e Não apresentava oleo.</b><br>"
318;"<b>Indivíduo de numero 318 registrado pela equipe do Trecho 01 na cidade de Laguna (Santa Catarina), atraves de monitoramento do tipo Regular com a mare Cheia e vento Nordeste. Espécie: Spheniscus magellanicus, Juvenil Não ,,,esta ameacada de extincao. Foi encontrado Morto em ambiente Arenoso com o Cod de carcaca 2 e Não apresentava oleo.</b><br>"
319;"<b>Indivíduo de numero 319 registrado pela equipe do Trecho 03 na cidade de Florianópolis (Santa Catarina), atraves de monitoramento do tipo Regular com a mare Vazia e vento Oeste. Espécie: Caretta caretta, Juvenil Sim ,,,esta ameacada de extincao. Foi encontrado Morto em ambiente Arenoso com o Cod de carcaca 5 e Não apresentava oleo.</b><br>"
320;"<b>Indivíduo de numero 320 registrado pela equipe do Trecho 03 na cidade de Florianópolis (Santa Catarina), atraves de monitoramento do tipo Regular com a mare Vazante e vento Norte. Espécie: Chelonia mydas, Juvenil Sim ,,,esta ameacada de extincao. Foi encontrado Morto em ambiente Arenoso com o Cod de carcaca 5 e Não apresentava oleo.</b><br>"
321;"<b>Indivíduo de numero 321 registrado pela equipe do Trecho 04 na cidade de Navegantes (Santa Catarina), atraves de monitoramento do tipo Acionamento com a mare Enchente e vento Nordeste. Espécie: Chelonia mydas, Juvenil Sim ,,,esta ameacada de extincao. Foi encontrado Morto em ambiente Arenoso com o Cod de carcaca 4 e Não apresentava oleo.</b><br>"
322;"<b>Indivíduo de numero 322 registrado pela equipe do Trecho 06 na cidade de Paranaguá (Paraná), atraves de monitoramento do tipo Regular com a mare Vazante e vento N/A. Espécie: Puffinus puffinus, Indeterminado Não ,,,esta ameacada de extincao. Foi encontrado Morto em ambiente Arenoso com o Cod de carcaca 5 e Não apresentava oleo.</b><br>"
324;"<b>Indivíduo de numero 324 registrado pela equipe do Trecho 04 na cidade de Balneário Camboriú (Santa Catarina), atraves de monitoramento do tipo Acionamento com a mare Enchente e vento Sudeste. Espécie: Chelonia mydas, Juvenil Sim ,,,esta ameacada de extincao. Foi encontrado Morto em ambiente Outros com o Cod de carcaca 4 e Não apresentava oleo.</b><br>"
325;"<b>Indivíduo de numero 325 registrado pela equipe do Trecho 05 na cidade de Itapoá (Santa Catarina), atraves de monitoramento do tipo Acionamento com a mare Vazante e vento Nordeste. Espécie: Dermochelys coriacea, Indeterminado Sim ,,,esta ameacada de extincao. Foi encontrado Morto em ambiente Arenoso com o Cod de carcaca 4 e Não apresentava oleo.</b><br>"
326;"<b>Indivíduo de numero 326 registrado pela equipe do Trecho 05 na cidade de Itapoá (Santa Catarina), atraves de monitoramento do tipo Regular com a mare Vazante e vento Nordeste. Espécie: Thalassarche chlororhynchos, Indeterminado Sim ,,,esta ameacada de extincao. Foi encontrado Morto em ambiente Arenoso com o Cod de carcaca 4 e Não apresentava oleo.</b><br>"
327;"<b>Indivíduo de numero 327 registrado pela equipe do Trecho 01 na cidade de Laguna (Santa Catarina), atraves de monitoramento do tipo Regular com a mare Enchente e vento Nordeste. Espécie: Pluvialis squatarola, Adulto Não ,,,esta ameacada de extincao. Foi encontrado Morto em ambiente Arenoso com o Cod de carcaca 4 e Não apresentava oleo.</b><br>"
328;"<b>Indivíduo de numero 328 registrado pela equipe do Trecho 02 na cidade de Palhoça (Santa Catarina), atraves de monitoramento do tipo Regular com a mare Vazante e vento Nordeste. Espécie: Chelonia mydas, Juvenil Sim ,,,esta ameacada de extincao. Foi encontrado Morto em ambiente Arenoso com o Cod de carcaca 4 e Não apresentava oleo.</b><br>"
329;"<b>Indivíduo de numero 329 registrado pela equipe do Trecho 04 na cidade de Balneário Piçarras (Santa Catarina), atraves de monitoramento do tipo Regular com a mare Vazante e vento Nordeste. Espécie: Pontoporia blainvillei, Indeterminado Sim ,,,esta ameacada de extincao. Foi encontrado Morto em ambiente Arenoso com o Cod de carcaca 4 e Não apresentava oleo.</b><br>"
330;"<b>Indivíduo de numero 330 registrado pela equipe do Trecho 04 na cidade de Porto Belo (Santa Catarina), atraves de monitoramento do tipo Regular com a mare Vazante e vento Norte. Espécie: Chelonia mydas, Juvenil Sim ,,,esta ameacada de extincao. Foi encontrado Morto em ambiente Arenoso com o Cod de carcaca 4 e Não apresentava oleo.</b><br>"
331;"<b>Indivíduo de numero 331 registrado pela equipe do Trecho 02 na cidade de Florianópolis (Santa Catarina), atraves de monitoramento do tipo Acionamento com a mare Enchente e vento Nordeste. Espécie: Chelonia mydas, Juvenil Sim ,,,esta ameacada de extincao. Foi encontrado Morto em ambiente Arenoso com o Cod de carcaca 4 e Não apresentava oleo.</b><br>"
332;"<b>Indivíduo de numero 332 registrado pela equipe do Trecho 06 na cidade de Matinhos,Pontal Do Paraná (Paraná), atraves de monitoramento do tipo Acionamento com a mare Enchente e vento Nordeste. Espécie: Chelonia mydas, Juvenil Sim ,,,esta ameacada de extincao. Foi encontrado Morto em ambiente Arenoso com o Cod de carcaca 4 e Não apresentava oleo.</b><br>"
333;"<b>Indivíduo de numero 333 registrado pela equipe do Trecho 06 na cidade de Matinhos,Pontal Do Paraná (Paraná), atraves de monitoramento do tipo Regular com a mare Vazante e vento Nordeste. Espécie: Chelonia mydas, Juvenil Sim ,,,esta ameacada de extincao. Foi encontrado Morto em ambiente Arenoso com o Cod de carcaca 4 e Não apresentava oleo.</b><br>"
334;"<b>Indivíduo de numero 334 registrado pela equipe do Trecho 06 na cidade de Matinhos,Pontal Do Paraná (Paraná), atraves de monitoramento do tipo Regular com a mare Vazante e vento Norte. Espécie: Chelonia mydas, Juvenil Sim ,,,esta ameacada de extincao. Foi encontrado Morto em ambiente Arenoso com o Cod de carcaca 4 e Não apresentava oleo.</b><br>"
335;"<b>Indivíduo de numero 335 registrado pela equipe do Trecho 06 na cidade de Matinhos,Pontal Do Paraná (Paraná), atraves de monitoramento do tipo Regular com a mare Vazante e vento Norte. Espécie: Caretta caretta, Juvenil Sim ,,,esta ameacada de extincao. Foi encontrado Morto em ambiente Arenoso com o Cod de carcaca 4 e Não apresentava oleo.</b><br>"
336;"<b>Indivíduo de numero 336 registrado pela equipe do Trecho 06 na cidade de Guaratuba (Paraná), atraves de monitoramento do tipo Regular com a mare Vazante e vento Norte. Espécie: Caretta caretta, Juvenil Sim ,,,esta ameacada de extincao. Foi encontrado Morto em ambiente Arenoso com o Cod de carcaca 4 e Não apresentava oleo.</b><br>"
337;"<b>Indivíduo de numero 337 registrado pela equipe do Trecho 06 na cidade de Guaratuba (Paraná), atraves de monitoramento do tipo Regular com a mare Vazante e vento Norte. Espécie: Puffinus puffinus, Indeterminado Não ,,,esta ameacada de extincao. Foi encontrado Morto em ambiente Arenoso com o Cod de carcaca 4 e Não apresentava oleo.</b><br>"
338;"<b>Indivíduo de numero 338 registrado pela equipe do Trecho 06 na cidade de Guaratuba (Paraná), atraves de monitoramento do tipo Regular com a mare Vazante e vento Norte. Espécie: Chelonia mydas, Juvenil Sim ,,,esta ameacada de extincao. Foi encontrado Morto em ambiente Arenoso com o Cod de carcaca 4 e Não apresentava oleo.</b><br>"
339;"<b>Indivíduo de numero 339 registrado pela equipe do Trecho 06 na cidade de Guaratuba (Paraná), atraves de monitoramento do tipo Regular com a mare Vazante e vento Norte. Espécie: Chelonia mydas, Juvenil Sim ,,,esta ameacada de extincao. Foi encontrado Morto em ambiente Arenoso com o Cod de carcaca 4 e Não apresentava oleo.</b><br>"
340;"<b>Indivíduo de numero 340 registrado pela equipe do Trecho 06 na cidade de Guaratuba (Paraná), atraves de monitoramento do tipo Regular com a mare Vazante e vento Norte. Espécie: Caretta caretta, Juvenil Sim ,,,esta ameacada de extincao. Foi encontrado Morto em ambiente Arenoso com o Cod de carcaca 4 e Não apresentava oleo.</b><br>"
341;"<b>Indivíduo de numero 341 registrado pela equipe do Trecho 03 na cidade de Florianópolis (Santa Catarina), atraves de monitoramento do tipo Acionamento com a mare Enchente e vento Norte. Espécie: Spheniscus magellanicus, Juvenil Não ,,,esta ameacada de extincao. Foi encontrado Morto em ambiente Arenoso com o Cod de carcaca 5 e Não apresentava oleo.</b><br>"
342;"<b>Indivíduo de numero 342 registrado pela equipe do Trecho 01 na cidade de Laguna (Santa Catarina), atraves de monitoramento do tipo Regular com a mare Vazante e vento Nordeste. Espécie: Spheniscus magellanicus, Juvenil Não ,,,esta ameacada de extincao. Foi encontrado Morto em ambiente Arenoso com o Cod de carcaca 2 e Não apresentava oleo.</b><br>"
343;"<b>Indivíduo de numero 343 registrado pela equipe do Trecho 05 na cidade de São Francisco Do Sul (Santa Catarina), atraves de monitoramento do tipo Regular com a mare Enchente e vento N/A. Espécie: Chelonia mydas, Indeterminado Sim ,,,esta ameacada de extincao. Foi encontrado Morto em ambiente Arenoso com o Cod de carcaca 4 e Não apresentava oleo.</b><br>"
344;"<b>Indivíduo de numero 344 registrado pela equipe do Trecho 05 na cidade de São Francisco Do Sul (Santa Catarina), atraves de monitoramento do tipo Regular com a mare Vazante e vento Nordeste. Espécie: Caretta caretta, Adulto Sim ,,,esta ameacada de extincao. Foi encontrado Morto em ambiente Arenoso com o Cod de carcaca 4 e Não apresentava oleo.</b><br>"
345;"<b>Indivíduo de numero 345 registrado pela equipe do Trecho 04 na cidade de Penha (Santa Catarina), atraves de monitoramento do tipo Acionamento com a mare Enchente e vento Oeste. Espécie: Chelonia mydas, Juvenil Sim ,,,esta ameacada de extincao. Foi encontrado Morto em ambiente Rochoso com o Cod de carcaca 4 e Não apresentava oleo.</b><br>"
346;"<b>Indivíduo de numero 346 registrado pela equipe do Trecho 02 na cidade de Garopaba (Santa Catarina), atraves de monitoramento do tipo Regular com a mare Vazante e vento Norte. Espécie: Chelonia mydas, Juvenil Sim ,,,esta ameacada de extincao. Foi encontrado Morto em ambiente Arenoso com o Cod de carcaca 5 e Não apresentava oleo.</b><br>"
347;"<b>Indivíduo de numero 347 registrado pela equipe do Trecho 01 na cidade de Imbituba (Santa Catarina), atraves de monitoramento do tipo Regular com a mare Vazante e vento Nordeste. Espécie: Chelonia mydas, Juvenil Sim ,,,esta ameacada de extincao. Foi encontrado Morto em ambiente Arenoso com o Cod de carcaca 4 e Não apresentava oleo.</b><br>"
348;"<b>Indivíduo de numero 348 registrado pela equipe do Trecho 02 na cidade de Garopaba (Santa Catarina), atraves de monitoramento do tipo Regular com a mare Vazante e vento Nordeste. Espécie: Chelonia mydas, Juvenil Sim ,,,esta ameacada de extincao. Foi encontrado Morto em ambiente Arenoso com o Cod de carcaca 5 e Não apresentava oleo.</b><br>"
349;"<b>Indivíduo de numero 349 registrado pela equipe do Trecho 02 na cidade de Garopaba (Santa Catarina), atraves de monitoramento do tipo Regular com a mare Vazante e vento Nordeste. Espécie: Chelonia mydas, Juvenil Sim ,,,esta ameacada de extincao. Foi encontrado Morto em ambiente Arenoso com o Cod de carcaca 4 e Não apresentava oleo.</b><br>"
350;"<b>Indivíduo de numero 350 registrado pela equipe do Trecho 02 na cidade de Garopaba (Santa Catarina), atraves de monitoramento do tipo Regular com a mare Vazante e vento Nordeste. Espécie: Chelonia mydas, Juvenil Sim ,,,esta ameacada de extincao. Foi encontrado Morto em ambiente Arenoso com o Cod de carcaca 4 e Não apresentava oleo.</b><br>"
351;"<b>Indivíduo de numero 351 registrado pela equipe do Trecho 04 na cidade de Balneário Piçarras (Santa Catarina), atraves de monitoramento do tipo Regular com a mare Enchente e vento Noroeste. Espécie: Chelonia mydas, Juvenil Sim ,,,esta ameacada de extincao. Foi encontrado Morto em ambiente Arenoso com o Cod de carcaca 4 e Não apresentava oleo.</b><br>"
352;"<b>Indivíduo de numero 352 registrado pela equipe do Trecho 04 na cidade de Barra Velha (Santa Catarina), atraves de monitoramento do tipo Acionamento com a mare Enchente e vento Noroeste. Espécie: Pontoporia blainvillei, Adulto Sim ,,,esta ameacada de extincao. Foi encontrado Morto em ambiente Arenoso com o Cod de carcaca 4 e Não apresentava oleo.</b><br>"
353;"<b>Indivíduo de numero 353 registrado pela equipe do Trecho 04 na cidade de Porto Belo (Santa Catarina), atraves de monitoramento do tipo Regular com a mare Vazante e vento Leste. Espécie: Pontoporia blainvillei, Adulto Sim ,,,esta ameacada de extincao. Foi encontrado Morto em ambiente Arenoso com o Cod de carcaca 4 e Não apresentava oleo.</b><br>"
354;"<b>Indivíduo de numero 354 registrado pela equipe do Trecho 05 na cidade de Itapoá (Santa Catarina), atraves de monitoramento do tipo Regular com a mare Vazante e vento Nordeste. Espécie: Chelonia mydas, Indeterminado Sim ,,,esta ameacada de extincao. Foi encontrado Morto em ambiente Arenoso com o Cod de carcaca 4 e Não apresentava oleo.</b><br>"
355;"<b>Indivíduo de numero 355 registrado pela equipe do Trecho 05 na cidade de Itapoá (Santa Catarina), atraves de monitoramento do tipo Acionamento com a mare Indeterminado e vento N/A. Espécie: Puffinus puffinus, Juvenil Não ,,,esta ameacada de extincao. Foi encontrado Vivo em ambiente Arenoso com o Cod de carcaca 1 e Não apresentava oleo.</b><br>"
356;"<b>Indivíduo de numero 356 registrado pela equipe do Trecho 05 na cidade de Itapoá (Santa Catarina), atraves de monitoramento do tipo Acionamento com a mare Enchente e vento Nordeste. Espécie: Chelonia mydas, Indeterminado Sim ,,,esta ameacada de extincao. Foi encontrado Morto em ambiente Arenoso com o Cod de carcaca 4 e Não apresentava oleo.</b><br>"
357;"<b>Indivíduo de numero 357 registrado pela equipe do Trecho 01 na cidade de Imbituba (Santa Catarina), atraves de monitoramento do tipo Regular com a mare Vazante e vento Nordeste. Espécie: Chelonia mydas, Juvenil Sim ,,,esta ameacada de extincao. Foi encontrado Morto em ambiente Arenoso com o Cod de carcaca 4 e Não apresentava oleo.</b><br>"
358;"<b>Indivíduo de numero 358 registrado pela equipe do Trecho 01 na cidade de Imbituba (Santa Catarina), atraves de monitoramento do tipo Regular com a mare Vazante e vento Nordeste. Espécie: Chelonia mydas, Juvenil Sim ,,,esta ameacada de extincao. Foi encontrado Morto em ambiente Arenoso com o Cod de carcaca 4 e Não apresentava oleo.</b><br>"
359;"<b>Indivíduo de numero 359 registrado pela equipe do Trecho 06 na cidade de Guaratuba (Paraná), atraves de monitoramento do tipo Regular com a mare Vazia e vento Leste. Espécie: Chelonia mydas, Juvenil Sim ,,,esta ameacada de extincao. Foi encontrado Morto em ambiente Arenoso com o Cod de carcaca 4 e Não apresentava oleo.</b><br>"
360;"<b>Indivíduo de numero 360 registrado pela equipe do Trecho 01 na cidade de Laguna (Santa Catarina), atraves de monitoramento do tipo Regular com a mare Enchente e vento Nordeste. Espécie: Procellaria aequinoctialis, Indeterminado Não ,,,esta ameacada de extincao. Foi encontrado Morto em ambiente Arenoso com o Cod de carcaca 5 e Não apresentava oleo.</b><br>"
361;"<b>Indivíduo de numero 361 registrado pela equipe do Trecho 05 na cidade de São Francisco Do Sul (Santa Catarina), atraves de monitoramento do tipo Regular com a mare Enchente e vento Nordeste. Espécie: Chelonia mydas, Juvenil Sim ,,,esta ameacada de extincao. Foi encontrado Vivo em ambiente Arenoso com o Cod de carcaca 1 e Não apresentava oleo.</b><br>"
362;"<b>Indivíduo de numero 362 registrado pela equipe do Trecho 06 na cidade de Matinhos,Pontal Do Paraná (Paraná), atraves de monitoramento do tipo Regular com a mare Vazante e vento Leste. Espécie: Chelonia mydas, Juvenil Sim ,,,esta ameacada de extincao. Foi encontrado Morto em ambiente Arenoso com o Cod de carcaca 2 e Não apresentava oleo.</b><br>"
363;"<b>Indivíduo de numero 363 registrado pela equipe do Trecho 04 na cidade de Penha (Santa Catarina), atraves de monitoramento do tipo Acionamento com a mare Enchente e vento Sudeste. Espécie: Caretta caretta, Adulto Sim ,,,esta ameacada de extincao. Foi encontrado Morto em ambiente Arenoso com o Cod de carcaca 4 e Não apresentava oleo.</b><br>"
364;"<b>Indivíduo de numero 364 registrado pela equipe do Trecho 02 na cidade de Garopaba (Santa Catarina), atraves de monitoramento do tipo Regular com a mare Vazante e vento Nordeste. Espécie: Spheniscus magellanicus, Juvenil Não ,,,esta ameacada de extincao. Foi encontrado Morto em ambiente Arenoso com o Cod de carcaca 4 e Não apresentava oleo.</b><br>"
365;"<b>Indivíduo de numero 365 registrado pela equipe do Trecho 03 na cidade de Florianópolis (Santa Catarina), atraves de monitoramento do tipo Regular com a mare Enchente e vento Nordeste. Espécie: Chelonia mydas, Juvenil Sim ,,,esta ameacada de extincao. Foi encontrado Morto em ambiente Arenoso com o Cod de carcaca 5 e Não apresentava oleo.</b><br>"
366;"<b>Indivíduo de numero 366 registrado pela equipe do Trecho 03 na cidade de Florianópolis (Santa Catarina), atraves de monitoramento do tipo Regular com a mare Enchente e vento Nordeste. Espécie: Spheniscus magellanicus, Juvenil Não ,,,esta ameacada de extincao. Foi encontrado Morto em ambiente Arenoso com o Cod de carcaca 4 e Não apresentava oleo.</b><br>"
367;"<b>Indivíduo de numero 367 registrado pela equipe do Trecho 03 na cidade de Florianópolis (Santa Catarina), atraves de monitoramento do tipo Regular com a mare Vazante e vento Norte. Espécie: Chelonia mydas, Juvenil Sim ,,,esta ameacada de extincao. Foi encontrado Morto em ambiente Arenoso com o Cod de carcaca 4 e Não apresentava oleo.</b><br>"
368;"<b>Indivíduo de numero 368 registrado pela equipe do Trecho 02 na cidade de Paulo Lopes (Santa Catarina), atraves de monitoramento do tipo Regular com a mare Vazante e vento Nordeste. Espécie: Larus dominicanus, Juvenil Não ,,,esta ameacada de extincao. Foi encontrado Morto em ambiente Arenoso com o Cod de carcaca 4 e Não apresentava oleo.</b><br>"
369;"<b>Indivíduo de numero 369 registrado pela equipe do Trecho 04 na cidade de Penha (Santa Catarina), atraves de monitoramento do tipo Regular com a mare Vazante e vento Nordeste. Espécie: Chelonia mydas, Juvenil Sim ,,,esta ameacada de extincao. Foi encontrado Morto em ambiente Arenoso com o Cod de carcaca 5 e Não apresentava oleo.</b><br>"
370;"<b>Indivíduo de numero 370 registrado pela equipe do Trecho 04 na cidade de Balneário Piçarras (Santa Catarina), atraves de monitoramento do tipo Regular com a mare Vazante e vento Noroeste. Espécie: Chelonia mydas, Juvenil Sim ,,,esta ameacada de extincao. Foi encontrado Morto em ambiente Arenoso com o Cod de carcaca 4 e Não apresentava oleo.</b><br>"
371;"<b>Indivíduo de numero 371 registrado pela equipe do Trecho 05 na cidade de Itapoá (Santa Catarina), atraves de monitoramento do tipo Regular com a mare Vazante e vento Sul. Espécie: Pontoporia blainvillei, Indeterminado Sim ,,,esta ameacada de extincao. Foi encontrado Morto em ambiente Arenoso com o Cod de carcaca 4 e Não apresentava oleo.</b><br>"
372;"<b>Indivíduo de numero 372 registrado pela equipe do Trecho 04 na cidade de Navegantes (Santa Catarina), atraves de monitoramento do tipo Regular com a mare Enchente e vento Nordeste. Espécie: Caretta caretta, Adulto Sim ,,,esta ameacada de extincao. Foi encontrado Morto em ambiente Arenoso com o Cod de carcaca 4 e Não apresentava oleo.</b><br>"
373;"<b>Indivíduo de numero 373 registrado pela equipe do Trecho 04 na cidade de Balneário Camboriú (Santa Catarina), atraves de monitoramento do tipo Regular com a mare Enchente e vento Noroeste. Espécie: Chelonia mydas, Juvenil Sim ,,,esta ameacada de extincao. Foi encontrado Morto em ambiente Arenoso com o Cod de carcaca 4 e Não apresentava oleo.</b><br>"
374;"<b>Indivíduo de numero 374 registrado pela equipe do Trecho 02 na cidade de Imbituba (Santa Catarina), atraves de monitoramento do tipo Acionamento com a mare Vazante e vento Nordeste. Espécie: Caretta caretta, Juvenil Sim ,,,esta ameacada de extincao. Foi encontrado Morto em ambiente Arenoso com o Cod de carcaca 4 e Não apresentava oleo.</b><br>"
375;"<b>Indivíduo de numero 375 registrado pela equipe do Trecho 02 na cidade de Garopaba (Santa Catarina), atraves de monitoramento do tipo Acionamento com a mare Vazante e vento Nordeste. Espécie: Chelonia mydas, Juvenil Sim ,,,esta ameacada de extincao. Foi encontrado Morto em ambiente Arenoso com o Cod de carcaca 4 e Não apresentava oleo.</b><br>"
376;"<b>Indivíduo de numero 376 registrado pela equipe do Trecho 06 na cidade de Matinhos (Paraná), atraves de monitoramento do tipo Acionamento com a mare Enchente e vento N/A. Espécie: Chelonia mydas, Juvenil Sim ,,,esta ameacada de extincao. Foi encontrado Morto em ambiente Arenoso com o Cod de carcaca 3 e Não apresentava oleo.</b><br>"
377;"<b>Indivíduo de numero 377 registrado pela equipe do Trecho 03 na cidade de Florianópolis (Santa Catarina), atraves de monitoramento do tipo Regular com a mare Vazante e vento Noroeste. Espécie: Procellaria aequinoctialis, Adulto Não ,,,esta ameacada de extincao. Foi encontrado Morto em ambiente Arenoso com o Cod de carcaca 4 e Não apresentava oleo.</b><br>"
378;"<b>Indivíduo de numero 378 registrado pela equipe do Trecho 03 na cidade de Florianópolis (Santa Catarina), atraves de monitoramento do tipo Regular com a mare Vazante e vento Noroeste. Espécie: Ardenna gravis, Indeterminado Não ,,,esta ameacada de extincao. Foi encontrado Morto em ambiente Arenoso com o Cod de carcaca 4 e Não apresentava oleo.</b><br>"
379;"<b>Indivíduo de numero 379 registrado pela equipe do Trecho 03 na cidade de Florianópolis (Santa Catarina), atraves de monitoramento do tipo Regular com a mare Vazante e vento Noroeste. Espécie: Chelonia mydas, Indeterminado Sim ,,,esta ameacada de extincao. Foi encontrado Morto em ambiente Arenoso com o Cod de carcaca 5 e Não apresentava oleo.</b><br>"
380;"<b>Indivíduo de numero 380 registrado pela equipe do Trecho 03 na cidade de Florianópolis (Santa Catarina), atraves de monitoramento do tipo Regular com a mare Vazante e vento Noroeste. Espécie: Puffinus puffinus, Indeterminado Não ,,,esta ameacada de extincao. Foi encontrado Morto em ambiente Arenoso com o Cod de carcaca 4 e Não apresentava oleo.</b><br>"
381;"<b>Indivíduo de numero 381 registrado pela equipe do Trecho 01 na cidade de Imbituba (Santa Catarina), atraves de monitoramento do tipo Regular com a mare Enchente e vento Nordeste. Espécie: Larus dominicanus, Adulto Não ,,,esta ameacada de extincao. Foi encontrado Vivo em ambiente Arenoso com o Cod de carcaca 1 e Não apresentava oleo.</b><br>"
382;"<b>Indivíduo de numero 382 registrado pela equipe do Trecho 01 na cidade de Imbituba (Santa Catarina), atraves de monitoramento do tipo Regular com a mare Enchente e vento Nordeste. Espécie: Nannopterum brasilianum, Adulto Não ,,,esta ameacada de extincao. Foi encontrado Morto em ambiente Arenoso com o Cod de carcaca 4 e Não apresentava oleo.</b><br>"
383;"<b>Indivíduo de numero 383 registrado pela equipe do Trecho 01 na cidade de Imbituba (Santa Catarina), atraves de monitoramento do tipo Regular com a mare Enchente e vento Nordeste. Espécie: Chelonia mydas, Juvenil Sim ,,,esta ameacada de extincao. Foi encontrado Morto em ambiente Arenoso com o Cod de carcaca 4 e Não apresentava oleo.</b><br>"
384;"<b>Indivíduo de numero 384 registrado pela equipe do Trecho 01 na cidade de Imbituba (Santa Catarina), atraves de monitoramento do tipo Regular com a mare Enchente e vento Nordeste. Espécie: Chelonia mydas, Adulto Sim ,,,esta ameacada de extincao. Foi encontrado Morto em ambiente Arenoso com o Cod de carcaca 4 e Não apresentava oleo.</b><br>"
385;"<b>Indivíduo de numero 385 registrado pela equipe do Trecho 01 na cidade de Imbituba (Santa Catarina), atraves de monitoramento do tipo Regular com a mare Enchente e vento Nordeste. Espécie: Caretta caretta, Adulto Sim ,,,esta ameacada de extincao. Foi encontrado Morto em ambiente Arenoso com o Cod de carcaca 4 e Não apresentava oleo.</b><br>"
386;"<b>Indivíduo de numero 386 registrado pela equipe do Trecho 03 na cidade de Florianópolis (Santa Catarina), atraves de monitoramento do tipo Regular com a mare Enchente e vento Noroeste. Espécie: Spheniscus magellanicus, Juvenil Não ,,,esta ameacada de extincao. Foi encontrado Morto em ambiente Arenoso com o Cod de carcaca 4 e Não apresentava oleo.</b><br>"
387;"<b>Indivíduo de numero 387 registrado pela equipe do Trecho 03 na cidade de Florianópolis (Santa Catarina), atraves de monitoramento do tipo Regular com a mare Enchente e vento Nordeste. Espécie: Spheniscus magellanicus, Juvenil Não ,,,esta ameacada de extincao. Foi encontrado Morto em ambiente Arenoso com o Cod de carcaca 4 e Não apresentava oleo.</b><br>"
388;"<b>Indivíduo de numero 388 registrado pela equipe do Trecho 06 na cidade de Guaraqueçaba (Paraná), atraves de monitoramento do tipo Regular com a mare Vazante e vento Oeste. Espécie: Sotalia guianensis, Adulto Sim ,,,esta ameacada de extincao. Foi encontrado Morto em ambiente Arenoso com o Cod de carcaca 4 e Não apresentava oleo.</b><br>"
389;"<b>Indivíduo de numero 389 registrado pela equipe do Trecho 06 na cidade de Paranaguá (Paraná), atraves de monitoramento do tipo Regular com a mare Vazia e vento N/A. Espécie: Caretta caretta, Juvenil Sim ,,,esta ameacada de extincao. Foi encontrado Morto em ambiente Arenoso com o Cod de carcaca 4 e Não apresentava oleo.</b><br>"
390;"<b>Indivíduo de numero 390 registrado pela equipe do Trecho 01 na cidade de Laguna (Santa Catarina), atraves de monitoramento do tipo Regular com a mare Vazante e vento Nordeste. Espécie: Larus dominicanus, Adulto Não ,,,esta ameacada de extincao. Foi encontrado Morto em ambiente Arenoso com o Cod de carcaca 4 e Não apresentava oleo.</b><br>"
391;"<b>Indivíduo de numero 391 registrado pela equipe do Trecho 05 na cidade de Itapoá (Santa Catarina), atraves de monitoramento do tipo Regular com a mare Vazante e vento Oeste. Espécie: Chelonia mydas, Indeterminado Sim ,,,esta ameacada de extincao. Foi encontrado Morto em ambiente Arenoso com o Cod de carcaca 4 e Não apresentava oleo.</b><br>"
392;"<b>Indivíduo de numero 392 registrado pela equipe do Trecho 05 na cidade de Itapoá (Santa Catarina), atraves de monitoramento do tipo Regular com a mare Vazante e vento Oeste. Espécie: Chelonia mydas, Indeterminado Sim ,,,esta ameacada de extincao. Foi encontrado Morto em ambiente Arenoso com o Cod de carcaca 4 e Não apresentava oleo.</b><br>"
393;"<b>Indivíduo de numero 393 registrado pela equipe do Trecho 05 na cidade de Itapoá (Santa Catarina), atraves de monitoramento do tipo Regular com a mare Vazante e vento Oeste. Espécie: Chelonia mydas, Indeterminado Sim ,,,esta ameacada de extincao. Foi encontrado Morto em ambiente Arenoso com o Cod de carcaca 4 e Não apresentava oleo.</b><br>"
394;"<b>Indivíduo de numero 394 registrado pela equipe do Trecho 04 na cidade de Navegantes (Santa Catarina), atraves de monitoramento do tipo Regular com a mare Enchente e vento Noroeste. Espécie: Pontoporia blainvillei, Indeterminado Sim ,,,esta ameacada de extincao. Foi encontrado Morto em ambiente Arenoso com o Cod de carcaca 4 e Não apresentava oleo.</b><br>"
395;"<b>Indivíduo de numero 395 registrado pela equipe do Trecho 01 na cidade de Laguna (Santa Catarina), atraves de monitoramento do tipo Regular com a mare Enchente e vento Nordeste. Espécie: Procellaria aequinoctialis, Indeterminado Não ,,,esta ameacada de extincao. Foi encontrado Morto em ambiente Arenoso com o Cod de carcaca 4 e Não apresentava oleo.</b><br>"
396;"<b>Indivíduo de numero 396 registrado pela equipe do Trecho 01 na cidade de Laguna (Santa Catarina), atraves de monitoramento do tipo Regular com a mare Enchente e vento Nordeste. Espécie: Procellaria aequinoctialis, Indeterminado Não ,,,esta ameacada de extincao. Foi encontrado Morto em ambiente Arenoso com o Cod de carcaca 4 e Não apresentava oleo.</b><br>"
397;"<b>Indivíduo de numero 397 registrado pela equipe do Trecho 01 na cidade de Laguna (Santa Catarina), atraves de monitoramento do tipo Regular com a mare Enchente e vento Nordeste. Espécie: Procellaria aequinoctialis, Indeterminado Não ,,,esta ameacada de extincao. Foi encontrado Morto em ambiente Arenoso com o Cod de carcaca 4 e Não apresentava oleo.</b><br>"
398;"<b>Indivíduo de numero 398 registrado pela equipe do Trecho 01 na cidade de Laguna (Santa Catarina), atraves de monitoramento do tipo Regular com a mare Enchente e vento Nordeste. Espécie: Caretta caretta, Indeterminado Sim ,,,esta ameacada de extincao. Foi encontrado Morto em ambiente Arenoso com o Cod de carcaca 5 e Não apresentava oleo.</b><br>"
399;"<b>Indivíduo de numero 399 registrado pela equipe do Trecho 01 na cidade de Laguna (Santa Catarina), atraves de monitoramento do tipo Regular com a mare Enchente e vento Nordeste. Espécie: Procellaria aequinoctialis, Indeterminado Não ,,,esta ameacada de extincao. Foi encontrado Morto em ambiente Arenoso com o Cod de carcaca 4 e Não apresentava oleo.</b><br>"
400;"<b>Indivíduo de numero 400 registrado pela equipe do Trecho 01 na cidade de Laguna (Santa Catarina), atraves de monitoramento do tipo Regular com a mare Enchente e vento Nordeste. Espécie: Thalassarche chlororhynchos, Adulto Sim ,,,esta ameacada de extincao. Foi encontrado Morto em ambiente Arenoso com o Cod de carcaca 4 e Não apresentava oleo.</b><br>"
401;"<b>Indivíduo de numero 401 registrado pela equipe do Trecho 01 na cidade de Laguna (Santa Catarina), atraves de monitoramento do tipo Regular com a mare Enchente e vento Nordeste. Espécie: Procellaria aequinoctialis, Adulto Não ,,,esta ameacada de extincao. Foi encontrado Morto em ambiente Arenoso com o Cod de carcaca 4 e Não apresentava oleo.</b><br>"
402;"<b>Indivíduo de numero 402 registrado pela equipe do Trecho 01 na cidade de Laguna (Santa Catarina), atraves de monitoramento do tipo Regular com a mare Enchente e vento Nordeste. Espécie: Procellaria aequinoctialis, Indeterminado Não ,,,esta ameacada de extincao. Foi encontrado Morto em ambiente Arenoso com o Cod de carcaca 4 e Não apresentava oleo.</b><br>"
403;"<b>Indivíduo de numero 403 registrado pela equipe do Trecho 01 na cidade de Laguna (Santa Catarina), atraves de monitoramento do tipo Regular com a mare Enchente e vento Nordeste. Espécie: Procellaria aequinoctialis, Indeterminado Não ,,,esta ameacada de extincao. Foi encontrado Morto em ambiente Arenoso com o Cod de carcaca 4 e Não apresentava oleo.</b><br>"
404;"<b>Indivíduo de numero 404 registrado pela equipe do Trecho 01 na cidade de Laguna (Santa Catarina), atraves de monitoramento do tipo Regular com a mare Enchente e vento Nordeste. Espécie: Procellaria aequinoctialis, Indeterminado Não ,,,esta ameacada de extincao. Foi encontrado Morto em ambiente Arenoso com o Cod de carcaca 4 e Não apresentava oleo.</b><br>"
405;"<b>Indivíduo de numero 405 registrado pela equipe do Trecho 01 na cidade de Laguna (Santa Catarina), atraves de monitoramento do tipo Regular com a mare Enchente e vento Nordeste. Espécie: Procellaria aequinoctialis, Indeterminado Não ,,,esta ameacada de extincao. Foi encontrado Morto em ambiente Arenoso com o Cod de carcaca 4 e Não apresentava oleo.</b><br>"
406;"<b>Indivíduo de numero 406 registrado pela equipe do Trecho 01 na cidade de Laguna (Santa Catarina), atraves de monitoramento do tipo Regular com a mare Enchente e vento Nordeste. Espécie: Thalassarche chlororhynchos, Adulto Sim ,,,esta ameacada de extincao. Foi encontrado Morto em ambiente Arenoso com o Cod de carcaca 4 e Não apresentava oleo.</b><br>"
407;"<b>Indivíduo de numero 407 registrado pela equipe do Trecho 01 na cidade de Laguna (Santa Catarina), atraves de monitoramento do tipo Regular com a mare Enchente e vento Nordeste. Espécie: Thalassarche chlororhynchos, Adulto Sim ,,,esta ameacada de extincao. Foi encontrado Morto em ambiente Arenoso com o Cod de carcaca 4 e Não apresentava oleo.</b><br>"
408;"<b>Indivíduo de numero 408 registrado pela equipe do Trecho 01 na cidade de Laguna (Santa Catarina), atraves de monitoramento do tipo Regular com a mare Enchente e vento Nordeste. Espécie: Procellaria aequinoctialis, Indeterminado Não ,,,esta ameacada de extincao. Foi encontrado Morto em ambiente Arenoso com o Cod de carcaca 4 e Não apresentava oleo.</b><br>"
409;"<b>Indivíduo de numero 409 registrado pela equipe do Trecho 01 na cidade de Laguna (Santa Catarina), atraves de monitoramento do tipo Regular com a mare Enchente e vento Nordeste. Espécie: Procellaria aequinoctialis, Indeterminado Não ,,,esta ameacada de extincao. Foi encontrado Morto em ambiente Arenoso com o Cod de carcaca 4 e Não apresentava oleo.</b><br>"
410;"<b>Indivíduo de numero 410 registrado pela equipe do Trecho 01 na cidade de Laguna (Santa Catarina), atraves de monitoramento do tipo Regular com a mare Enchente e vento Nordeste. Espécie: Procellaria aequinoctialis, Indeterminado Não ,,,esta ameacada de extincao. Foi encontrado Morto em ambiente Arenoso com o Cod de carcaca 4 e Não apresentava oleo.</b><br>"
411;"<b>Indivíduo de numero 411 registrado pela equipe do Trecho 01 na cidade de Laguna (Santa Catarina), atraves de monitoramento do tipo Regular com a mare Enchente e vento Nordeste. Espécie: Procellaria aequinoctialis, Indeterminado Não ,,,esta ameacada de extincao. Foi encontrado Morto em ambiente Arenoso com o Cod de carcaca 4 e Não apresentava oleo.</b><br>"
412;"<b>Indivíduo de numero 412 registrado pela equipe do Trecho 01 na cidade de Laguna (Santa Catarina), atraves de monitoramento do tipo Regular com a mare Enchente e vento Nordeste. Espécie: Procellaria aequinoctialis, Adulto Não ,,,esta ameacada de extincao. Foi encontrado Morto em ambiente Arenoso com o Cod de carcaca 4 e Não apresentava oleo.</b><br>"
413;"<b>Indivíduo de numero 413 registrado pela equipe do Trecho 01 na cidade de Laguna (Santa Catarina), atraves de monitoramento do tipo Regular com a mare Enchente e vento Nordeste. Espécie: Thalassarche chlororhynchos, Juvenil Sim ,,,esta ameacada de extincao. Foi encontrado Morto em ambiente Arenoso com o Cod de carcaca 4 e Não apresentava oleo.</b><br>"
414;"<b>Indivíduo de numero 414 registrado pela equipe do Trecho 01 na cidade de Laguna (Santa Catarina), atraves de monitoramento do tipo Regular com a mare Enchente e vento Nordeste. Espécie: Procellaria aequinoctialis, Indeterminado Não ,,,esta ameacada de extincao. Foi encontrado Morto em ambiente Arenoso com o Cod de carcaca 5 e Não apresentava oleo.</b><br>"
415;"<b>Indivíduo de numero 415 registrado pela equipe do Trecho 01 na cidade de Laguna (Santa Catarina), atraves de monitoramento do tipo Regular com a mare Enchente e vento Nordeste. Espécie: Procellaria aequinoctialis, Indeterminado Não ,,,esta ameacada de extincao. Foi encontrado Morto em ambiente Arenoso com o Cod de carcaca 4 e Não apresentava oleo.</b><br>"
416;"<b>Indivíduo de numero 416 registrado pela equipe do Trecho 01 na cidade de Imbituba (Santa Catarina), atraves de monitoramento do tipo Regular com a mare Enchente e vento Nordeste. Espécie: Procellaria aequinoctialis, Indeterminado Não ,,,esta ameacada de extincao. Foi encontrado Morto em ambiente Arenoso com o Cod de carcaca 4 e Não apresentava oleo.</b><br>"
417;"<b>Indivíduo de numero 417 registrado pela equipe do Trecho 01 na cidade de Imbituba (Santa Catarina), atraves de monitoramento do tipo Regular com a mare Enchente e vento Nordeste. Espécie: Procellaria aequinoctialis, Indeterminado Não ,,,esta ameacada de extincao. Foi encontrado Morto em ambiente Arenoso com o Cod de carcaca 4 e Não apresentava oleo.</b><br>"
418;"<b>Indivíduo de numero 418 registrado pela equipe do Trecho 03 na cidade de Florianópolis (Santa Catarina), atraves de monitoramento do tipo Acionamento com a mare Enchente e vento Norte. Espécie: Caretta caretta, Adulto Sim ,,,esta ameacada de extincao. Foi encontrado Morto em ambiente Arenoso com o Cod de carcaca 4 e Não apresentava oleo.</b><br>"
419;"<b>Indivíduo de numero 419 registrado pela equipe do Trecho 05 na cidade de Araquari,Balneário Barra Do Sul,Barra Velha (Santa Catarina), atraves de monitoramento do tipo Regular com a mare Enchente e vento Sul. Espécie: Chelonia mydas, Indeterminado Sim ,,,esta ameacada de extincao. Foi encontrado Morto em ambiente Arenoso com o Cod de carcaca 4 e Não apresentava oleo.</b><br>"
420;"<b>Indivíduo de numero 420 registrado pela equipe do Trecho 05 na cidade de Araquari,Balneário Barra Do Sul,Barra Velha (Santa Catarina), atraves de monitoramento do tipo Regular com a mare Enchente e vento Sul. Espécie: Caretta caretta, Indeterminado Sim ,,,esta ameacada de extincao. Foi encontrado Morto em ambiente Arenoso com o Cod de carcaca 4 e Não apresentava oleo.</b><br>"
421;"<b>Indivíduo de numero 421 registrado pela equipe do Trecho 05 na cidade de Itapoá (Santa Catarina), atraves de monitoramento do tipo Acionamento com a mare Cheia e vento Leste. Espécie: Chelonia mydas, Juvenil Sim ,,,esta ameacada de extincao. Foi encontrado Morto em ambiente Arenoso com o Cod de carcaca 3 e Não apresentava oleo.</b><br>"
422;"<b>Indivíduo de numero 422 registrado pela equipe do Trecho 06 na cidade de Pontal Do Paraná (Paraná), atraves de monitoramento do tipo Acionamento com a mare Enchente e vento Sudeste. Espécie: Larus dominicanus, Juvenil Não ,,,esta ameacada de extincao. Foi encontrado Vivo em ambiente Arenoso com o Cod de carcaca 1 e Não apresentava oleo.</b><br>"
423;"<b>Indivíduo de numero 423 registrado pela equipe do Trecho 03 na cidade de Florianópolis (Santa Catarina), atraves de monitoramento do tipo Regular com a mare Enchente e vento Norte. Espécie: Spheniscus magellanicus, Indeterminado Não ,,,esta ameacada de extincao. Foi encontrado Morto em ambiente Arenoso com o Cod de carcaca 4 e Não apresentava oleo.</b><br>"
424;"<b>Indivíduo de numero 424 registrado pela equipe do Trecho 03 na cidade de Florianópolis (Santa Catarina), atraves de monitoramento do tipo Regular com a mare Vazante e vento Noroeste. Espécie: Spheniscus magellanicus, Indeterminado Não ,,,esta ameacada de extincao. Foi encontrado Morto em ambiente Arenoso com o Cod de carcaca 4 e Não apresentava oleo.</b><br>"
425;"<b>Indivíduo de numero 425 registrado pela equipe do Trecho 03 na cidade de Florianópolis (Santa Catarina), atraves de monitoramento do tipo Regular com a mare Vazante e vento Noroeste. Espécie: Spheniscus magellanicus, Indeterminado Não ,,,esta ameacada de extincao. Foi encontrado Morto em ambiente Arenoso com o Cod de carcaca 4 e Não apresentava oleo.</b><br>"
426;"<b>Indivíduo de numero 426 registrado pela equipe do Trecho 03 na cidade de Florianópolis (Santa Catarina), atraves de monitoramento do tipo Regular com a mare Vazante e vento Noroeste. Espécie: Spheniscus magellanicus, Indeterminado Não ,,,esta ameacada de extincao. Foi encontrado Morto em ambiente Arenoso com o Cod de carcaca 4 e Não apresentava oleo.</b><br>"
427;"<b>Indivíduo de numero 427 registrado pela equipe do Trecho 03 na cidade de Florianópolis (Santa Catarina), atraves de monitoramento do tipo Regular com a mare Enchente e vento Noroeste. Espécie: Puffinus puffinus, Juvenil Não ,,,esta ameacada de extincao. Foi encontrado Morto em ambiente Arenoso com o Cod de carcaca 4 e Não apresentava oleo.</b><br>"
428;"<b>Indivíduo de numero 428 registrado pela equipe do Trecho 03 na cidade de Florianópolis (Santa Catarina), atraves de monitoramento do tipo Regular com a mare Enchente e vento Noroeste. Espécie: Sula leucogaster, Adulto Não ,,,esta ameacada de extincao. Foi encontrado Morto em ambiente Arenoso com o Cod de carcaca 4 e Não apresentava oleo.</b><br>"
429;"<b>Indivíduo de numero 429 registrado pela equipe do Trecho 03 na cidade de Florianópolis (Santa Catarina), atraves de monitoramento do tipo Regular com a mare Vazante e vento Noroeste. Espécie: Ardenna gravis, Adulto Não ,,,esta ameacada de extincao. Foi encontrado Morto em ambiente Arenoso com o Cod de carcaca 4 e Não apresentava oleo.</b><br>"
430;"<b>Indivíduo de numero 430 registrado pela equipe do Trecho 01 na cidade de Laguna (Santa Catarina), atraves de monitoramento do tipo Regular com a mare Enchente e vento Nordeste. Espécie: Procellaria aequinoctialis, Adulto Não ,,,esta ameacada de extincao. Foi encontrado Morto em ambiente Arenoso com o Cod de carcaca 4 e Não apresentava oleo.</b><br>"
431;"<b>Indivíduo de numero 431 registrado pela equipe do Trecho 01 na cidade de Laguna (Santa Catarina), atraves de monitoramento do tipo Regular com a mare Enchente e vento Nordeste. Espécie: Procellaria aequinoctialis, Indeterminado Não ,,,esta ameacada de extincao. Foi encontrado Morto em ambiente Arenoso com o Cod de carcaca 4 e Não apresentava oleo.</b><br>"
432;"<b>Indivíduo de numero 432 registrado pela equipe do Trecho 01 na cidade de Laguna (Santa Catarina), atraves de monitoramento do tipo Regular com a mare Enchente e vento Nordeste. Espécie: Procellaria aequinoctialis, Adulto Não ,,,esta ameacada de extincao. Foi encontrado Morto em ambiente Arenoso com o Cod de carcaca 3 e Não apresentava oleo.</b><br>"
433;"<b>Indivíduo de numero 433 registrado pela equipe do Trecho 06 na cidade de Guaratuba (Paraná), atraves de monitoramento do tipo Acionamento com a mare Enchente e vento Nordeste. Espécie: Chelonia mydas, Juvenil Sim ,,,esta ameacada de extincao. Foi encontrado Morto em ambiente Arenoso com o Cod de carcaca 4 e Não apresentava oleo.</b><br>"
434;"<b>Indivíduo de numero 434 registrado pela equipe do Trecho 06 na cidade de Matinhos,Pontal Do Paraná (Paraná), atraves de monitoramento do tipo Regular com a mare Vazante e vento Nordeste. Espécie: Chelonia mydas, Juvenil Sim ,,,esta ameacada de extincao. Foi encontrado Morto em ambiente Arenoso com o Cod de carcaca 4 e Não apresentava oleo.</b><br>"
435;"<b>Indivíduo de numero 435 registrado pela equipe do Trecho 06 na cidade de Matinhos,Pontal Do Paraná (Paraná), atraves de monitoramento do tipo Regular com a mare Vazante e vento Nordeste. Espécie: Chelonia mydas, Juvenil Sim ,,,esta ameacada de extincao. Foi encontrado Morto em ambiente Arenoso com o Cod de carcaca 4 e Não apresentava oleo.</b><br>"
436;"<b>Indivíduo de numero 436 registrado pela equipe do Trecho 03 na cidade de Florianópolis (Santa Catarina), atraves de monitoramento do tipo Regular com a mare Vazante e vento Noroeste. Espécie: Ardenna gravis, Indeterminado Não ,,,esta ameacada de extincao. Foi encontrado Morto em ambiente Arenoso com o Cod de carcaca 4 e Não apresentava oleo.</b><br>"
437;"<b>Indivíduo de numero 437 registrado pela equipe do Trecho 03 na cidade de Florianópolis (Santa Catarina), atraves de monitoramento do tipo Acionamento com a mare Vazante e vento Noroeste. Espécie: Pontoporia blainvillei, Filhote Sim ,,,esta ameacada de extincao. Foi encontrado Morto em ambiente Arenoso com o Cod de carcaca 4 e Não apresentava oleo.</b><br>"
438;"<b>Indivíduo de numero 438 registrado pela equipe do Trecho 04 na cidade de Navegantes (Santa Catarina), atraves de monitoramento do tipo Regular com a mare Enchente e vento Nordeste. Espécie: Pontoporia blainvillei, Indeterminado Sim ,,,esta ameacada de extincao. Foi encontrado Morto em ambiente Arenoso com o Cod de carcaca 4 e Não apresentava oleo.</b><br>"
439;"<b>Indivíduo de numero 439 registrado pela equipe do Trecho 03 na cidade de Florianópolis (Santa Catarina), atraves de monitoramento do tipo Regular com a mare Enchente e vento Noroeste. Espécie: Puffinus puffinus, Indeterminado Não ,,,esta ameacada de extincao. Foi encontrado Morto em ambiente Arenoso com o Cod de carcaca 4 e Não apresentava oleo.</b><br>"
440;"<b>Indivíduo de numero 440 registrado pela equipe do Trecho 02 na cidade de Garopaba (Santa Catarina), atraves de monitoramento do tipo Acionamento com a mare Enchente e vento Nordeste. Espécie: Spheniscus magellanicus, Juvenil Não ,,,esta ameacada de extincao. Foi encontrado Vivo em ambiente Arenoso com o Cod de carcaca 1 e Não apresentava oleo.</b><br>"
441;"<b>Indivíduo de numero 441 registrado pela equipe do Trecho 02 na cidade de Imbituba (Santa Catarina), atraves de monitoramento do tipo Regular com a mare Vazia e vento Nordeste. Espécie: Procellaria aequinoctialis, Indeterminado Não ,,,esta ameacada de extincao. Foi encontrado Morto em ambiente Arenoso com o Cod de carcaca 4 e Não apresentava oleo.</b><br>"
442;"<b>Indivíduo de numero 442 registrado pela equipe do Trecho 02 na cidade de Imbituba (Santa Catarina), atraves de monitoramento do tipo Regular com a mare Vazia e vento Nordeste. Espécie: Larus dominicanus, Adulto Não ,,,esta ameacada de extincao. Foi encontrado Morto em ambiente Arenoso com o Cod de carcaca 5 e Não apresentava oleo.</b><br>"
443;"<b>Indivíduo de numero 443 registrado pela equipe do Trecho 02 na cidade de Garopaba (Santa Catarina), atraves de monitoramento do tipo Regular com a mare Enchente e vento Noroeste. Espécie: Caretta caretta, Juvenil Sim ,,,esta ameacada de extincao. Foi encontrado Morto em ambiente Arenoso com o Cod de carcaca 4 e Não apresentava oleo.</b><br>"
444;"<b>Indivíduo de numero 444 registrado pela equipe do Trecho 02 na cidade de Paulo Lopes (Santa Catarina), atraves de monitoramento do tipo Regular com a mare Vazia e vento Noroeste. Espécie: Procellaria aequinoctialis, Indeterminado Não ,,,esta ameacada de extincao. Foi encontrado Morto em ambiente Arenoso com o Cod de carcaca 4 e Não apresentava oleo.</b><br>"
445;"<b>Indivíduo de numero 445 registrado pela equipe do Trecho 02 na cidade de Paulo Lopes (Santa Catarina), atraves de monitoramento do tipo Regular com a mare Vazia e vento Noroeste. Espécie: Thalassarche chlororhynchos, Adulto Sim ,,,esta ameacada de extincao. Foi encontrado Morto em ambiente Arenoso com o Cod de carcaca 5 e Não apresentava oleo.</b><br>"
447;"<b>Indivíduo de numero 447 registrado pela equipe do Trecho 04 na cidade de Penha (Santa Catarina), atraves de monitoramento do tipo Regular com a mare Enchente e vento Noroeste. Espécie: Chelonia mydas, Juvenil Sim ,,,esta ameacada de extincao. Foi encontrado Morto em ambiente Arenoso com o Cod de carcaca 4 e Não apresentava oleo.</b><br>"
448;"<b>Indivíduo de numero 448 registrado pela equipe do Trecho 04 na cidade de Barra Velha (Santa Catarina), atraves de monitoramento do tipo Regular com a mare Vazante e vento Noroeste. Espécie: Chelonia mydas, Juvenil Sim ,,,esta ameacada de extincao. Foi encontrado Morto em ambiente Arenoso com o Cod de carcaca 4 e Não apresentava oleo.</b><br>"
449;"<b>Indivíduo de numero 449 registrado pela equipe do Trecho 04 na cidade de Barra Velha (Santa Catarina), atraves de monitoramento do tipo Regular com a mare Vazante e vento Noroeste. Espécie: Chelonia mydas, Juvenil Sim ,,,esta ameacada de extincao. Foi encontrado Morto em ambiente Arenoso com o Cod de carcaca 4 e Não apresentava oleo.</b><br>"
450;"<b>Indivíduo de numero 450 registrado pela equipe do Trecho 05 na cidade de Itapoá (Santa Catarina), atraves de monitoramento do tipo Regular com a mare Enchente e vento Norte. Espécie: Chelonia mydas, Indeterminado Sim ,,,esta ameacada de extincao. Foi encontrado Morto em ambiente Arenoso com o Cod de carcaca 4 e Não apresentava oleo.</b><br>"
451;"<b>Indivíduo de numero 451 registrado pela equipe do Trecho 03 na cidade de Florianópolis (Santa Catarina), atraves de monitoramento do tipo Acionamento com a mare Enchente e vento Noroeste. Espécie: Phimosus infuscatus, Filhote Não ,,,esta ameacada de extincao. Foi encontrado Vivo em ambiente Outros com o Cod de carcaca 1 e Não apresentava oleo.</b><br>"
452;"<b>Indivíduo de numero 452 registrado pela equipe do Trecho 01 na cidade de Imbituba (Santa Catarina), atraves de monitoramento do tipo Acionamento com a mare Vazante e vento Nordeste. Espécie: Chelonia mydas, Juvenil Sim ,,,esta ameacada de extincao. Foi encontrado Morto em ambiente Arenoso com o Cod de carcaca 4 e Não apresentava oleo.</b><br>"
454;"<b>Indivíduo de numero 454 registrado pela equipe do Trecho 02 na cidade de Florianópolis (Santa Catarina), atraves de monitoramento do tipo Acionamento com a mare Vazante e vento Sul. Espécie: Caretta caretta, Juvenil Sim ,,,esta ameacada de extincao. Foi encontrado Morto em ambiente Arenoso com o Cod de carcaca 4 e Não apresentava oleo.</b><br>"
455;"<b>Indivíduo de numero 455 registrado pela equipe do Trecho 03 na cidade de Florianópolis (Santa Catarina), atraves de monitoramento do tipo Acionamento com a mare Vazante e vento Sudeste. Espécie: Phimosus infuscatus, Filhote Não ,,,esta ameacada de extincao. Foi encontrado Vivo em ambiente Outros com o Cod de carcaca 1 e Não apresentava oleo.</b><br>"
456;"<b>Indivíduo de numero 456 registrado pela equipe do Trecho 05 na cidade de São Francisco Do Sul (Santa Catarina), atraves de monitoramento do tipo Acionamento com a mare Enchente e vento Sudeste. Espécie: Chelonia mydas, Juvenil Sim ,,,esta ameacada de extincao. Foi encontrado Morto em ambiente Arenoso com o Cod de carcaca 4 e Não apresentava oleo.</b><br>"
457;"<b>Indivíduo de numero 457 registrado pela equipe do Trecho 06 na cidade de Guaraqueçaba (Paraná), atraves de monitoramento do tipo Regular com a mare Enchente e vento Sudeste. Espécie: Sotalia guianensis, Indeterminado Sim ,,,esta ameacada de extincao. Foi encontrado Morto em ambiente Arenoso com o Cod de carcaca 4 e Não apresentava oleo.</b><br>"
458;"<b>Indivíduo de numero 458 registrado pela equipe do Trecho 06 na cidade de Guaratuba (Paraná), atraves de monitoramento do tipo Regular com a mare Vazante e vento Sul. Espécie: Phalacrocorax brasilianus, Indeterminado Não ,,,esta ameacada de extincao. Foi encontrado Morto em ambiente Arenoso com o Cod de carcaca 5 e Não apresentava oleo.</b><br>"
459;"<b>Indivíduo de numero 459 registrado pela equipe do Trecho 06 na cidade de Guaratuba (Paraná), atraves de monitoramento do tipo Regular com a mare Vazante e vento Sul. Espécie: Caretta caretta, Juvenil Sim ,,,esta ameacada de extincao. Foi encontrado Morto em ambiente Arenoso com o Cod de carcaca 4 e Não apresentava oleo.</b><br>"
460;"<b>Indivíduo de numero 460 registrado pela equipe do Trecho 03 na cidade de Florianópolis (Santa Catarina), atraves de monitoramento do tipo Regular com a mare Enchente e vento Sul. Espécie: Sula leucogaster, Adulto Não ,,,esta ameacada de extincao. Foi encontrado Morto em ambiente Arenoso com o Cod de carcaca 4 e Não apresentava oleo.</b><br>"
461;"<b>Indivíduo de numero 461 registrado pela equipe do Trecho 03 na cidade de Florianópolis (Santa Catarina), atraves de monitoramento do tipo Regular com a mare Enchente e vento Sul. Espécie: Larus dominicanus, Adulto Não ,,,esta ameacada de extincao. Foi encontrado Morto em ambiente Arenoso com o Cod de carcaca 4 e Não apresentava oleo.</b><br>"
462;"<b>Indivíduo de numero 462 registrado pela equipe do Trecho 01 na cidade de Laguna (Santa Catarina), atraves de monitoramento do tipo Regular com a mare Enchente e vento Sudoeste. Espécie: Ardenna gravis, Indeterminado Não ,,,esta ameacada de extincao. Foi encontrado Morto em ambiente Arenoso com o Cod de carcaca 4 e Não apresentava oleo.</b><br>"
463;"<b>Indivíduo de numero 463 registrado pela equipe do Trecho 01 na cidade de Laguna (Santa Catarina), atraves de monitoramento do tipo Regular com a mare Enchente e vento Sudoeste. Espécie: Spheniscus magellanicus, Juvenil Não ,,,esta ameacada de extincao. Foi encontrado Morto em ambiente Arenoso com o Cod de carcaca 4 e Não apresentava oleo.</b><br>"
464;"<b>Indivíduo de numero 464 registrado pela equipe do Trecho 06 na cidade de Matinhos,Pontal Do Paraná (Paraná), atraves de monitoramento do tipo Regular com a mare Enchente e vento Sudeste. Espécie: Caretta caretta, Indeterminado Sim ,,,esta ameacada de extincao. Foi encontrado Morto em ambiente Arenoso com o Cod de carcaca 4 e Não apresentava oleo.</b><br>"
465;"<b>Indivíduo de numero 465 registrado pela equipe do Trecho 06 na cidade de Matinhos,Pontal Do Paraná (Paraná), atraves de monitoramento do tipo Regular com a mare Enchente e vento Sudeste. Espécie: Caretta caretta, Juvenil Sim ,,,esta ameacada de extincao. Foi encontrado Morto em ambiente Arenoso com o Cod de carcaca 4 e Não apresentava oleo.</b><br>"
466;"<b>Indivíduo de numero 466 registrado pela equipe do Trecho 06 na cidade de Matinhos,Pontal Do Paraná (Paraná), atraves de monitoramento do tipo Regular com a mare Enchente e vento Oeste. Espécie: Chelonia mydas, Juvenil Sim ,,,esta ameacada de extincao. Foi encontrado Morto em ambiente Arenoso com o Cod de carcaca 5 e Não apresentava oleo.</b><br>"
467;"<b>Indivíduo de numero 467 registrado pela equipe do Trecho 06 na cidade de Matinhos,Pontal Do Paraná (Paraná), atraves de monitoramento do tipo Regular com a mare Vazia e vento Sudeste. Espécie: Chelonia mydas, Juvenil Sim ,,,esta ameacada de extincao. Foi encontrado Morto em ambiente Arenoso com o Cod de carcaca 4 e Não apresentava oleo.</b><br>"
468;"<b>Indivíduo de numero 468 registrado pela equipe do Trecho 06 na cidade de Matinhos,Pontal Do Paraná (Paraná), atraves de monitoramento do tipo Regular com a mare Vazia e vento Sudeste. Espécie: Chelonia mydas, Juvenil Sim ,,,esta ameacada de extincao. Foi encontrado Morto em ambiente Arenoso com o Cod de carcaca 4 e Não apresentava oleo.</b><br>"
469;"<b>Indivíduo de numero 469 registrado pela equipe do Trecho 06 na cidade de Matinhos,Pontal Do Paraná (Paraná), atraves de monitoramento do tipo Regular com a mare Vazia e vento Sudeste. Espécie: Chelonia mydas, Juvenil Sim ,,,esta ameacada de extincao. Foi encontrado Morto em ambiente Arenoso com o Cod de carcaca 5 e Não apresentava oleo.</b><br>"
470;"<b>Indivíduo de numero 470 registrado pela equipe do Trecho 06 na cidade de Matinhos,Pontal Do Paraná (Paraná), atraves de monitoramento do tipo Regular com a mare Vazia e vento Sudeste. Espécie: Chelonia mydas, Juvenil Sim ,,,esta ameacada de extincao. Foi encontrado Morto em ambiente Arenoso com o Cod de carcaca 4 e Não apresentava oleo.</b><br>"
471;"<b>Indivíduo de numero 471 registrado pela equipe do Trecho 06 na cidade de Matinhos,Pontal Do Paraná (Paraná), atraves de monitoramento do tipo Regular com a mare Vazia e vento Sudeste. Espécie: Chelonia mydas, Juvenil Sim ,,,esta ameacada de extincao. Foi encontrado Morto em ambiente Arenoso com o Cod de carcaca 4 e Não apresentava oleo.</b><br>"
472;"<b>Indivíduo de numero 472 registrado pela equipe do Trecho 06 na cidade de Matinhos,Pontal Do Paraná (Paraná), atraves de monitoramento do tipo Regular com a mare Vazia e vento Sudeste. Espécie: Chelonia mydas, Juvenil Sim ,,,esta ameacada de extincao. Foi encontrado Morto em ambiente Arenoso com o Cod de carcaca 4 e Não apresentava oleo.</b><br>"
473;"<b>Indivíduo de numero 473 registrado pela equipe do Trecho 06 na cidade de Matinhos,Pontal Do Paraná (Paraná), atraves de monitoramento do tipo Regular com a mare Vazante e vento Sudeste. Espécie: Caretta caretta, Juvenil Sim ,,,esta ameacada de extincao. Foi encontrado Morto em ambiente Arenoso com o Cod de carcaca 4 e Não apresentava oleo.</b><br>"
474;"<b>Indivíduo de numero 474 registrado pela equipe do Trecho 06 na cidade de Matinhos,Pontal Do Paraná (Paraná), atraves de monitoramento do tipo Regular com a mare Vazante e vento Sudeste. Espécie: Chelonia mydas, Juvenil Sim ,,,esta ameacada de extincao. Foi encontrado Morto em ambiente Arenoso com o Cod de carcaca 4 e Não apresentava oleo.</b><br>"
475;"<b>Indivíduo de numero 475 registrado pela equipe do Trecho 06 na cidade de Matinhos,Pontal Do Paraná (Paraná), atraves de monitoramento do tipo Regular com a mare Vazante e vento Sudeste. Espécie: Chelonia mydas, Juvenil Sim ,,,esta ameacada de extincao. Foi encontrado Morto em ambiente Arenoso com o Cod de carcaca 4 e Não apresentava oleo.</b><br>"
476;"<b>Indivíduo de numero 476 registrado pela equipe do Trecho 05 na cidade de São Francisco Do Sul (Santa Catarina), atraves de monitoramento do tipo Regular com a mare Enchente e vento Sul. Espécie: Chelonia mydas, Indeterminado Sim ,,,esta ameacada de extincao. Foi encontrado Morto em ambiente Arenoso com o Cod de carcaca 4 e Não apresentava oleo.</b><br>"
477;"<b>Indivíduo de numero 477 registrado pela equipe do Trecho 05 na cidade de São Francisco Do Sul (Santa Catarina), atraves de monitoramento do tipo Regular com a mare Enchente e vento Sul. Espécie: Chelonia mydas, Indeterminado Sim ,,,esta ameacada de extincao. Foi encontrado Morto em ambiente Arenoso com o Cod de carcaca 4 e Não apresentava oleo.</b><br>"
478;"<b>Indivíduo de numero 478 registrado pela equipe do Trecho 05 na cidade de São Francisco Do Sul (Santa Catarina), atraves de monitoramento do tipo Regular com a mare Enchente e vento Sul. Espécie: Chelonia mydas, Juvenil Sim ,,,esta ameacada de extincao. Foi encontrado Morto em ambiente Arenoso com o Cod de carcaca 4 e Não apresentava oleo.</b><br>"
479;"<b>Indivíduo de numero 479 registrado pela equipe do Trecho 05 na cidade de São Francisco Do Sul (Santa Catarina), atraves de monitoramento do tipo Regular com a mare Enchente e vento Sul. Espécie: Thalassarche chlororhynchos, Indeterminado Sim ,,,esta ameacada de extincao. Foi encontrado Morto em ambiente Arenoso com o Cod de carcaca 4 e Não apresentava oleo.</b><br>"
480;"<b>Indivíduo de numero 480 registrado pela equipe do Trecho 04 na cidade de Balneário Camboriú,Itajaí (Santa Catarina), atraves de monitoramento do tipo Acionamento com a mare Enchente e vento Sul. Espécie: Pontoporia blainvillei, Indeterminado Sim ,,,esta ameacada de extincao. Foi encontrado Morto em ambiente Arenoso com o Cod de carcaca 4 e Não apresentava oleo.</b><br>"
481;"<b>Indivíduo de numero 481 registrado pela equipe do Trecho 02 na cidade de Imbituba (Santa Catarina), atraves de monitoramento do tipo Regular com a mare Enchente e vento Sudoeste. Espécie: Puffinus puffinus, Juvenil Não ,,,esta ameacada de extincao. Foi encontrado Morto em ambiente Arenoso com o Cod de carcaca 4 e Não apresentava oleo.</b><br>"
482;"<b>Indivíduo de numero 482 registrado pela equipe do Trecho 04 na cidade de Penha (Santa Catarina), atraves de monitoramento do tipo Acionamento com a mare Enchente e vento Sudoeste. Espécie: Chelonia mydas, Juvenil Sim ,,,esta ameacada de extincao. Foi encontrado Morto em ambiente Água com o Cod de carcaca 3 e Não apresentava oleo.</b><br>"
483;"<b>Indivíduo de numero 483 registrado pela equipe do Trecho 05 na cidade de São Francisco Do Sul (Santa Catarina), atraves de monitoramento do tipo Acionamento com a mare Enchente e vento Sudeste. Espécie: Sula leucogaster, Juvenil Não ,,,esta ameacada de extincao. Foi encontrado Vivo em ambiente Arenoso com o Cod de carcaca 1 e Não apresentava oleo.</b><br>"
484;"<b>Indivíduo de numero 484 registrado pela equipe do Trecho 04 na cidade de Barra Velha (Santa Catarina), atraves de monitoramento do tipo Regular com a mare Vazante e vento Noroeste. Espécie: Chelonia mydas, Juvenil Sim ,,,esta ameacada de extincao. Foi encontrado Morto em ambiente Arenoso com o Cod de carcaca 4 e Não apresentava oleo.</b><br>"
485;"<b>Indivíduo de numero 485 registrado pela equipe do Trecho 02 na cidade de Palhoça (Santa Catarina), atraves de monitoramento do tipo Acionamento com a mare Vazia e vento Sul. Espécie: Mirounga leonina, Juvenil Não ,,,esta ameacada de extincao. Foi encontrado Vivo em ambiente Rochoso com o Cod de carcaca 1 e Não apresentava oleo.</b><br>"
486;"<b>Indivíduo de numero 486 registrado pela equipe do Trecho 06 na cidade de Pontal Do Paraná (Paraná), atraves de monitoramento do tipo Acionamento com a mare Indeterminado e vento Sudeste. Espécie: Sula leucogaster, Adulto Não ,,,esta ameacada de extincao. Foi encontrado Vivo em ambiente Outros com o Cod de carcaca 1 e Não apresentava oleo.</b><br>"
487;"<b>Indivíduo de numero 487 registrado pela equipe do Trecho 03 na cidade de Florianópolis (Santa Catarina), atraves de monitoramento do tipo Acionamento com a mare Vazante e vento Sul. Espécie: Chelonia mydas, Juvenil Sim ,,,esta ameacada de extincao. Foi encontrado Morto em ambiente Outros com o Cod de carcaca 4 e Não apresentava oleo.</b><br>"
488;"<b>Indivíduo de numero 488 registrado pela equipe do Trecho 06 na cidade de Guaratuba (Paraná), atraves de monitoramento do tipo Regular com a mare Enchente e vento Sul. Espécie: Phalacrocorax brasilianus, Indeterminado Não ,,,esta ameacada de extincao. Foi encontrado Morto em ambiente Arenoso com o Cod de carcaca 4 e Não apresentava oleo.</b><br>"
489;"<b>Indivíduo de numero 489 registrado pela equipe do Trecho 01 na cidade de Imbituba (Santa Catarina), atraves de monitoramento do tipo Regular com a mare Enchente e vento Sul. Espécie: Spheniscus magellanicus, Juvenil Não ,,,esta ameacada de extincao. Foi encontrado Vivo em ambiente Arenoso com o Cod de carcaca 1 e Não apresentava oleo.</b><br>"
490;"<b>Indivíduo de numero 490 registrado pela equipe do Trecho 01 na cidade de Imbituba (Santa Catarina), atraves de monitoramento do tipo Regular com a mare Enchente e vento Sul. Espécie: Puffinus puffinus, Indeterminado Não ,,,esta ameacada de extincao. Foi encontrado Morto em ambiente Arenoso com o Cod de carcaca 5 e Não apresentava oleo.</b><br>"
491;"<b>Indivíduo de numero 491 registrado pela equipe do Trecho 01 na cidade de Imbituba (Santa Catarina), atraves de monitoramento do tipo Regular com a mare Enchente e vento Sul. Espécie: Larus dominicanus, Juvenil Não ,,,esta ameacada de extincao. Foi encontrado Morto em ambiente Arenoso com o Cod de carcaca 5 e Não apresentava oleo.</b><br>"
492;"<b>Indivíduo de numero 492 registrado pela equipe do Trecho 05 na cidade de São Francisco Do Sul (Santa Catarina), atraves de monitoramento do tipo Acionamento com a mare Enchente e vento Sudeste. Espécie: Chelonia mydas, Indeterminado Sim ,,,esta ameacada de extincao. Foi encontrado Morto em ambiente Arenoso com o Cod de carcaca 4 e Não apresentava oleo.</b><br>"
493;"<b>Indivíduo de numero 493 registrado pela equipe do Trecho 04 na cidade de Navegantes (Santa Catarina), atraves de monitoramento do tipo Regular com a mare Enchente e vento Leste. Espécie: Pontoporia blainvillei, Filhote Sim ,,,esta ameacada de extincao. Foi encontrado Morto em ambiente Arenoso com o Cod de carcaca 4 e Não apresentava oleo.</b><br>"
494;"<b>Indivíduo de numero 494 registrado pela equipe do Trecho 04 na cidade de Itajaí (Santa Catarina), atraves de monitoramento do tipo Acionamento com a mare Vazante e vento Noroeste. Espécie: Larus dominicanus, Juvenil Não ,,,esta ameacada de extincao. Foi encontrado Vivo em ambiente Outros com o Cod de carcaca 1 e Não apresentava oleo.</b><br>"
495;"<b>Indivíduo de numero 495 registrado pela equipe do Trecho 06 na cidade de Matinhos,Pontal Do Paraná (Paraná), atraves de monitoramento do tipo Regular com a mare Enchente e vento Sudeste. Espécie: Chelonia mydas, Juvenil Sim ,,,esta ameacada de extincao. Foi encontrado Morto em ambiente Arenoso com o Cod de carcaca 5 e Não apresentava oleo.</b><br>"
496;"<b>Indivíduo de numero 496 registrado pela equipe do Trecho 06 na cidade de Matinhos,Pontal Do Paraná (Paraná), atraves de monitoramento do tipo Regular com a mare Vazante e vento N/A. Espécie: Chelonia mydas, Juvenil Sim ,,,esta ameacada de extincao. Foi encontrado Morto em ambiente Arenoso com o Cod de carcaca 4 e Não apresentava oleo.</b><br>"
497;"<b>Indivíduo de numero 497 registrado pela equipe do Trecho 06 na cidade de Matinhos,Pontal Do Paraná (Paraná), atraves de monitoramento do tipo Regular com a mare Vazante e vento N/A. Espécie: Chelonia mydas, Juvenil Sim ,,,esta ameacada de extincao. Foi encontrado Morto em ambiente Arenoso com o Cod de carcaca 4 e Não apresentava oleo.</b><br>"
498;"<b>Indivíduo de numero 498 registrado pela equipe do Trecho 06 na cidade de Matinhos,Pontal Do Paraná (Paraná), atraves de monitoramento do tipo Regular com a mare Vazante e vento N/A. Espécie: Chelonia mydas, Juvenil Sim ,,,esta ameacada de extincao. Foi encontrado Morto em ambiente Arenoso com o Cod de carcaca 4 e Não apresentava oleo.</b><br>"
499;"<b>Indivíduo de numero 499 registrado pela equipe do Trecho 06 na cidade de Matinhos,Pontal Do Paraná (Paraná), atraves de monitoramento do tipo Regular com a mare Vazante e vento N/A. Espécie: Chelonia mydas, Juvenil Sim ,,,esta ameacada de extincao. Foi encontrado Morto em ambiente Arenoso com o Cod de carcaca 3 e Não apresentava oleo.</b><br>"
500;"<b>Indivíduo de numero 500 registrado pela equipe do Trecho 04 na cidade de Penha (Santa Catarina), atraves de monitoramento do tipo Acionamento com a mare Enchente e vento Oeste. Espécie: Chelonia mydas, Juvenil Sim ,,,esta ameacada de extincao. Foi encontrado Morto em ambiente Arenoso com o Cod de carcaca 4 e Não apresentava oleo.</b><br>"
501;"<b>Indivíduo de numero 501 registrado pela equipe do Trecho 02 na cidade de Garopaba (Santa Catarina), atraves de monitoramento do tipo Regular com a mare Enchente e vento Sul. Espécie: Puffinus puffinus, Indeterminado Não ,,,esta ameacada de extincao. Foi encontrado Morto em ambiente Arenoso com o Cod de carcaca 4 e Não apresentava oleo.</b><br>"
502;"<b>Indivíduo de numero 502 registrado pela equipe do Trecho 04 na cidade de Balneário Piçarras (Santa Catarina), atraves de monitoramento do tipo Regular com a mare Enchente e vento Oeste. Espécie: Caretta caretta, Juvenil Sim ,,,esta ameacada de extincao. Foi encontrado Morto em ambiente Arenoso com o Cod de carcaca 4 e Não apresentava oleo.</b><br>"
503;"<b>Indivíduo de numero 503 registrado pela equipe do Trecho 05 na cidade de São Francisco Do Sul (Santa Catarina), atraves de monitoramento do tipo Regular com a mare Enchente e vento Nordeste. Espécie: Chelonia mydas, Indeterminado Sim ,,,esta ameacada de extincao. Foi encontrado Morto em ambiente Arenoso com o Cod de carcaca 4 e Não apresentava oleo.</b><br>"
504;"<b>Indivíduo de numero 504 registrado pela equipe do Trecho 05 na cidade de São Francisco Do Sul (Santa Catarina), atraves de monitoramento do tipo Regular com a mare Enchente e vento Nordeste. Espécie: Phalacrocorax brasilianus, Indeterminado Não ,,,esta ameacada de extincao. Foi encontrado Morto em ambiente Arenoso com o Cod de carcaca 4 e Não apresentava oleo.</b><br>"
505;"<b>Indivíduo de numero 505 registrado pela equipe do Trecho 01 na cidade de Imbituba (Santa Catarina), atraves de monitoramento do tipo Regular com a mare Cheia e vento Nordeste. Espécie: Larus dominicanus, Indeterminado Não ,,,esta ameacada de extincao. Foi encontrado Morto em ambiente Arenoso com o Cod de carcaca 5 e Não apresentava oleo.</b><br>"
506;"<b>Indivíduo de numero 506 registrado pela equipe do Trecho 01 na cidade de Imbituba (Santa Catarina), atraves de monitoramento do tipo Regular com a mare Cheia e vento Nordeste. Espécie: Puffinus gravis, Indeterminado Não ,,,esta ameacada de extincao. Foi encontrado Morto em ambiente Arenoso com o Cod de carcaca 5 e Não apresentava oleo.</b><br>"
507;"<b>Indivíduo de numero 507 registrado pela equipe do Trecho 01 na cidade de Imbituba (Santa Catarina), atraves de monitoramento do tipo Regular com a mare Cheia e vento Nordeste. Espécie: Chelonia mydas, Juvenil Sim ,,,esta ameacada de extincao. Foi encontrado Morto em ambiente Arenoso com o Cod de carcaca 5 e Não apresentava oleo.</b><br>"
508;"<b>Indivíduo de numero 508 registrado pela equipe do Trecho 01 na cidade de Imbituba (Santa Catarina), atraves de monitoramento do tipo Regular com a mare Cheia e vento Nordeste. Espécie: Chelonia mydas, Juvenil Sim ,,,esta ameacada de extincao. Foi encontrado Morto em ambiente Arenoso com o Cod de carcaca 5 e Não apresentava oleo.</b><br>"
509;"<b>Indivíduo de numero 509 registrado pela equipe do Trecho 06 na cidade de Matinhos,Pontal Do Paraná (Paraná), atraves de monitoramento do tipo Regular com a mare Vazia e vento Sul. Espécie: Sula leucogaster, Adulto Não ,,,esta ameacada de extincao. Foi encontrado Morto em ambiente Arenoso com o Cod de carcaca 4 e Não apresentava oleo.</b><br>"
510;"<b>Indivíduo de numero 510 registrado pela equipe do Trecho 06 na cidade de Matinhos,Pontal Do Paraná (Paraná), atraves de monitoramento do tipo Regular com a mare Vazia e vento Sul. Espécie: Phimosus infuscatus, Adulto Não ,,,esta ameacada de extincao. Foi encontrado Morto em ambiente Arenoso com o Cod de carcaca 4 e Não apresentava oleo.</b><br>"
511;"<b>Indivíduo de numero 511 registrado pela equipe do Trecho 02 na cidade de Paulo Lopes (Santa Catarina), atraves de monitoramento do tipo Regular com a mare Enchente e vento Nordeste. Espécie: Pontoporia blainvillei, Adulto Sim ,,,esta ameacada de extincao. Foi encontrado Morto em ambiente Arenoso com o Cod de carcaca 4 e Não apresentava oleo.</b><br>"
512;"<b>Indivíduo de numero 512 registrado pela equipe do Trecho 04 na cidade de Navegantes (Santa Catarina), atraves de monitoramento do tipo Regular com a mare Enchente e vento Nordeste. Espécie: Caretta caretta, Juvenil Sim ,,,esta ameacada de extincao. Foi encontrado Morto em ambiente Arenoso com o Cod de carcaca 4 e Não apresentava oleo.</b><br>"
513;"<b>Indivíduo de numero 513 registrado pela equipe do Trecho 04 na cidade de Navegantes (Santa Catarina), atraves de monitoramento do tipo Regular com a mare Enchente e vento Nordeste. Espécie: Caretta caretta, Adulto Sim ,,,esta ameacada de extincao. Foi encontrado Morto em ambiente Arenoso com o Cod de carcaca 4 e Não apresentava oleo.</b><br>"
514;"<b>Indivíduo de numero 514 registrado pela equipe do Trecho 04 na cidade de Navegantes (Santa Catarina), atraves de monitoramento do tipo Regular com a mare Enchente e vento Nordeste. Espécie: Caretta caretta, Juvenil Sim ,,,esta ameacada de extincao. Foi encontrado Morto em ambiente Arenoso com o Cod de carcaca 4 e Não apresentava oleo.</b><br>"
515;"<b>Indivíduo de numero 515 registrado pela equipe do Trecho 05 na cidade de Itapoá (Santa Catarina), atraves de monitoramento do tipo Regular com a mare Vazia e vento Noroeste. Espécie: Chelonia mydas, Indeterminado Sim ,,,esta ameacada de extincao. Foi encontrado Morto em ambiente Arenoso com o Cod de carcaca 4 e Não apresentava oleo.</b><br>"
516;"<b>Indivíduo de numero 516 registrado pela equipe do Trecho 05 na cidade de Itapoá (Santa Catarina), atraves de monitoramento do tipo Regular com a mare Vazia e vento Noroeste. Espécie: Chelonia mydas, Indeterminado Sim ,,,esta ameacada de extincao. Foi encontrado Morto em ambiente Arenoso com o Cod de carcaca 4 e Não apresentava oleo.</b><br>"
517;"<b>Indivíduo de numero 517 registrado pela equipe do Trecho 05 na cidade de São Francisco Do Sul (Santa Catarina), atraves de monitoramento do tipo Regular com a mare Enchente e vento Oeste. Espécie: Chelonia mydas, Juvenil Sim ,,,esta ameacada de extincao. Foi encontrado Morto em ambiente Arenoso com o Cod de carcaca 4 e Não apresentava oleo.</b><br>"
518;"<b>Indivíduo de numero 518 registrado pela equipe do Trecho 05 na cidade de São Francisco Do Sul (Santa Catarina), atraves de monitoramento do tipo Acionamento com a mare Indeterminado e vento N/A. Espécie: Larus dominicanus, Juvenil Não ,,,esta ameacada de extincao. Foi encontrado Vivo em ambiente Arenoso com o Cod de carcaca 1 e Não apresentava oleo.</b><br>"
519;"<b>Indivíduo de numero 519 registrado pela equipe do Trecho 06 na cidade de Guaratuba (Paraná), atraves de monitoramento do tipo Acionamento com a mare Vazante e vento Nordeste. Espécie: Chelonia mydas, Juvenil Sim ,,,esta ameacada de extincao. Foi encontrado Morto em ambiente Arenoso com o Cod de carcaca 4 e Não apresentava oleo.</b><br>"
520;"<b>Indivíduo de numero 520 registrado pela equipe do Trecho 05 na cidade de São Francisco Do Sul (Santa Catarina), atraves de monitoramento do tipo Regular com a mare Vazante e vento Sudeste. Espécie: Chelonia mydas, Indeterminado Sim ,,,esta ameacada de extincao. Foi encontrado Morto em ambiente Arenoso com o Cod de carcaca 4 e Não apresentava oleo.</b><br>"
521;"<b>Indivíduo de numero 521 registrado pela equipe do Trecho 03 na cidade de Florianópolis (Santa Catarina), atraves de monitoramento do tipo Regular com a mare Enchente e vento Leste. Espécie: Caretta caretta, Juvenil Sim ,,,esta ameacada de extincao. Foi encontrado Morto em ambiente Arenoso com o Cod de carcaca 4 e Não apresentava oleo.</b><br>"
522;"<b>Indivíduo de numero 522 registrado pela equipe do Trecho 06 na cidade de Matinhos,Pontal Do Paraná (Paraná), atraves de monitoramento do tipo Regular com a mare Vazante e vento N/A. Espécie: Chelonia mydas, Juvenil Sim ,,,esta ameacada de extincao. Foi encontrado Morto em ambiente Arenoso com o Cod de carcaca 4 e Não apresentava oleo.</b><br>"
523;"<b>Indivíduo de numero 523 registrado pela equipe do Trecho 06 na cidade de Matinhos,Pontal Do Paraná (Paraná), atraves de monitoramento do tipo Acionamento com a mare Vazante e vento N/A. Espécie: Chelonia mydas, Juvenil Sim ,,,esta ameacada de extincao. Foi encontrado Morto em ambiente Arenoso com o Cod de carcaca 2 e Não apresentava oleo.</b><br>"
524;"<b>Indivíduo de numero 524 registrado pela equipe do Trecho 01 na cidade de Laguna (Santa Catarina), atraves de monitoramento do tipo Acionamento com a mare Enchente e vento Nordeste. Espécie: Larus dominicanus, Adulto Não ,,,esta ameacada de extincao. Foi encontrado Morto em ambiente Arenoso com o Cod de carcaca 3 e Não apresentava oleo.</b><br>"
525;"<b>Indivíduo de numero 525 registrado pela equipe do Trecho 04 na cidade de Balneário Piçarras (Santa Catarina), atraves de monitoramento do tipo Acionamento com a mare Indeterminado e vento Nordeste. Espécie: Fregata magnificens, Adulto Não ,,,esta ameacada de extincao. Foi encontrado Vivo em ambiente Arenoso com o Cod de carcaca 1 e Não apresentava oleo.</b><br>"
526;"<b>Indivíduo de numero 526 registrado pela equipe do Trecho 02 na cidade de Palhoça (Santa Catarina), atraves de monitoramento do tipo Acionamento com a mare Vazante e vento Nordeste. Espécie: Chelonia mydas, Juvenil Sim ,,,esta ameacada de extincao. Foi encontrado Morto em ambiente Arenoso com o Cod de carcaca 2 e Não apresentava oleo.</b><br>"
527;"<b>Indivíduo de numero 527 registrado pela equipe do Trecho 03 na cidade de Florianópolis (Santa Catarina), atraves de monitoramento do tipo Regular com a mare Enchente e vento Noroeste. Espécie: Phalacrocorax brasilianus, Adulto Não ,,,esta ameacada de extincao. Foi encontrado Morto em ambiente Arenoso com o Cod de carcaca 4 e Não apresentava oleo.</b><br>"
528;"<b>Indivíduo de numero 528 registrado pela equipe do Trecho 01 na cidade de Imbituba (Santa Catarina), atraves de monitoramento do tipo Regular com a mare Enchente e vento Leste. Espécie: Larus dominicanus, Adulto Não ,,,esta ameacada de extincao. Foi encontrado Morto em ambiente Arenoso com o Cod de carcaca 5 e Não apresentava oleo.</b><br>"
529;"<b>Indivíduo de numero 529 registrado pela equipe do Trecho 02 na cidade de Florianópolis (Santa Catarina), atraves de monitoramento do tipo Acionamento com a mare Enchente e vento Nordeste. Espécie: Chelonia mydas, Juvenil Sim ,,,esta ameacada de extincao. Foi encontrado Morto em ambiente Arenoso com o Cod de carcaca 5 e Não apresentava oleo.</b><br>"
530;"<b>Indivíduo de numero 530 registrado pela equipe do Trecho 01 na cidade de Laguna (Santa Catarina), atraves de monitoramento do tipo Regular com a mare Vazante e vento Nordeste. Espécie: Larus dominicanus, Adulto Não ,,,esta ameacada de extincao. Foi encontrado Vivo em ambiente Arenoso com o Cod de carcaca 1 e Não apresentava oleo.</b><br>"
531;"<b>Indivíduo de numero 531 registrado pela equipe do Trecho 01 na cidade de Laguna (Santa Catarina), atraves de monitoramento do tipo Regular com a mare Vazante e vento Nordeste. Espécie: Chelonia mydas, Juvenil Sim ,,,esta ameacada de extincao. Foi encontrado Morto em ambiente Arenoso com o Cod de carcaca 5 e Não apresentava oleo.</b><br>"
532;"<b>Indivíduo de numero 532 registrado pela equipe do Trecho 01 na cidade de Laguna (Santa Catarina), atraves de monitoramento do tipo Regular com a mare Vazante e vento Nordeste. Espécie: Larus dominicanus, Adulto Não ,,,esta ameacada de extincao. Foi encontrado Morto em ambiente Arenoso com o Cod de carcaca 5 e Não apresentava oleo.</b><br>"
533;"<b>Indivíduo de numero 533 registrado pela equipe do Trecho 01 na cidade de Laguna (Santa Catarina), atraves de monitoramento do tipo Regular com a mare Vazante e vento Nordeste. Espécie: Ardenna gravis, Adulto Não ,,,esta ameacada de extincao. Foi encontrado Morto em ambiente Arenoso com o Cod de carcaca 4 e Não apresentava oleo.</b><br>"
534;"<b>Indivíduo de numero 534 registrado pela equipe do Trecho 01 na cidade de Laguna (Santa Catarina), atraves de monitoramento do tipo Regular com a mare Vazante e vento Nordeste. Espécie: Spheniscus magellanicus, Juvenil Não ,,,esta ameacada de extincao. Foi encontrado Morto em ambiente Arenoso com o Cod de carcaca 5 e Não apresentava oleo.</b><br>"
535;"<b>Indivíduo de numero 535 registrado pela equipe do Trecho 01 na cidade de Laguna (Santa Catarina), atraves de monitoramento do tipo Regular com a mare Vazante e vento Nordeste. Espécie: Larus dominicanus, Adulto Não ,,,esta ameacada de extincao. Foi encontrado Vivo em ambiente Arenoso com o Cod de carcaca 1 e Não apresentava oleo.</b><br>"
536;"<b>Indivíduo de numero 536 registrado pela equipe do Trecho 01 na cidade de Laguna (Santa Catarina), atraves de monitoramento do tipo Regular com a mare Cheia e vento Nordeste. Espécie: Larus dominicanus, Juvenil Não ,,,esta ameacada de extincao. Foi encontrado Morto em ambiente Arenoso com o Cod de carcaca 4 e Não apresentava oleo.</b><br>"
537;"<b>Indivíduo de numero 537 registrado pela equipe do Trecho 04 na cidade de Balneário Piçarras (Santa Catarina), atraves de monitoramento do tipo Regular com a mare Vazante e vento Sudoeste. Espécie: Caretta caretta, Juvenil Sim ,,,esta ameacada de extincao. Foi encontrado Morto em ambiente Arenoso com o Cod de carcaca 4 e Não apresentava oleo.</b><br>"
538;"<b>Indivíduo de numero 538 registrado pela equipe do Trecho 02 na cidade de Garopaba (Santa Catarina), atraves de monitoramento do tipo Regular com a mare Enchente e vento N/A. Espécie: Chelonia mydas, Juvenil Sim ,,,esta ameacada de extincao. Foi encontrado Morto em ambiente Arenoso com o Cod de carcaca 4 e Não apresentava oleo.</b><br>"
539;"<b>Indivíduo de numero 539 registrado pela equipe do Trecho 03 na cidade de Florianópolis (Santa Catarina), atraves de monitoramento do tipo Acionamento com a mare Indeterminado e vento N/A. Espécie: Phimosus infuscatus, Filhote Não ,,,esta ameacada de extincao. Foi encontrado Vivo em ambiente Outros com o Cod de carcaca 1 e Não apresentava oleo.</b><br>"
540;"<b>Indivíduo de numero 540 registrado pela equipe do Trecho 06 na cidade de Guaratuba (Paraná), atraves de monitoramento do tipo Acionamento com a mare Enchente e vento N/A. Espécie: Chelonia mydas, Juvenil Sim ,,,esta ameacada de extincao. Foi encontrado Morto em ambiente Outros com o Cod de carcaca 4 e Não apresentava oleo.</b><br>"
541;"<b>Indivíduo de numero 541 registrado pela equipe do Trecho 06 na cidade de Guaratuba (Paraná), atraves de monitoramento do tipo Regular com a mare Enchente e vento Leste. Espécie: Chelonia mydas, Juvenil Sim ,,,esta ameacada de extincao. Foi encontrado Morto em ambiente Arenoso com o Cod de carcaca 4 e Não apresentava oleo.</b><br>"
542;"<b>Indivíduo de numero 542 registrado pela equipe do Trecho 03 na cidade de Florianópolis (Santa Catarina), atraves de monitoramento do tipo Regular com a mare Cheia e vento Norte. Espécie: Puffinus puffinus, Adulto Não ,,,esta ameacada de extincao. Foi encontrado Morto em ambiente Arenoso com o Cod de carcaca 4 e Não apresentava oleo.</b><br>"
543;"<b>Indivíduo de numero 543 registrado pela equipe do Trecho 03 na cidade de Florianópolis (Santa Catarina), atraves de monitoramento do tipo Regular com a mare Enchente e vento Norte. Espécie: Chelonia mydas, Juvenil Sim ,,,esta ameacada de extincao. Foi encontrado Morto em ambiente Arenoso com o Cod de carcaca 4 e Não apresentava oleo.</b><br>"
544;"<b>Indivíduo de numero 544 registrado pela equipe do Trecho 03 na cidade de Florianópolis (Santa Catarina), atraves de monitoramento do tipo Regular com a mare Enchente e vento Norte. Espécie: Chelonia mydas, Juvenil Sim ,,,esta ameacada de extincao. Foi encontrado Vivo em ambiente Arenoso com o Cod de carcaca 1 e Não apresentava oleo.</b><br>"
546;"<b>Indivíduo de numero 546 registrado pela equipe do Trecho 02 na cidade de Garopaba (Santa Catarina), atraves de monitoramento do tipo Regular com a mare Enchente e vento Nordeste. Espécie: Larus dominicanus, Juvenil Não ,,,esta ameacada de extincao. Foi encontrado Morto em ambiente Arenoso com o Cod de carcaca 5 e Não apresentava oleo.</b><br>"
549;"<b>Indivíduo de numero 549 registrado pela equipe do Trecho 02 na cidade de Garopaba (Santa Catarina), atraves de monitoramento do tipo Regular com a mare Enchente e vento Nordeste. Espécie: Ardenna gravis, Indeterminado Não ,,,esta ameacada de extincao. Foi encontrado Morto em ambiente Arenoso com o Cod de carcaca 4 e Não apresentava oleo.</b><br>"
550;"<b>Indivíduo de numero 550 registrado pela equipe do Trecho 02 na cidade de Garopaba (Santa Catarina), atraves de monitoramento do tipo Regular com a mare Enchente e vento Nordeste. Espécie: Larus dominicanus, Adulto Não ,,,esta ameacada de extincao. Foi encontrado Morto em ambiente Arenoso com o Cod de carcaca 4 e Não apresentava oleo.</b><br>"
551;"<b>Indivíduo de numero 551 registrado pela equipe do Trecho 02 na cidade de Garopaba (Santa Catarina), atraves de monitoramento do tipo Regular com a mare Enchente e vento Nordeste. Espécie: Puffinus puffinus, Juvenil Não ,,,esta ameacada de extincao. Foi encontrado Morto em ambiente Arenoso com o Cod de carcaca 2 e Não apresentava oleo.</b><br>"
552;"<b>Indivíduo de numero 552 registrado pela equipe do Trecho 01 na cidade de Laguna (Santa Catarina), atraves de monitoramento do tipo Regular com a mare Enchente e vento Nordeste. Espécie: Pontoporia blainvillei, Filhote Sim ,,,esta ameacada de extincao. Foi encontrado Morto em ambiente Arenoso com o Cod de carcaca 4 e Não apresentava oleo.</b><br>"
553;"<b>Indivíduo de numero 553 registrado pela equipe do Trecho 01 na cidade de Laguna (Santa Catarina), atraves de monitoramento do tipo Regular com a mare Enchente e vento Nordeste. Espécie: Puffinus puffinus, Adulto Não ,,,esta ameacada de extincao. Foi encontrado Morto em ambiente Arenoso com o Cod de carcaca 4 e Não apresentava oleo.</b><br>"
554;"<b>Indivíduo de numero 554 registrado pela equipe do Trecho 01 na cidade de Laguna (Santa Catarina), atraves de monitoramento do tipo Regular com a mare Enchente e vento Nordeste. Espécie: Puffinus gravis, Indeterminado Não ,,,esta ameacada de extincao. Foi encontrado Morto em ambiente Arenoso com o Cod de carcaca 5 e Não apresentava oleo.</b><br>"
555;"<b>Indivíduo de numero 555 registrado pela equipe do Trecho 01 na cidade de Laguna (Santa Catarina), atraves de monitoramento do tipo Regular com a mare Enchente e vento Nordeste. Espécie: Larus dominicanus, Adulto Não ,,,esta ameacada de extincao. Foi encontrado Vivo em ambiente Arenoso com o Cod de carcaca 1 e Não apresentava oleo.</b><br>"
556;"<b>Indivíduo de numero 556 registrado pela equipe do Trecho 01 na cidade de Laguna (Santa Catarina), atraves de monitoramento do tipo Regular com a mare Enchente e vento Nordeste. Espécie: Larus dominicanus, Juvenil Não ,,,esta ameacada de extincao. Foi encontrado Morto em ambiente Arenoso com o Cod de carcaca 5 e Não apresentava oleo.</b><br>"
557;"<b>Indivíduo de numero 557 registrado pela equipe do Trecho 01 na cidade de Laguna (Santa Catarina), atraves de monitoramento do tipo Regular com a mare Enchente e vento Nordeste. Espécie: Sterna hirundinacea, Juvenil Não ,,,esta ameacada de extincao. Foi encontrado Morto em ambiente Arenoso com o Cod de carcaca 4 e Não apresentava oleo.</b><br>"
559;"<b>Indivíduo de numero 559 registrado pela equipe do Trecho 01 na cidade de Laguna (Santa Catarina), atraves de monitoramento do tipo Regular com a mare Enchente e vento Nordeste. Espécie: Larus dominicanus, Adulto Não ,,,esta ameacada de extincao. Foi encontrado Morto em ambiente Arenoso com o Cod de carcaca 5 e Não apresentava oleo.</b><br>"
560;"<b>Indivíduo de numero 560 registrado pela equipe do Trecho 01 na cidade de Imbituba (Santa Catarina), atraves de monitoramento do tipo Regular com a mare Enchente e vento Nordeste. Espécie: Chelonia mydas, Juvenil Sim ,,,esta ameacada de extincao. Foi encontrado Morto em ambiente Arenoso com o Cod de carcaca 4 e Não apresentava oleo.</b><br>"
561;"<b>Indivíduo de numero 561 registrado pela equipe do Trecho 01 na cidade de Imbituba (Santa Catarina), atraves de monitoramento do tipo Regular com a mare Enchente e vento Nordeste. Espécie: Phalacrocorax brasilianus, Juvenil Não ,,,esta ameacada de extincao. Foi encontrado Morto em ambiente Arenoso com o Cod de carcaca 4 e Não apresentava oleo.</b><br>"
562;"<b>Indivíduo de numero 562 registrado pela equipe do Trecho 01 na cidade de Imbituba (Santa Catarina), atraves de monitoramento do tipo Regular com a mare Enchente e vento Nordeste. Espécie: Chelonia mydas, Juvenil Sim ,,,esta ameacada de extincao. Foi encontrado Morto em ambiente Arenoso com o Cod de carcaca 4 e Não apresentava oleo.</b><br>"
563;"<b>Indivíduo de numero 563 registrado pela equipe do Trecho 01 na cidade de Imbituba (Santa Catarina), atraves de monitoramento do tipo Regular com a mare Vazante e vento Nordeste. Espécie: Larus dominicanus, Juvenil Não ,,,esta ameacada de extincao. Foi encontrado Morto em ambiente Arenoso com o Cod de carcaca 5 e Não apresentava oleo.</b><br>"
564;"<b>Indivíduo de numero 564 registrado pela equipe do Trecho 02 na cidade de Garopaba (Santa Catarina), atraves de monitoramento do tipo Regular com a mare Vazante e vento Nordeste. Espécie: Chelonia mydas, Juvenil Sim ,,,esta ameacada de extincao. Foi encontrado Vivo em ambiente Arenoso com o Cod de carcaca 1 e Não apresentava oleo.</b><br>"
565;"<b>Indivíduo de numero 565 registrado pela equipe do Trecho 06 na cidade de Matinhos,Pontal Do Paraná (Paraná), atraves de monitoramento do tipo Regular com a mare Enchente e vento Oeste. Espécie: Chelonia mydas, Juvenil Sim ,,,esta ameacada de extincao. Foi encontrado Morto em ambiente Arenoso com o Cod de carcaca 3 e Não apresentava oleo.</b><br>"
566;"<b>Indivíduo de numero 566 registrado pela equipe do Trecho 03 na cidade de Florianópolis (Santa Catarina), atraves de monitoramento do tipo Acionamento com a mare Enchente e vento Norte. Espécie: Larus dominicanus, Juvenil Não ,,,esta ameacada de extincao. Foi encontrado Vivo em ambiente Arenoso com o Cod de carcaca 1 e Não apresentava oleo.</b><br>"
567;"<b>Indivíduo de numero 567 registrado pela equipe do Trecho 03 na cidade de Florianópolis (Santa Catarina), atraves de monitoramento do tipo Acionamento com a mare Enchente e vento Norte. Espécie: Larus dominicanus, Adulto Não ,,,esta ameacada de extincao. Foi encontrado Vivo em ambiente Arenoso com o Cod de carcaca 1 e Não apresentava oleo.</b><br>"
568;"<b>Indivíduo de numero 568 registrado pela equipe do Trecho 02 na cidade de Paulo Lopes (Santa Catarina), atraves de monitoramento do tipo Regular com a mare Vazante e vento Nordeste. Espécie: Larus dominicanus, Juvenil Não ,,,esta ameacada de extincao. Foi encontrado Morto em ambiente Arenoso com o Cod de carcaca 4 e Não apresentava oleo.</b><br>"
570;"<b>Indivíduo de numero 570 registrado pela equipe do Trecho 04 na cidade de Penha (Santa Catarina), atraves de monitoramento do tipo Regular com a mare Vazante e vento Noroeste. Espécie: Chelonia mydas, Juvenil Sim ,,,esta ameacada de extincao. Foi encontrado Morto em ambiente Arenoso com o Cod de carcaca 4 e Não apresentava oleo.</b><br>"
571;"<b>Indivíduo de numero 571 registrado pela equipe do Trecho 04 na cidade de Penha (Santa Catarina), atraves de monitoramento do tipo Regular com a mare Vazante e vento Noroeste. Espécie: Chelonia mydas, Juvenil Sim ,,,esta ameacada de extincao. Foi encontrado Morto em ambiente Arenoso com o Cod de carcaca 4 e Não apresentava oleo.</b><br>"
572;"<b>Indivíduo de numero 572 registrado pela equipe do Trecho 01 na cidade de Imbituba (Santa Catarina), atraves de monitoramento do tipo Regular com a mare Enchente e vento Sul. Espécie: Sula leucogaster, Indeterminado Não ,,,esta ameacada de extincao. Foi encontrado Morto em ambiente Arenoso com o Cod de carcaca 4 e Não apresentava oleo.</b><br>"
573;"<b>Indivíduo de numero 573 registrado pela equipe do Trecho 05 na cidade de São Francisco Do Sul (Santa Catarina), atraves de monitoramento do tipo Acionamento com a mare Vazante e vento Noroeste. Espécie: Sula leucogaster, Adulto Não ,,,esta ameacada de extincao. Foi encontrado Morto em ambiente Arenoso com o Cod de carcaca 4 e Não apresentava oleo.</b><br>"
574;"<b>Indivíduo de numero 574 registrado pela equipe do Trecho 03 na cidade de Florianópolis (Santa Catarina), atraves de monitoramento do tipo Regular com a mare Enchente e vento Oeste. Espécie: Ardenna gravis, Adulto Não ,,,esta ameacada de extincao. Foi encontrado Morto em ambiente Arenoso com o Cod de carcaca 4 e Não apresentava oleo.</b><br>"
575;"<b>Indivíduo de numero 575 registrado pela equipe do Trecho 05 na cidade de Itapoá (Santa Catarina), atraves de monitoramento do tipo Acionamento com a mare Vazante e vento Noroeste. Espécie: Chelonia mydas, Indeterminado Sim ,,,esta ameacada de extincao. Foi encontrado Morto em ambiente Arenoso com o Cod de carcaca 4 e Não apresentava oleo.</b><br>"
576;"<b>Indivíduo de numero 576 registrado pela equipe do Trecho 05 na cidade de Itapoá (Santa Catarina), atraves de monitoramento do tipo Acionamento com a mare Vazante e vento Noroeste. Espécie: Chelonia mydas, Indeterminado Sim ,,,esta ameacada de extincao. Foi encontrado Morto em ambiente Arenoso com o Cod de carcaca 4 e Não apresentava oleo.</b><br>"
577;"<b>Indivíduo de numero 577 registrado pela equipe do Trecho 05 na cidade de Itapoá (Santa Catarina), atraves de monitoramento do tipo Regular com a mare Vazante e vento Noroeste. Espécie: Caretta caretta, Juvenil Sim ,,,esta ameacada de extincao. Foi encontrado Morto em ambiente Arenoso com o Cod de carcaca 4 e Não apresentava oleo.</b><br>"
578;"<b>Indivíduo de numero 578 registrado pela equipe do Trecho 01 na cidade de Laguna (Santa Catarina), atraves de monitoramento do tipo Acionamento com a mare Enchente e vento Sul. Espécie: Chelonia mydas, Juvenil Sim ,,,esta ameacada de extincao. Foi encontrado Morto em ambiente Água com o Cod de carcaca 4 e Não apresentava oleo.</b><br>"
579;"<b>Indivíduo de numero 579 registrado pela equipe do Trecho 05 na cidade de Araquari,Balneário Barra Do Sul,Barra Velha (Santa Catarina), atraves de monitoramento do tipo Regular com a mare Indeterminado e vento Noroeste. Espécie: Caretta caretta, Indeterminado Sim ,,,esta ameacada de extincao. Foi encontrado Morto em ambiente Arenoso com o Cod de carcaca 4 e Não apresentava oleo.</b><br>"
580;"<b>Indivíduo de numero 580 registrado pela equipe do Trecho 06 na cidade de Pontal Do Paraná (Paraná), atraves de monitoramento do tipo Acionamento com a mare Enchente e vento Noroeste. Espécie: Phimosus infuscatus, Juvenil Não ,,,esta ameacada de extincao. Foi encontrado Vivo em ambiente Outros com o Cod de carcaca 1 e Não apresentava oleo.</b><br>"
581;"<b>Indivíduo de numero 581 registrado pela equipe do Trecho 03 na cidade de Florianópolis (Santa Catarina), atraves de monitoramento do tipo Acionamento com a mare Vazante e vento Noroeste. Espécie: Chelonia mydas, Juvenil Sim ,,,esta ameacada de extincao. Foi encontrado Morto em ambiente Arenoso com o Cod de carcaca 4 e Não apresentava oleo.</b><br>"
583;"<b>Indivíduo de numero 583 registrado pela equipe do Trecho 01 na cidade de Imbituba (Santa Catarina), atraves de monitoramento do tipo Regular com a mare Enchente e vento Norte. Espécie: Larus dominicanus, Adulto Não ,,,esta ameacada de extincao. Foi encontrado Morto em ambiente Arenoso com o Cod de carcaca 5 e Não apresentava oleo.</b><br>"
584;"<b>Indivíduo de numero 584 registrado pela equipe do Trecho 04 na cidade de Bombinhas (Santa Catarina), atraves de monitoramento do tipo Regular com a mare Enchente e vento Noroeste. Espécie: Chelonia mydas, Juvenil Sim ,,,esta ameacada de extincao. Foi encontrado Morto em ambiente Arenoso com o Cod de carcaca 4 e Não apresentava oleo.</b><br>"
585;"<b>Indivíduo de numero 585 registrado pela equipe do Trecho 04 na cidade de Penha (Santa Catarina), atraves de monitoramento do tipo Regular com a mare Vazante e vento Oeste. Espécie: Chelonia mydas, Juvenil Sim ,,,esta ameacada de extincao. Foi encontrado Morto em ambiente Arenoso com o Cod de carcaca 4 e Não apresentava oleo.</b><br>"
586;"<b>Indivíduo de numero 586 registrado pela equipe do Trecho 04 na cidade de Penha (Santa Catarina), atraves de monitoramento do tipo Regular com a mare Vazante e vento Oeste. Espécie: Puffinus puffinus, Indeterminado Não ,,,esta ameacada de extincao. Foi encontrado Morto em ambiente Arenoso com o Cod de carcaca 4 e Não apresentava oleo.</b><br>"
587;"<b>Indivíduo de numero 587 registrado pela equipe do Trecho 04 na cidade de Balneário Piçarras (Santa Catarina), atraves de monitoramento do tipo Regular com a mare Vazante e vento Oeste. Espécie: Pontoporia blainvillei, Adulto Sim ,,,esta ameacada de extincao. Foi encontrado Morto em ambiente Outros com o Cod de carcaca 4 e Não apresentava oleo.</b><br>"
588;"<b>Indivíduo de numero 588 registrado pela equipe do Trecho 04 na cidade de Balneário Piçarras (Santa Catarina), atraves de monitoramento do tipo Regular com a mare Vazante e vento Oeste. Espécie: Pontoporia blainvillei, Feto Sim ,,,esta ameacada de extincao. Foi encontrado Morto em ambiente Outros com o Cod de carcaca 4 e Não apresentava oleo.</b><br>"
589;"<b>Indivíduo de numero 589 registrado pela equipe do Trecho 05 na cidade de São Francisco Do Sul (Santa Catarina), atraves de monitoramento do tipo Regular com a mare Vazante e vento Nordeste. Espécie: Sotalia guianensis, Indeterminado Sim ,,,esta ameacada de extincao. Foi encontrado Morto em ambiente Arenoso com o Cod de carcaca 4 e Não apresentava oleo.</b><br>"
590;"<b>Indivíduo de numero 590 registrado pela equipe do Trecho 06 na cidade de Guaraqueçaba (Paraná), atraves de monitoramento do tipo Regular com a mare Vazante e vento Norte. Espécie: Sula leucogaster, Adulto Não ,,,esta ameacada de extincao. Foi encontrado Morto em ambiente Arenoso com o Cod de carcaca 4 e Não apresentava oleo.</b><br>"
591;"<b>Indivíduo de numero 591 registrado pela equipe do Trecho 06 na cidade de Guaratuba (Paraná), atraves de monitoramento do tipo Acionamento com a mare Indeterminado e vento N/A. Espécie: Larus dominicanus, Adulto Não ,,,esta ameacada de extincao. Foi encontrado Vivo em ambiente Outros com o Cod de carcaca 1 e Não apresentava oleo.</b><br>"
592;"<b>Indivíduo de numero 592 registrado pela equipe do Trecho 05 na cidade de Itapoá (Santa Catarina), atraves de monitoramento do tipo Acionamento com a mare Vazante e vento Nordeste. Espécie: Caretta caretta, Indeterminado Sim ,,,esta ameacada de extincao. Foi encontrado Morto em ambiente Arenoso com o Cod de carcaca 4 e Não apresentava oleo.</b><br>"
593;"<b>Indivíduo de numero 593 registrado pela equipe do Trecho 05 na cidade de São Francisco Do Sul (Santa Catarina), atraves de monitoramento do tipo Regular com a mare Vazante e vento Nordeste. Espécie: Chelonia mydas, Indeterminado Sim ,,,esta ameacada de extincao. Foi encontrado Morto em ambiente Arenoso com o Cod de carcaca 4 e Não apresentava oleo.</b><br>"
594;"<b>Indivíduo de numero 594 registrado pela equipe do Trecho 05 na cidade de São Francisco Do Sul (Santa Catarina), atraves de monitoramento do tipo Regular com a mare Vazante e vento Nordeste. Espécie: Sula leucogaster, Juvenil Não ,,,esta ameacada de extincao. Foi encontrado Morto em ambiente Arenoso com o Cod de carcaca 4 e Não apresentava oleo.</b><br>"
595;"<b>Indivíduo de numero 595 registrado pela equipe do Trecho 01 na cidade de Imbituba (Santa Catarina), atraves de monitoramento do tipo Regular com a mare Vazante e vento Nordeste. Espécie: Larus dominicanus, Juvenil Não ,,,esta ameacada de extincao. Foi encontrado Morto em ambiente Arenoso com o Cod de carcaca 4 e Não apresentava oleo.</b><br>"
596;"<b>Indivíduo de numero 596 registrado pela equipe do Trecho 06 na cidade de Guaraqueçaba (Paraná), atraves de monitoramento do tipo Regular com a mare Vazante e vento Norte. Espécie: Lepidochelys olivacea, Adulto Sim ,,,esta ameacada de extincao. Foi encontrado Morto em ambiente Arenoso com o Cod de carcaca 4 e Não apresentava oleo.</b><br>"
597;"<b>Indivíduo de numero 597 registrado pela equipe do Trecho 02 na cidade de Garopaba (Santa Catarina), atraves de monitoramento do tipo Regular com a mare Vazante e vento Nordeste. Espécie: Sterna hirundinacea, Adulto Não ,,,esta ameacada de extincao. Foi encontrado Vivo em ambiente Arenoso com o Cod de carcaca 1 e Não apresentava oleo.</b><br>"
598;"<b>Indivíduo de numero 598 registrado pela equipe do Trecho 02 na cidade de Garopaba (Santa Catarina), atraves de monitoramento do tipo Regular com a mare Vazante e vento Nordeste. Espécie: Chelonia mydas, Juvenil Sim ,,,esta ameacada de extincao. Foi encontrado Morto em ambiente Arenoso com o Cod de carcaca 4 e Não apresentava oleo.</b><br>"
599;"<b>Indivíduo de numero 599 registrado pela equipe do Trecho 05 na cidade de Itapoá (Santa Catarina), atraves de monitoramento do tipo Regular com a mare Vazante e vento Sudeste. Espécie: Chelonia mydas, Indeterminado Sim ,,,esta ameacada de extincao. Foi encontrado Morto em ambiente Arenoso com o Cod de carcaca 4 e Não apresentava oleo.</b><br>"
600;"<b>Indivíduo de numero 600 registrado pela equipe do Trecho 05 na cidade de Itapoá (Santa Catarina), atraves de monitoramento do tipo Regular com a mare Vazante e vento Sudeste. Espécie: Puffinus puffinus, Adulto Não ,,,esta ameacada de extincao. Foi encontrado Morto em ambiente Arenoso com o Cod de carcaca 4 e Não apresentava oleo.</b><br>"
602;"<b>Indivíduo de numero 602 registrado pela equipe do Trecho 04 na cidade de Itapema (Santa Catarina), atraves de monitoramento do tipo Regular com a mare Vazante e vento Nordeste. Espécie: Chelonia mydas, Juvenil Sim ,,,esta ameacada de extincao. Foi encontrado Morto em ambiente Arenoso com o Cod de carcaca 4 e Não apresentava oleo.</b><br>"
603;"<b>Indivíduo de numero 603 registrado pela equipe do Trecho 04 na cidade de Balneário Piçarras (Santa Catarina), atraves de monitoramento do tipo Regular com a mare Vazante e vento Noroeste. Espécie: Chelonia mydas, Juvenil Sim ,,,esta ameacada de extincao. Foi encontrado Morto em ambiente Arenoso com o Cod de carcaca 4 e Não apresentava oleo.</b><br>"
604;"<b>Indivíduo de numero 604 registrado pela equipe do Trecho 06 na cidade de Guaratuba (Paraná), atraves de monitoramento do tipo Regular com a mare Vazia e vento Leste. Espécie: Phalacrocorax brasilianus, Juvenil Não ,,,esta ameacada de extincao. Foi encontrado Morto em ambiente Arenoso com o Cod de carcaca 3 e Não apresentava oleo.</b><br>"
605;"<b>Indivíduo de numero 605 registrado pela equipe do Trecho 06 na cidade de Guaratuba (Paraná), atraves de monitoramento do tipo Regular com a mare Vazante e vento Leste. Espécie: Puffinus puffinus, Indeterminado Não ,,,esta ameacada de extincao. Foi encontrado Morto em ambiente Arenoso com o Cod de carcaca 4 e Não apresentava oleo.</b><br>"
606;"<b>Indivíduo de numero 606 registrado pela equipe do Trecho 02 na cidade de Biguaçu (Santa Catarina), atraves de monitoramento do tipo Acionamento com a mare Vazante e vento Nordeste. Espécie: Phimosus infuscatus, Adulto Não ,,,esta ameacada de extincao. Foi encontrado Vivo em ambiente Outros com o Cod de carcaca 1 e Não apresentava oleo.</b><br>"
607;"<b>Indivíduo de numero 607 registrado pela equipe do Trecho 01 na cidade de Imbituba (Santa Catarina), atraves de monitoramento do tipo Regular com a mare Vazante e vento Nordeste. Espécie: Chelonia mydas, Juvenil Sim ,,,esta ameacada de extincao. Foi encontrado Morto em ambiente Arenoso com o Cod de carcaca 4 e Não apresentava oleo.</b><br>"
608;"<b>Indivíduo de numero 608 registrado pela equipe do Trecho 01 na cidade de Imbituba (Santa Catarina), atraves de monitoramento do tipo Regular com a mare Vazante e vento Nordeste. Espécie: Larus dominicanus, Adulto Não ,,,esta ameacada de extincao. Foi encontrado Morto em ambiente Arenoso com o Cod de carcaca 4 e Não apresentava oleo.</b><br>"
609;"<b>Indivíduo de numero 609 registrado pela equipe do Trecho 01 na cidade de Imbituba (Santa Catarina), atraves de monitoramento do tipo Regular com a mare Vazante e vento Nordeste. Espécie: Phalacrocorax brasilianus, Adulto Não ,,,esta ameacada de extincao. Foi encontrado Morto em ambiente Arenoso com o Cod de carcaca 4 e Não apresentava oleo.</b><br>"
610;"<b>Indivíduo de numero 610 registrado pela equipe do Trecho 01 na cidade de Imbituba (Santa Catarina), atraves de monitoramento do tipo Regular com a mare Vazante e vento Nordeste. Espécie: Chelonia mydas, Juvenil Sim ,,,esta ameacada de extincao. Foi encontrado Morto em ambiente Arenoso com o Cod de carcaca 4 e Não apresentava oleo.</b><br>"
611;"<b>Indivíduo de numero 611 registrado pela equipe do Trecho 01 na cidade de Laguna (Santa Catarina), atraves de monitoramento do tipo Regular com a mare Vazante e vento Nordeste. Espécie: Larus dominicanus, Adulto Não ,,,esta ameacada de extincao. Foi encontrado Vivo em ambiente Arenoso com o Cod de carcaca 1 e Não apresentava oleo.</b><br>"
612;"<b>Indivíduo de numero 612 registrado pela equipe do Trecho 05 na cidade de São Francisco Do Sul (Santa Catarina), atraves de monitoramento do tipo Acionamento com a mare Vazia e vento N/A. Espécie: Larus dominicanus, Adulto Não ,,,esta ameacada de extincao. Foi encontrado Morto em ambiente Arenoso com o Cod de carcaca 4 e Não apresentava oleo.</b><br>"
613;"<b>Indivíduo de numero 613 registrado pela equipe do Trecho 05 na cidade de São Francisco Do Sul (Santa Catarina), atraves de monitoramento do tipo Regular com a mare Vazante e vento Nordeste. Espécie: Sula leucogaster, Juvenil Não ,,,esta ameacada de extincao. Foi encontrado Morto em ambiente Arenoso com o Cod de carcaca 4 e Não apresentava oleo.</b><br>"
614;"<b>Indivíduo de numero 614 registrado pela equipe do Trecho 06 na cidade de Guaraqueçaba (Paraná), atraves de monitoramento do tipo Regular com a mare Vazante e vento N/A. Espécie: Larus dominicanus, Juvenil Não ,,,esta ameacada de extincao. Foi encontrado Morto em ambiente Arenoso com o Cod de carcaca 4 e Não apresentava oleo.</b><br>"
615;"<b>Indivíduo de numero 615 registrado pela equipe do Trecho 04 na cidade de Penha (Santa Catarina), atraves de monitoramento do tipo Acionamento com a mare Enchente e vento Sudeste. Espécie: Chelonia mydas, Juvenil Sim ,,,esta ameacada de extincao. Foi encontrado Morto em ambiente Arenoso com o Cod de carcaca 4 e Não apresentava oleo.</b><br>"
616;"<b>Indivíduo de numero 616 registrado pela equipe do Trecho 05 na cidade de São Francisco Do Sul (Santa Catarina), atraves de monitoramento do tipo Acionamento com a mare Vazante e vento N/A. Espécie: Pontoporia blainvillei, Adulto Sim ,,,esta ameacada de extincao. Foi encontrado Morto em ambiente Arenoso com o Cod de carcaca 4 e Não apresentava oleo.</b><br>"
617;"<b>Indivíduo de numero 617 registrado pela equipe do Trecho 04 na cidade de Penha (Santa Catarina), atraves de monitoramento do tipo Regular com a mare Enchente e vento Sudeste. Espécie: Chelonia mydas, Juvenil Sim ,,,esta ameacada de extincao. Foi encontrado Morto em ambiente Arenoso com o Cod de carcaca 4 e Não apresentava oleo.</b><br>"
618;"<b>Indivíduo de numero 618 registrado pela equipe do Trecho 04 na cidade de Penha (Santa Catarina), atraves de monitoramento do tipo Regular com a mare Enchente e vento Sudeste. Espécie: Chelonia mydas, Juvenil Sim ,,,esta ameacada de extincao. Foi encontrado Morto em ambiente Arenoso com o Cod de carcaca 4 e Não apresentava oleo.</b><br>"
619;"<b>Indivíduo de numero 619 registrado pela equipe do Trecho 04 na cidade de Balneário Piçarras (Santa Catarina), atraves de monitoramento do tipo Regular com a mare Vazante e vento Nordeste. Espécie: Chelonia mydas, Juvenil Sim ,,,esta ameacada de extincao. Foi encontrado Morto em ambiente Arenoso com o Cod de carcaca 4 e Não apresentava oleo.</b><br>"
620;"<b>Indivíduo de numero 620 registrado pela equipe do Trecho 05 na cidade de Itapoá (Santa Catarina), atraves de monitoramento do tipo Regular com a mare Vazante e vento Nordeste. Espécie: Lepidochelys olivacea, Indeterminado Sim ,,,esta ameacada de extincao. Foi encontrado Morto em ambiente Arenoso com o Cod de carcaca 4 e Não apresentava oleo.</b><br>"
621;"<b>Indivíduo de numero 621 registrado pela equipe do Trecho 04 na cidade de Balneário Camboriú (Santa Catarina), atraves de monitoramento do tipo Acionamento com a mare Vazante e vento Nordeste. Espécie: Chelonia mydas, Juvenil Sim ,,,esta ameacada de extincao. Foi encontrado Morto em ambiente Arenoso com o Cod de carcaca 4 e Não apresentava oleo.</b><br>"
622;"<b>Indivíduo de numero 622 registrado pela equipe do Trecho 06 na cidade de Guaraqueçaba (Paraná), atraves de monitoramento do tipo Regular com a mare Vazante e vento Leste. Espécie: Chelonia mydas, Juvenil Sim ,,,esta ameacada de extincao. Foi encontrado Morto em ambiente Arenoso com o Cod de carcaca 4 e Não apresentava oleo.</b><br>"
623;"<b>Indivíduo de numero 623 registrado pela equipe do Trecho 06 na cidade de Pontal Do Paraná (Paraná), atraves de monitoramento do tipo Acionamento com a mare Enchente e vento Nordeste. Espécie: Chelonia mydas, Juvenil Sim ,,,esta ameacada de extincao. Foi encontrado Morto em ambiente Outros com o Cod de carcaca 5 e Não apresentava oleo.</b><br>"
624;"<b>Indivíduo de numero 624 registrado pela equipe do Trecho 03 na cidade de Florianópolis (Santa Catarina), atraves de monitoramento do tipo Acionamento com a mare Indeterminado e vento N/A. Espécie: Phimosus infuscatus, Juvenil Não ,,,esta ameacada de extincao. Foi encontrado Vivo em ambiente Outros com o Cod de carcaca 1 e Não apresentava oleo.</b><br>"
625;"<b>Indivíduo de numero 625 registrado pela equipe do Trecho 04 na cidade de Bombinhas (Santa Catarina), atraves de monitoramento do tipo Acionamento com a mare Vazante e vento Nordeste. Espécie: Caretta caretta, Juvenil Sim ,,,esta ameacada de extincao. Foi encontrado Morto em ambiente Rochoso com o Cod de carcaca 4 e Não apresentava oleo.</b><br>"
626;"<b>Indivíduo de numero 626 registrado pela equipe do Trecho 05 na cidade de Itapoá (Santa Catarina), atraves de monitoramento do tipo Acionamento com a mare Vazante e vento Nordeste. Espécie: Sotalia guianensis, Juvenil Sim ,,,esta ameacada de extincao. Foi encontrado Morto em ambiente Arenoso com o Cod de carcaca 4 e Não apresentava oleo.</b><br>"
627;"<b>Indivíduo de numero 627 registrado pela equipe do Trecho 02 na cidade de Palhoça (Santa Catarina), atraves de monitoramento do tipo Acionamento com a mare Enchente e vento Nordeste. Espécie: Mirounga leonina, Juvenil Não ,,,esta ameacada de extincao. Foi encontrado Vivo em ambiente Arenoso com o Cod de carcaca 1 e Não apresentava oleo.</b><br>"
628;"<b>Indivíduo de numero 628 registrado pela equipe do Trecho 06 na cidade de Matinhos,Pontal Do Paraná (Paraná), atraves de monitoramento do tipo Acionamento com a mare Enchente e vento Sudeste. Espécie: Sula leucogaster, Juvenil Não ,,,esta ameacada de extincao. Foi encontrado Vivo em ambiente Arenoso com o Cod de carcaca 1 e Não apresentava oleo.</b><br>"
629;"<b>Indivíduo de numero 629 registrado pela equipe do Trecho 05 na cidade de São Francisco Do Sul (Santa Catarina), atraves de monitoramento do tipo Acionamento com a mare Enchente e vento Nordeste. Espécie: Chelonia mydas, Indeterminado Sim ,,,esta ameacada de extincao. Foi encontrado Morto em ambiente Arenoso com o Cod de carcaca 4 e Não apresentava oleo.</b><br>"
630;"<b>Indivíduo de numero 630 registrado pela equipe do Trecho 06 na cidade de Guaratuba (Paraná), atraves de monitoramento do tipo Acionamento com a mare Enchente e vento Leste. Espécie: Phimosus infuscatus, Juvenil Não ,,,esta ameacada de extincao. Foi encontrado Vivo em ambiente Outros com o Cod de carcaca 1 e Não apresentava oleo.</b><br>"
631;"<b>Indivíduo de numero 631 registrado pela equipe do Trecho 03 na cidade de Florianópolis (Santa Catarina), atraves de monitoramento do tipo Regular com a mare Vazante e vento Norte. Espécie: Caretta caretta, Indeterminado Sim ,,,esta ameacada de extincao. Foi encontrado Morto em ambiente Arenoso com o Cod de carcaca 4 e Não apresentava oleo.</b><br>"
632;"<b>Indivíduo de numero 632 registrado pela equipe do Trecho 05 na cidade de São Francisco Do Sul (Santa Catarina), atraves de monitoramento do tipo Regular com a mare Vazante e vento N/A. Espécie: Chelonia mydas, Indeterminado Sim ,,,esta ameacada de extincao. Foi encontrado Morto em ambiente Arenoso com o Cod de carcaca 4 e Não apresentava oleo.</b><br>"
633;"<b>Indivíduo de numero 633 registrado pela equipe do Trecho 04 na cidade de Itapema (Santa Catarina), atraves de monitoramento do tipo Acionamento com a mare Vazante e vento Sudoeste. Espécie: Chelonia mydas, Juvenil Sim ,,,esta ameacada de extincao. Foi encontrado Morto em ambiente Arenoso com o Cod de carcaca 4 e Não apresentava oleo.</b><br>"
634;"<b>Indivíduo de numero 634 registrado pela equipe do Trecho 04 na cidade de Itapema (Santa Catarina), atraves de monitoramento do tipo Acionamento com a mare Enchente e vento Nordeste. Espécie: Chelonia mydas, Juvenil Sim ,,,esta ameacada de extincao. Foi encontrado Morto em ambiente Arenoso com o Cod de carcaca 4 e Não apresentava oleo.</b><br>"
635;"<b>Indivíduo de numero 635 registrado pela equipe do Trecho 03 na cidade de Florianópolis (Santa Catarina), atraves de monitoramento do tipo Regular com a mare Vazante e vento Noroeste. Espécie: Chelonia mydas, Juvenil Sim ,,,esta ameacada de extincao. Foi encontrado Morto em ambiente Arenoso com o Cod de carcaca 4 e Não apresentava oleo.</b><br>"
636;"<b>Indivíduo de numero 636 registrado pela equipe do Trecho 06 na cidade de Matinhos,Pontal Do Paraná (Paraná), atraves de monitoramento do tipo Regular com a mare Vazante e vento Norte. Espécie: Puffinus gravis, Indeterminado Não ,,,esta ameacada de extincao. Foi encontrado Morto em ambiente Arenoso com o Cod de carcaca 5 e Não apresentava oleo.</b><br>"
637;"<b>Indivíduo de numero 637 registrado pela equipe do Trecho 04 na cidade de Porto Belo (Santa Catarina), atraves de monitoramento do tipo Regular com a mare Enchente e vento Norte. Espécie: Chelonia mydas, Juvenil Sim ,,,esta ameacada de extincao. Foi encontrado Morto em ambiente Arenoso com o Cod de carcaca 4 e Não apresentava oleo.</b><br>"
638;"<b>Indivíduo de numero 638 registrado pela equipe do Trecho 06 na cidade de Paranaguá (Paraná), atraves de monitoramento do tipo Regular com a mare Vazante e vento Noroeste. Espécie: Chelonia mydas, Juvenil Sim ,,,esta ameacada de extincao. Foi encontrado Morto em ambiente Arenoso com o Cod de carcaca 4 e Não apresentava oleo.</b><br>"
639;"<b>Indivíduo de numero 639 registrado pela equipe do Trecho 06 na cidade de Paranaguá (Paraná), atraves de monitoramento do tipo Regular com a mare Vazante e vento Noroeste. Espécie: Pontoporia blainvillei, Indeterminado Sim ,,,esta ameacada de extincao. Foi encontrado Morto em ambiente Arenoso com o Cod de carcaca 4 e Não apresentava oleo.</b><br>"
640;"<b>Indivíduo de numero 640 registrado pela equipe do Trecho 04 na cidade de Navegantes (Santa Catarina), atraves de monitoramento do tipo Regular com a mare Vazante e vento Nordeste. Espécie: Chelonia mydas, Juvenil Sim ,,,esta ameacada de extincao. Foi encontrado Morto em ambiente Arenoso com o Cod de carcaca 4 e Não apresentava oleo.</b><br>"
641;"<b>Indivíduo de numero 641 registrado pela equipe do Trecho 04 na cidade de Balneário Piçarras (Santa Catarina), atraves de monitoramento do tipo Regular com a mare Vazante e vento Norte. Espécie: Caretta caretta, Juvenil Sim ,,,esta ameacada de extincao. Foi encontrado Morto em ambiente Arenoso com o Cod de carcaca 4 e Não apresentava oleo.</b><br>"
642;"<b>Indivíduo de numero 642 registrado pela equipe do Trecho 04 na cidade de Balneário Piçarras (Santa Catarina), atraves de monitoramento do tipo Regular com a mare Vazante e vento Norte. Espécie: Chelonia mydas, Juvenil Sim ,,,esta ameacada de extincao. Foi encontrado Morto em ambiente Arenoso com o Cod de carcaca 4 e Não apresentava oleo.</b><br>"
643;"<b>Indivíduo de numero 643 registrado pela equipe do Trecho 05 na cidade de Itapoá (Santa Catarina), atraves de monitoramento do tipo Regular com a mare Vazante e vento Noroeste. Espécie: Puffinus puffinus, Juvenil Não ,,,esta ameacada de extincao. Foi encontrado Morto em ambiente Arenoso com o Cod de carcaca 4 e Não apresentava oleo.</b><br>"
644;"<b>Indivíduo de numero 644 registrado pela equipe do Trecho 05 na cidade de Itapoá (Santa Catarina), atraves de monitoramento do tipo Acionamento com a mare Vazante e vento Nordeste. Espécie: Caretta caretta, Indeterminado Sim ,,,esta ameacada de extincao. Foi encontrado Morto em ambiente Arenoso com o Cod de carcaca 4 e Não apresentava oleo.</b><br>"
645;"<b>Indivíduo de numero 645 registrado pela equipe do Trecho 03 na cidade de Florianópolis (Santa Catarina), atraves de monitoramento do tipo Acionamento com a mare Vazante e vento Norte. Espécie: Chelonia mydas, Juvenil Sim ,,,esta ameacada de extincao. Foi encontrado Vivo em ambiente Arenoso com o Cod de carcaca 1 e Não apresentava oleo.</b><br>"
646;"<b>Indivíduo de numero 646 registrado pela equipe do Trecho 03 na cidade de Florianópolis (Santa Catarina), atraves de monitoramento do tipo Regular com a mare Vazia e vento Noroeste. Espécie: Caretta caretta, Indeterminado Sim ,,,esta ameacada de extincao. Foi encontrado Morto em ambiente Outros com o Cod de carcaca 4 e Não apresentava oleo.</b><br>"
647;"<b>Indivíduo de numero 647 registrado pela equipe do Trecho 03 na cidade de Florianópolis (Santa Catarina), atraves de monitoramento do tipo Regular com a mare Vazante e vento Noroeste. Espécie: Chelonia mydas, Juvenil Sim ,,,esta ameacada de extincao. Foi encontrado Morto em ambiente Arenoso com o Cod de carcaca 4 e Não apresentava oleo.</b><br>"
648;"<b>Indivíduo de numero 648 registrado pela equipe do Trecho 05 na cidade de São Francisco Do Sul (Santa Catarina), atraves de monitoramento do tipo Acionamento com a mare Enchente e vento N/A. Espécie: Caretta caretta, Indeterminado Sim ,,,esta ameacada de extincao. Foi encontrado Morto em ambiente Arenoso com o Cod de carcaca 4 e Não apresentava oleo.</b><br>"
649;"<b>Indivíduo de numero 649 registrado pela equipe do Trecho 06 na cidade de Matinhos (Paraná), atraves de monitoramento do tipo Regular com a mare Vazante e vento Leste. Espécie: Chelonia mydas, Juvenil Sim ,,,esta ameacada de extincao. Foi encontrado Morto em ambiente Arenoso com o Cod de carcaca 2 e Não apresentava oleo.</b><br>"
650;"<b>Indivíduo de numero 650 registrado pela equipe do Trecho 06 na cidade de Guaratuba (Paraná), atraves de monitoramento do tipo Regular com a mare Vazante e vento Norte. Espécie: Chelonia mydas, Juvenil Sim ,,,esta ameacada de extincao. Foi encontrado Morto em ambiente Arenoso com o Cod de carcaca 4 e Não apresentava oleo.</b><br>"
651;"<b>Indivíduo de numero 651 registrado pela equipe do Trecho 01 na cidade de Imbituba (Santa Catarina), atraves de monitoramento do tipo Regular com a mare Vazante e vento Nordeste. Espécie: Chelonia mydas, Juvenil Sim ,,,esta ameacada de extincao. Foi encontrado Morto em ambiente Arenoso com o Cod de carcaca 5 e Não apresentava oleo.</b><br>"
652;"<b>Indivíduo de numero 652 registrado pela equipe do Trecho 01 na cidade de Imbituba (Santa Catarina), atraves de monitoramento do tipo Regular com a mare Vazante e vento Nordeste. Espécie: Larus dominicanus, Juvenil Não ,,,esta ameacada de extincao. Foi encontrado Morto em ambiente Arenoso com o Cod de carcaca 5 e Não apresentava oleo.</b><br>"
653;"<b>Indivíduo de numero 653 registrado pela equipe do Trecho 06 na cidade de Matinhos,Pontal Do Paraná (Paraná), atraves de monitoramento do tipo Acionamento com a mare Enchente e vento Nordeste. Espécie: Chelonia mydas, Juvenil Sim ,,,esta ameacada de extincao. Foi encontrado Morto em ambiente Arenoso com o Cod de carcaca 4 e Não apresentava oleo.</b><br>"
654;"<b>Indivíduo de numero 654 registrado pela equipe do Trecho 01 na cidade de Laguna (Santa Catarina), atraves de monitoramento do tipo Regular com a mare Vazante e vento Nordeste. Espécie: Puffinus gravis, Indeterminado Não ,,,esta ameacada de extincao. Foi encontrado Morto em ambiente Arenoso com o Cod de carcaca 4 e Não apresentava oleo.</b><br>"
655;"<b>Indivíduo de numero 655 registrado pela equipe do Trecho 01 na cidade de Laguna (Santa Catarina), atraves de monitoramento do tipo Regular com a mare Vazante e vento Nordeste. Espécie: Spheniscus magellanicus, Juvenil Não ,,,esta ameacada de extincao. Foi encontrado Morto em ambiente Arenoso com o Cod de carcaca 4 e Não apresentava oleo.</b><br>"
656;"<b>Indivíduo de numero 656 registrado pela equipe do Trecho 05 na cidade de Itapoá (Santa Catarina), atraves de monitoramento do tipo Regular com a mare Enchente e vento Sudoeste. Espécie: Puffinus puffinus, Indeterminado Não ,,,esta ameacada de extincao. Foi encontrado Morto em ambiente Arenoso com o Cod de carcaca 4 e Não apresentava oleo.</b><br>"
657;"<b>Indivíduo de numero 657 registrado pela equipe do Trecho 05 na cidade de Itapoá (Santa Catarina), atraves de monitoramento do tipo Regular com a mare Enchente e vento Sudoeste. Espécie: Puffinus puffinus, Juvenil Não ,,,esta ameacada de extincao. Foi encontrado Morto em ambiente Arenoso com o Cod de carcaca 4 e Não apresentava oleo.</b><br>"
658;"<b>Indivíduo de numero 658 registrado pela equipe do Trecho 05 na cidade de Itapoá (Santa Catarina), atraves de monitoramento do tipo Regular com a mare Vazante e vento Sul. Espécie: Chelonia mydas, Indeterminado Sim ,,,esta ameacada de extincao. Foi encontrado Morto em ambiente Arenoso com o Cod de carcaca 4 e Não apresentava oleo.</b><br>"
659;"<b>Indivíduo de numero 659 registrado pela equipe do Trecho 05 na cidade de Itapoá (Santa Catarina), atraves de monitoramento do tipo Regular com a mare Vazante e vento Sul. Espécie: Puffinus gravis, Juvenil Não ,,,esta ameacada de extincao. Foi encontrado Morto em ambiente Arenoso com o Cod de carcaca 4 e Não apresentava oleo.</b><br>"
660;"<b>Indivíduo de numero 660 registrado pela equipe do Trecho 05 na cidade de Itapoá (Santa Catarina), atraves de monitoramento do tipo Regular com a mare Vazante e vento Sul. Espécie: Puffinus puffinus, Juvenil Não ,,,esta ameacada de extincao. Foi encontrado Morto em ambiente Arenoso com o Cod de carcaca 4 e Não apresentava oleo.</b><br>"
661;"<b>Indivíduo de numero 661 registrado pela equipe do Trecho 05 na cidade de Itapoá (Santa Catarina), atraves de monitoramento do tipo Regular com a mare Vazante e vento Sul. Espécie: Larus dominicanus, Juvenil Não ,,,esta ameacada de extincao. Foi encontrado Morto em ambiente Arenoso com o Cod de carcaca 4 e Não apresentava oleo.</b><br>"
662;"<b>Indivíduo de numero 662 registrado pela equipe do Trecho 05 na cidade de Itapoá (Santa Catarina), atraves de monitoramento do tipo Regular com a mare Vazante e vento Sul. Espécie: Chelonia mydas, Indeterminado Sim ,,,esta ameacada de extincao. Foi encontrado Morto em ambiente Arenoso com o Cod de carcaca 4 e Não apresentava oleo.</b><br>"
663;"<b>Indivíduo de numero 663 registrado pela equipe do Trecho 02 na cidade de Garopaba (Santa Catarina), atraves de monitoramento do tipo Regular com a mare Vazante e vento Nordeste. Espécie: Pontoporia blainvillei, Adulto Sim ,,,esta ameacada de extincao. Foi encontrado Morto em ambiente Arenoso com o Cod de carcaca 4 e Não apresentava oleo.</b><br>"
664;"<b>Indivíduo de numero 664 registrado pela equipe do Trecho 06 na cidade de Matinhos (Paraná), atraves de monitoramento do tipo Acionamento com a mare Indeterminado e vento Nordeste. Espécie: Puffinus gravis, Adulto Não ,,,esta ameacada de extincao. Foi encontrado Morto em ambiente Outros com o Cod de carcaca 2 e Sim apresentava oleo.</b><br>"
665;"<b>Indivíduo de numero 665 registrado pela equipe do Trecho 06 na cidade de Matinhos,Pontal Do Paraná (Paraná), atraves de monitoramento do tipo Regular com a mare Vazante e vento Norte. Espécie: Sula leucogaster, Adulto Não ,,,esta ameacada de extincao. Foi encontrado Morto em ambiente Arenoso com o Cod de carcaca 4 e Não apresentava oleo.</b><br>"
666;"<b>Indivíduo de numero 666 registrado pela equipe do Trecho 06 na cidade de Matinhos,Pontal Do Paraná (Paraná), atraves de monitoramento do tipo Regular com a mare Vazante e vento Leste. Espécie: Sotalia guianensis, Juvenil Sim ,,,esta ameacada de extincao. Foi encontrado Morto em ambiente Arenoso com o Cod de carcaca 4 e Não apresentava oleo.</b><br>"
667;"<b>Indivíduo de numero 667 registrado pela equipe do Trecho 06 na cidade de Matinhos,Pontal Do Paraná (Paraná), atraves de monitoramento do tipo Regular com a mare Vazante e vento Leste. Espécie: Puffinus puffinus, Indeterminado Não ,,,esta ameacada de extincao. Foi encontrado Morto em ambiente Arenoso com o Cod de carcaca 4 e Não apresentava oleo.</b><br>"
669;"<b>Indivíduo de numero 669 registrado pela equipe do Trecho 04 na cidade de Penha (Santa Catarina), atraves de monitoramento do tipo Regular com a mare Enchente e vento Norte. Espécie: Larus dominicanus, Juvenil Não ,,,esta ameacada de extincao. Foi encontrado Morto em ambiente Arenoso com o Cod de carcaca 4 e Não apresentava oleo.</b><br>"
670;"<b>Indivíduo de numero 670 registrado pela equipe do Trecho 04 na cidade de Penha (Santa Catarina), atraves de monitoramento do tipo Regular com a mare Enchente e vento Norte. Espécie: Chelonia mydas, Juvenil Sim ,,,esta ameacada de extincao. Foi encontrado Morto em ambiente Arenoso com o Cod de carcaca 4 e Não apresentava oleo.</b><br>"
671;"<b>Indivíduo de numero 671 registrado pela equipe do Trecho 04 na cidade de Penha (Santa Catarina), atraves de monitoramento do tipo Regular com a mare Enchente e vento Norte. Espécie: Chelonia mydas, Juvenil Sim ,,,esta ameacada de extincao. Foi encontrado Morto em ambiente Arenoso com o Cod de carcaca 4 e Não apresentava oleo.</b><br>"
672;"<b>Indivíduo de numero 672 registrado pela equipe do Trecho 04 na cidade de Penha (Santa Catarina), atraves de monitoramento do tipo Regular com a mare Enchente e vento Norte. Espécie: Caretta caretta, Juvenil Sim ,,,esta ameacada de extincao. Foi encontrado Morto em ambiente Arenoso com o Cod de carcaca 4 e Não apresentava oleo.</b><br>"
673;"<b>Indivíduo de numero 673 registrado pela equipe do Trecho 04 na cidade de Balneário Piçarras (Santa Catarina), atraves de monitoramento do tipo Regular com a mare Vazante e vento Norte. Espécie: Chelonia mydas, Juvenil Sim ,,,esta ameacada de extincao. Foi encontrado Morto em ambiente Arenoso com o Cod de carcaca 4 e Não apresentava oleo.</b><br>"
674;"<b>Indivíduo de numero 674 registrado pela equipe do Trecho 04 na cidade de Itapema (Santa Catarina), atraves de monitoramento do tipo Regular com a mare Vazante e vento Nordeste. Espécie: Caretta caretta, Juvenil Sim ,,,esta ameacada de extincao. Foi encontrado Morto em ambiente Arenoso com o Cod de carcaca 4 e Não apresentava oleo.</b><br>"
675;"<b>Indivíduo de numero 675 registrado pela equipe do Trecho 04 na cidade de Porto Belo (Santa Catarina), atraves de monitoramento do tipo Regular com a mare Vazante e vento Nordeste. Espécie: Chelonia mydas, Juvenil Sim ,,,esta ameacada de extincao. Foi encontrado Morto em ambiente Arenoso com o Cod de carcaca 4 e Não apresentava oleo.</b><br>"
676;"<b>Indivíduo de numero 676 registrado pela equipe do Trecho 04 na cidade de Bombinhas (Santa Catarina), atraves de monitoramento do tipo Regular com a mare Vazante e vento Nordeste. Espécie: Chelonia mydas, Juvenil Sim ,,,esta ameacada de extincao. Foi encontrado Morto em ambiente Arenoso com o Cod de carcaca 4 e Não apresentava oleo.</b><br>"
677;"<b>Indivíduo de numero 677 registrado pela equipe do Trecho 06 na cidade de Paranaguá (Paraná), atraves de monitoramento do tipo Regular com a mare Vazante e vento Norte. Espécie: Chelonia mydas, Juvenil Sim ,,,esta ameacada de extincao. Foi encontrado Morto em ambiente Arenoso com o Cod de carcaca 4 e Não apresentava oleo.</b><br>"
678;"<b>Indivíduo de numero 678 registrado pela equipe do Trecho 02 na cidade de Palhoça (Santa Catarina), atraves de monitoramento do tipo Acionamento com a mare Enchente e vento Nordeste. Espécie: Mirounga leonina, Juvenil Não ,,,esta ameacada de extincao. Foi encontrado Vivo em ambiente Arenoso com o Cod de carcaca 1 e Não apresentava oleo.</b><br>"
679;"<b>Indivíduo de numero 679 registrado pela equipe do Trecho 01 na cidade de Laguna (Santa Catarina), atraves de monitoramento do tipo Acionamento com a mare Enchente e vento Nordeste. Espécie: Chelonia mydas, Juvenil Sim ,,,esta ameacada de extincao. Foi encontrado Vivo em ambiente Arenoso com o Cod de carcaca 1 e Não apresentava oleo.</b><br>"
680;"<b>Indivíduo de numero 680 registrado pela equipe do Trecho 01 na cidade de Imbituba (Santa Catarina), atraves de monitoramento do tipo Regular com a mare Enchente e vento Nordeste. Espécie: Puffinus puffinus, Indeterminado Não ,,,esta ameacada de extincao. Foi encontrado Morto em ambiente Arenoso com o Cod de carcaca 4 e Não apresentava oleo.</b><br>"
681;"<b>Indivíduo de numero 681 registrado pela equipe do Trecho 01 na cidade de Imbituba (Santa Catarina), atraves de monitoramento do tipo Regular com a mare Enchente e vento Nordeste. Espécie: Chelonia mydas, Juvenil Sim ,,,esta ameacada de extincao. Foi encontrado Morto em ambiente Arenoso com o Cod de carcaca 4 e Não apresentava oleo.</b><br>"
682;"<b>Indivíduo de numero 682 registrado pela equipe do Trecho 03 na cidade de Florianópolis (Santa Catarina), atraves de monitoramento do tipo Acionamento com a mare Enchente e vento Norte. Espécie: Chelonia mydas, Juvenil Sim ,,,esta ameacada de extincao. Foi encontrado Morto em ambiente Arenoso com o Cod de carcaca 3 e Não apresentava oleo.</b><br>"
683;"<b>Indivíduo de numero 683 registrado pela equipe do Trecho 01 na cidade de Imbituba (Santa Catarina), atraves de monitoramento do tipo Regular com a mare Vazante e vento Nordeste. Espécie: Phalacrocorax brasilianus, Adulto Não ,,,esta ameacada de extincao. Foi encontrado Morto em ambiente Arenoso com o Cod de carcaca 4 e Não apresentava oleo.</b><br>"
684;"<b>Indivíduo de numero 684 registrado pela equipe do Trecho 01 na cidade de Imbituba (Santa Catarina), atraves de monitoramento do tipo Regular com a mare Vazante e vento Nordeste. Espécie: Puffinus puffinus, Juvenil Não ,,,esta ameacada de extincao. Foi encontrado Morto em ambiente Arenoso com o Cod de carcaca 3 e Não apresentava oleo.</b><br>"
685;"<b>Indivíduo de numero 685 registrado pela equipe do Trecho 01 na cidade de Imbituba (Santa Catarina), atraves de monitoramento do tipo Regular com a mare Enchente e vento Nordeste. Espécie: Chelonia mydas, Juvenil Sim ,,,esta ameacada de extincao. Foi encontrado Morto em ambiente Arenoso com o Cod de carcaca 4 e Não apresentava oleo.</b><br>"
686;"<b>Indivíduo de numero 686 registrado pela equipe do Trecho 03 na cidade de Florianópolis (Santa Catarina), atraves de monitoramento do tipo Regular com a mare Enchente e vento Sul. Espécie: Chelonia mydas, Juvenil Sim ,,,esta ameacada de extincao. Foi encontrado Morto em ambiente Arenoso com o Cod de carcaca 4 e Não apresentava oleo.</b><br>"
687;"<b>Indivíduo de numero 687 registrado pela equipe do Trecho 03 na cidade de Florianópolis (Santa Catarina), atraves de monitoramento do tipo Regular com a mare Vazante e vento Sul. Espécie: Chelonia mydas, Juvenil Sim ,,,esta ameacada de extincao. Foi encontrado Morto em ambiente Arenoso com o Cod de carcaca 5 e Não apresentava oleo.</b><br>"
688;"<b>Indivíduo de numero 688 registrado pela equipe do Trecho 03 na cidade de Florianópolis (Santa Catarina), atraves de monitoramento do tipo Regular com a mare Vazante e vento Sul. Espécie: Chelonia mydas, Juvenil Sim ,,,esta ameacada de extincao. Foi encontrado Morto em ambiente Arenoso com o Cod de carcaca 4 e Não apresentava oleo.</b><br>"
689;"<b>Indivíduo de numero 689 registrado pela equipe do Trecho 03 na cidade de Florianópolis (Santa Catarina), atraves de monitoramento do tipo Regular com a mare Vazante e vento Noroeste. Espécie: Chelonia mydas, Juvenil Sim ,,,esta ameacada de extincao. Foi encontrado Morto em ambiente Arenoso com o Cod de carcaca 4 e Não apresentava oleo.</b><br>"
690;"<b>Indivíduo de numero 690 registrado pela equipe do Trecho 06 na cidade de Guaratuba (Paraná), atraves de monitoramento do tipo Regular com a mare Vazante e vento Leste. Espécie: Chelonia mydas, Juvenil Sim ,,,esta ameacada de extincao. Foi encontrado Morto em ambiente Arenoso com o Cod de carcaca 4 e Não apresentava oleo.</b><br>"
691;"<b>Indivíduo de numero 691 registrado pela equipe do Trecho 06 na cidade de Guaratuba (Paraná), atraves de monitoramento do tipo Regular com a mare Vazante e vento Norte. Espécie: Caretta caretta, Juvenil Sim ,,,esta ameacada de extincao. Foi encontrado Morto em ambiente Arenoso com o Cod de carcaca 4 e Não apresentava oleo.</b><br>"
692;"<b>Indivíduo de numero 692 registrado pela equipe do Trecho 06 na cidade de Guaratuba (Paraná), atraves de monitoramento do tipo Regular com a mare Vazante e vento Norte. Espécie: Caretta caretta, Juvenil Sim ,,,esta ameacada de extincao. Foi encontrado Morto em ambiente Arenoso com o Cod de carcaca 4 e Não apresentava oleo.</b><br>"
693;"<b>Indivíduo de numero 693 registrado pela equipe do Trecho 02 na cidade de Garopaba (Santa Catarina), atraves de monitoramento do tipo Regular com a mare Enchente e vento Nordeste. Espécie: Thalassarche chlororhynchos, Indeterminado Sim ,,,esta ameacada de extincao. Foi encontrado Morto em ambiente Arenoso com o Cod de carcaca 4 e Não apresentava oleo.</b><br>"
694;"<b>Indivíduo de numero 694 registrado pela equipe do Trecho 02 na cidade de Garopaba (Santa Catarina), atraves de monitoramento do tipo Regular com a mare Enchente e vento Nordeste. Espécie: Larus dominicanus, Juvenil Não ,,,esta ameacada de extincao. Foi encontrado Morto em ambiente Arenoso com o Cod de carcaca 4 e Não apresentava oleo.</b><br>"
695;"<b>Indivíduo de numero 695 registrado pela equipe do Trecho 02 na cidade de Garopaba (Santa Catarina), atraves de monitoramento do tipo Regular com a mare Enchente e vento Nordeste. Espécie: Chelonia mydas, Juvenil Sim ,,,esta ameacada de extincao. Foi encontrado Morto em ambiente Arenoso com o Cod de carcaca 5 e Não apresentava oleo.</b><br>"
696;"<b>Indivíduo de numero 696 registrado pela equipe do Trecho 02 na cidade de Garopaba (Santa Catarina), atraves de monitoramento do tipo Regular com a mare Enchente e vento Nordeste. Espécie: Spheniscus magellanicus, Juvenil Não ,,,esta ameacada de extincao. Foi encontrado Morto em ambiente Arenoso com o Cod de carcaca 4 e Não apresentava oleo.</b><br>"
697;"<b>Indivíduo de numero 697 registrado pela equipe do Trecho 04 na cidade de Bombinhas (Santa Catarina), atraves de monitoramento do tipo Regular com a mare Enchente e vento Nordeste. Espécie: Chelonia mydas, Juvenil Sim ,,,esta ameacada de extincao. Foi encontrado Morto em ambiente Arenoso com o Cod de carcaca 4 e Não apresentava oleo.</b><br>"
698;"<b>Indivíduo de numero 698 registrado pela equipe do Trecho 04 na cidade de Bombinhas (Santa Catarina), atraves de monitoramento do tipo Regular com a mare Vazante e vento Nordeste. Espécie: Chelonia mydas, Juvenil Sim ,,,esta ameacada de extincao. Foi encontrado Morto em ambiente Arenoso com o Cod de carcaca 4 e Não apresentava oleo.</b><br>"
699;"<b>Indivíduo de numero 699 registrado pela equipe do Trecho 02 na cidade de Garopaba (Santa Catarina), atraves de monitoramento do tipo Regular com a mare Vazia e vento Norte. Espécie: Spheniscus magellanicus, Juvenil Não ,,,esta ameacada de extincao. Foi encontrado Morto em ambiente Arenoso com o Cod de carcaca 4 e Não apresentava oleo.</b><br>"
700;"<b>Indivíduo de numero 700 registrado pela equipe do Trecho 02 na cidade de Garopaba (Santa Catarina), atraves de monitoramento do tipo Regular com a mare Vazia e vento Norte. Espécie: Pontoporia blainvillei, Indeterminado Sim ,,,esta ameacada de extincao. Foi encontrado Morto em ambiente Arenoso com o Cod de carcaca 5 e Não apresentava oleo.</b><br>"
701;"<b>Indivíduo de numero 701 registrado pela equipe do Trecho 02 na cidade de Garopaba (Santa Catarina), atraves de monitoramento do tipo Regular com a mare Vazia e vento Norte. Espécie: Chelonia mydas, Juvenil Sim ,,,esta ameacada de extincao. Foi encontrado Morto em ambiente Arenoso com o Cod de carcaca 5 e Não apresentava oleo.</b><br>"
702;"<b>Indivíduo de numero 702 registrado pela equipe do Trecho 02 na cidade de Garopaba (Santa Catarina), atraves de monitoramento do tipo Regular com a mare Vazia e vento Norte. Espécie: Chelonia mydas, Juvenil Sim ,,,esta ameacada de extincao. Foi encontrado Morto em ambiente Arenoso com o Cod de carcaca 5 e Não apresentava oleo.</b><br>"
703;"<b>Indivíduo de numero 703 registrado pela equipe do Trecho 02 na cidade de Garopaba (Santa Catarina), atraves de monitoramento do tipo Regular com a mare Vazante e vento Norte. Espécie: Spheniscus magellanicus, Juvenil Não ,,,esta ameacada de extincao. Foi encontrado Morto em ambiente Arenoso com o Cod de carcaca 4 e Não apresentava oleo.</b><br>"
704;"<b>Indivíduo de numero 704 registrado pela equipe do Trecho 02 na cidade de Palhoça (Santa Catarina), atraves de monitoramento do tipo Regular com a mare Vazante e vento Nordeste. Espécie: Chelonia mydas, Juvenil Sim ,,,esta ameacada de extincao. Foi encontrado Morto em ambiente Arenoso com o Cod de carcaca 5 e Não apresentava oleo.</b><br>"
705;"<b>Indivíduo de numero 705 registrado pela equipe do Trecho 02 na cidade de Palhoça (Santa Catarina), atraves de monitoramento do tipo Regular com a mare Vazante e vento Norte. Espécie: Chelonia mydas, Juvenil Sim ,,,esta ameacada de extincao. Foi encontrado Morto em ambiente Arenoso com o Cod de carcaca 4 e Não apresentava oleo.</b><br>"
706;"<b>Indivíduo de numero 706 registrado pela equipe do Trecho 06 na cidade de Matinhos,Pontal Do Paraná (Paraná), atraves de monitoramento do tipo Regular com a mare Vazante e vento Sul. Espécie: Chelonia mydas, Juvenil Sim ,,,esta ameacada de extincao. Foi encontrado Morto em ambiente Arenoso com o Cod de carcaca 2 e Não apresentava oleo.</b><br>"
707;"<b>Indivíduo de numero 707 registrado pela equipe do Trecho 06 na cidade de Matinhos,Pontal Do Paraná (Paraná), atraves de monitoramento do tipo Regular com a mare Vazante e vento Sudoeste. Espécie: Puffinus puffinus, Juvenil Não ,,,esta ameacada de extincao. Foi encontrado Morto em ambiente Arenoso com o Cod de carcaca 2 e Não apresentava oleo.</b><br>"
708;"<b>Indivíduo de numero 708 registrado pela equipe do Trecho 06 na cidade de Matinhos,Pontal Do Paraná (Paraná), atraves de monitoramento do tipo Regular com a mare Vazante e vento Sul. Espécie: Puffinus puffinus, Indeterminado Não ,,,esta ameacada de extincao. Foi encontrado Morto em ambiente Arenoso com o Cod de carcaca 4 e Não apresentava oleo.</b><br>"
709;"<b>Indivíduo de numero 709 registrado pela equipe do Trecho 06 na cidade de Matinhos,Pontal Do Paraná (Paraná), atraves de monitoramento do tipo Regular com a mare Vazante e vento Sul. Espécie: Chelonia mydas, Juvenil Sim ,,,esta ameacada de extincao. Foi encontrado Morto em ambiente Arenoso com o Cod de carcaca 4 e Não apresentava oleo.</b><br>"
710;"<b>Indivíduo de numero 710 registrado pela equipe do Trecho 06 na cidade de Matinhos,Pontal Do Paraná (Paraná), atraves de monitoramento do tipo Regular com a mare Vazante e vento Sul. Espécie: Caretta caretta, Juvenil Sim ,,,esta ameacada de extincao. Foi encontrado Morto em ambiente Arenoso com o Cod de carcaca 4 e Não apresentava oleo.</b><br>"
711;"<b>Indivíduo de numero 711 registrado pela equipe do Trecho 05 na cidade de São Francisco Do Sul (Santa Catarina), atraves de monitoramento do tipo Regular com a mare Vazante e vento Nordeste. Espécie: Caretta caretta, Indeterminado Sim ,,,esta ameacada de extincao. Foi encontrado Morto em ambiente Arenoso com o Cod de carcaca 4 e Não apresentava oleo.</b><br>"
712;"<b>Indivíduo de numero 712 registrado pela equipe do Trecho 05 na cidade de São Francisco Do Sul (Santa Catarina), atraves de monitoramento do tipo Regular com a mare Vazante e vento Nordeste. Espécie: Chelonia mydas, Indeterminado Sim ,,,esta ameacada de extincao. Foi encontrado Morto em ambiente Arenoso com o Cod de carcaca 4 e Não apresentava oleo.</b><br>"
713;"<b>Indivíduo de numero 713 registrado pela equipe do Trecho 05 na cidade de São Francisco Do Sul (Santa Catarina), atraves de monitoramento do tipo Regular com a mare Vazante e vento Nordeste. Espécie: Chelonia mydas, Indeterminado Sim ,,,esta ameacada de extincao. Foi encontrado Morto em ambiente Arenoso com o Cod de carcaca 4 e Não apresentava oleo.</b><br>"
714;"<b>Indivíduo de numero 714 registrado pela equipe do Trecho 05 na cidade de São Francisco Do Sul (Santa Catarina), atraves de monitoramento do tipo Regular com a mare Vazante e vento Nordeste. Espécie: Caretta caretta, Indeterminado Sim ,,,esta ameacada de extincao. Foi encontrado Morto em ambiente Arenoso com o Cod de carcaca 4 e Não apresentava oleo.</b><br>"
715;"<b>Indivíduo de numero 715 registrado pela equipe do Trecho 04 na cidade de Balneário Piçarras (Santa Catarina), atraves de monitoramento do tipo Regular com a mare Enchente e vento Sudeste. Espécie: Chelonia mydas, Juvenil Sim ,,,esta ameacada de extincao. Foi encontrado Morto em ambiente Arenoso com o Cod de carcaca 4 e Não apresentava oleo.</b><br>"
716;"<b>Indivíduo de numero 716 registrado pela equipe do Trecho 01 na cidade de Laguna (Santa Catarina), atraves de monitoramento do tipo Regular com a mare Enchente e vento Nordeste. Espécie: Larus dominicanus, Juvenil Não ,,,esta ameacada de extincao. Foi encontrado Morto em ambiente Arenoso com o Cod de carcaca 4 e Não apresentava oleo.</b><br>"
717;"<b>Indivíduo de numero 717 registrado pela equipe do Trecho 06 na cidade de Paranaguá (Paraná), atraves de monitoramento do tipo Regular com a mare Vazante e vento Noroeste. Espécie: Chelonia mydas, Juvenil Sim ,,,esta ameacada de extincao. Foi encontrado Morto em ambiente Arenoso com o Cod de carcaca 4 e Não apresentava oleo.</b><br>"
718;"<b>Indivíduo de numero 718 registrado pela equipe do Trecho 05 na cidade de Itapoá (Santa Catarina), atraves de monitoramento do tipo Regular com a mare Enchente e vento Norte. Espécie: Chelonia mydas, Indeterminado Sim ,,,esta ameacada de extincao. Foi encontrado Morto em ambiente Arenoso com o Cod de carcaca 4 e Não apresentava oleo.</b><br>"
719;"<b>Indivíduo de numero 719 registrado pela equipe do Trecho 05 na cidade de Itapoá (Santa Catarina), atraves de monitoramento do tipo Regular com a mare Vazia e vento N/A. Espécie: Chelonia mydas, Juvenil Sim ,,,esta ameacada de extincao. Foi encontrado Morto em ambiente Arenoso com o Cod de carcaca 4 e Não apresentava oleo.</b><br>"
720;"<b>Indivíduo de numero 720 registrado pela equipe do Trecho 05 na cidade de Itapoá (Santa Catarina), atraves de monitoramento do tipo Regular com a mare Vazia e vento N/A. Espécie: Chelonia mydas, Juvenil Sim ,,,esta ameacada de extincao. Foi encontrado Morto em ambiente Arenoso com o Cod de carcaca 4 e Não apresentava oleo.</b><br>"
721;"<b>Indivíduo de numero 721 registrado pela equipe do Trecho 01 na cidade de Laguna (Santa Catarina), atraves de monitoramento do tipo Acionamento com a mare Vazante e vento Sul. Espécie: Chelonia mydas, Juvenil Sim ,,,esta ameacada de extincao. Foi encontrado Morto em ambiente Arenoso com o Cod de carcaca 4 e Não apresentava oleo.</b><br>"
722;"<b>Indivíduo de numero 722 registrado pela equipe do Trecho 03 na cidade de Florianópolis (Santa Catarina), atraves de monitoramento do tipo Acionamento com a mare Enchente e vento Sul. Espécie: Spheniscus magellanicus, Juvenil Não ,,,esta ameacada de extincao. Foi encontrado Vivo em ambiente Arenoso com o Cod de carcaca 1 e Não apresentava oleo.</b><br>"
723;"<b>Indivíduo de numero 723 registrado pela equipe do Trecho 06 na cidade de Guaratuba (Paraná), atraves de monitoramento do tipo Regular com a mare Vazante e vento Oeste. Espécie: Caretta caretta, Indeterminado Sim ,,,esta ameacada de extincao. Foi encontrado Morto em ambiente Arenoso com o Cod de carcaca 5 e Não apresentava oleo.</b><br>"
724;"<b>Indivíduo de numero 724 registrado pela equipe do Trecho 05 na cidade de São Francisco Do Sul (Santa Catarina), atraves de monitoramento do tipo Regular com a mare Vazante e vento Sudeste. Espécie: Puffinus puffinus, Juvenil Não ,,,esta ameacada de extincao. Foi encontrado Morto em ambiente Arenoso com o Cod de carcaca 4 e Não apresentava oleo.</b><br>"
725;"<b>Indivíduo de numero 725 registrado pela equipe do Trecho 05 na cidade de São Francisco Do Sul (Santa Catarina), atraves de monitoramento do tipo Regular com a mare Vazante e vento Sudeste. Espécie: Spheniscus magellanicus, Indeterminado Não ,,,esta ameacada de extincao. Foi encontrado Morto em ambiente Arenoso com o Cod de carcaca 4 e Não apresentava oleo.</b><br>"
726;"<b>Indivíduo de numero 726 registrado pela equipe do Trecho 06 na cidade de Matinhos,Pontal Do Paraná (Paraná), atraves de monitoramento do tipo Regular com a mare Vazia e vento Sudeste. Espécie: Chelonia mydas, Juvenil Sim ,,,esta ameacada de extincao. Foi encontrado Morto em ambiente Arenoso com o Cod de carcaca 4 e Não apresentava oleo.</b><br>"
727;"<b>Indivíduo de numero 727 registrado pela equipe do Trecho 03 na cidade de Florianópolis (Santa Catarina), atraves de monitoramento do tipo Regular com a mare Enchente e vento Sul. Espécie: Pontoporia blainvillei, Indeterminado Sim ,,,esta ameacada de extincao. Foi encontrado Morto em ambiente Arenoso com o Cod de carcaca 5 e Não apresentava oleo.</b><br>"
728;"<b>Indivíduo de numero 728 registrado pela equipe do Trecho 03 na cidade de Florianópolis (Santa Catarina), atraves de monitoramento do tipo Regular com a mare Enchente e vento Sul. Espécie: Chelonia mydas, Juvenil Sim ,,,esta ameacada de extincao. Foi encontrado Morto em ambiente Arenoso com o Cod de carcaca 4 e Não apresentava oleo.</b><br>"
729;"<b>Indivíduo de numero 729 registrado pela equipe do Trecho 06 na cidade de Guaraqueçaba (Paraná), atraves de monitoramento do tipo Regular com a mare Vazante e vento Sul. Espécie: Caretta caretta, Juvenil Sim ,,,esta ameacada de extincao. Foi encontrado Morto em ambiente Arenoso com o Cod de carcaca 4 e Não apresentava oleo.</b><br>"
730;"<b>Indivíduo de numero 730 registrado pela equipe do Trecho 06 na cidade de Paranaguá (Paraná), atraves de monitoramento do tipo Regular com a mare Vazante e vento Sudoeste. Espécie: Caretta caretta, Juvenil Sim ,,,esta ameacada de extincao. Foi encontrado Morto em ambiente Arenoso com o Cod de carcaca 4 e Não apresentava oleo.</b><br>"
731;"<b>Indivíduo de numero 731 registrado pela equipe do Trecho 04 na cidade de Navegantes (Santa Catarina), atraves de monitoramento do tipo Regular com a mare Vazante e vento Sudoeste. Espécie: Chelonia mydas, Juvenil Sim ,,,esta ameacada de extincao. Foi encontrado Morto em ambiente Arenoso com o Cod de carcaca 4 e Não apresentava oleo.</b><br>"
732;"<b>Indivíduo de numero 732 registrado pela equipe do Trecho 04 na cidade de Barra Velha (Santa Catarina), atraves de monitoramento do tipo Regular com a mare Vazante e vento Oeste. Espécie: Chelonia mydas, Juvenil Sim ,,,esta ameacada de extincao. Foi encontrado Morto em ambiente Arenoso com o Cod de carcaca 4 e Não apresentava oleo.</b><br>"
733;"<b>Indivíduo de numero 733 registrado pela equipe do Trecho 06 na cidade de Matinhos,Pontal Do Paraná (Paraná), atraves de monitoramento do tipo Regular com a mare Vazante e vento Sudeste. Espécie: Chelonia mydas, Juvenil Sim ,,,esta ameacada de extincao. Foi encontrado Morto em ambiente Arenoso com o Cod de carcaca 4 e Não apresentava oleo.</b><br>"
734;"<b>Indivíduo de numero 734 registrado pela equipe do Trecho 06 na cidade de Matinhos,Pontal Do Paraná (Paraná), atraves de monitoramento do tipo Regular com a mare Vazante e vento Sudeste. Espécie: Lepidochelys olivacea, Adulto Sim ,,,esta ameacada de extincao. Foi encontrado Morto em ambiente Arenoso com o Cod de carcaca 4 e Não apresentava oleo.</b><br>"
735;"<b>Indivíduo de numero 735 registrado pela equipe do Trecho 06 na cidade de Matinhos,Pontal Do Paraná (Paraná), atraves de monitoramento do tipo Regular com a mare Vazante e vento Sudeste. Espécie: Larus dominicanus, Juvenil Não ,,,esta ameacada de extincao. Foi encontrado Vivo em ambiente Arenoso com o Cod de carcaca 1 e Não apresentava oleo.</b><br>"
736;"<b>Indivíduo de numero 736 registrado pela equipe do Trecho 06 na cidade de Matinhos,Pontal Do Paraná (Paraná), atraves de monitoramento do tipo Regular com a mare Vazante e vento Sudeste. Espécie: Eretmochelys imbricata, Juvenil Sim ,,,esta ameacada de extincao. Foi encontrado Morto em ambiente Arenoso com o Cod de carcaca 4 e Não apresentava oleo.</b><br>"
737;"<b>Indivíduo de numero 737 registrado pela equipe do Trecho 06 na cidade de Matinhos,Pontal Do Paraná (Paraná), atraves de monitoramento do tipo Regular com a mare Vazante e vento Sudeste. Espécie: Caretta caretta, Juvenil Sim ,,,esta ameacada de extincao. Foi encontrado Morto em ambiente Arenoso com o Cod de carcaca 4 e Não apresentava oleo.</b><br>"
738;"<b>Indivíduo de numero 738 registrado pela equipe do Trecho 06 na cidade de Matinhos,Pontal Do Paraná (Paraná), atraves de monitoramento do tipo Regular com a mare Vazante e vento N/A. Espécie: Chelonia mydas, Juvenil Sim ,,,esta ameacada de extincao. Foi encontrado Morto em ambiente Arenoso com o Cod de carcaca 4 e Não apresentava oleo.</b><br>"
739;"<b>Indivíduo de numero 739 registrado pela equipe do Trecho 06 na cidade de Matinhos,Pontal Do Paraná (Paraná), atraves de monitoramento do tipo Regular com a mare Vazante e vento N/A. Espécie: Sotalia guianensis, Adulto Sim ,,,esta ameacada de extincao. Foi encontrado Morto em ambiente Arenoso com o Cod de carcaca 4 e Não apresentava oleo.</b><br>"
740;"<b>Indivíduo de numero 740 registrado pela equipe do Trecho 02 na cidade de Garopaba (Santa Catarina), atraves de monitoramento do tipo Regular com a mare Vazia e vento Sudoeste. Espécie: Larus dominicanus, Adulto Não ,,,esta ameacada de extincao. Foi encontrado Morto em ambiente Arenoso com o Cod de carcaca 4 e Não apresentava oleo.</b><br>"
741;"<b>Indivíduo de numero 741 registrado pela equipe do Trecho 04 na cidade de Bombinhas (Santa Catarina), atraves de monitoramento do tipo Regular com a mare Vazante e vento Sudeste. Espécie: Chelonia mydas, Juvenil Sim ,,,esta ameacada de extincao. Foi encontrado Morto em ambiente Arenoso com o Cod de carcaca 4 e Não apresentava oleo.</b><br>"
742;"<b>Indivíduo de numero 742 registrado pela equipe do Trecho 04 na cidade de Bombinhas (Santa Catarina), atraves de monitoramento do tipo Regular com a mare Vazante e vento Sudeste. Espécie: Chelonia mydas, Juvenil Sim ,,,esta ameacada de extincao. Foi encontrado Morto em ambiente Arenoso com o Cod de carcaca 4 e Não apresentava oleo.</b><br>"
743;"<b>Indivíduo de numero 743 registrado pela equipe do Trecho 03 na cidade de Florianópolis (Santa Catarina), atraves de monitoramento do tipo Acionamento com a mare Indeterminado e vento N/A. Espécie: Phimosus infuscatus, Juvenil Não ,,,esta ameacada de extincao. Foi encontrado Vivo em ambiente Outros com o Cod de carcaca 1 e Não apresentava oleo.</b><br>"
744;"<b>Indivíduo de numero 744 registrado pela equipe do Trecho 05 na cidade de São Francisco Do Sul (Santa Catarina), atraves de monitoramento do tipo Acionamento com a mare Vazia e vento Sudoeste. Espécie: Larus dominicanus, Juvenil Não ,,,esta ameacada de extincao. Foi encontrado Morto em ambiente Arenoso com o Cod de carcaca 2 e Não apresentava oleo.</b><br>"
745;"<b>Indivíduo de numero 745 registrado pela equipe do Trecho 06 na cidade de Matinhos,Pontal Do Paraná (Paraná), atraves de monitoramento do tipo Acionamento com a mare Enchente e vento Leste. Espécie: Chelonia mydas, Juvenil Sim ,,,esta ameacada de extincao. Foi encontrado Morto em ambiente Arenoso com o Cod de carcaca 4 e Não apresentava oleo.</b><br>"
746;"<b>Indivíduo de numero 746 registrado pela equipe do Trecho 05 na cidade de Itapoá (Santa Catarina), atraves de monitoramento do tipo Regular com a mare Vazia e vento Sudoeste. Espécie: Caretta caretta, Indeterminado Sim ,,,esta ameacada de extincao. Foi encontrado Morto em ambiente Arenoso com o Cod de carcaca 4 e Não apresentava oleo.</b><br>"
747;"<b>Indivíduo de numero 747 registrado pela equipe do Trecho 01 na cidade de Imbituba (Santa Catarina), atraves de monitoramento do tipo Regular com a mare Enchente e vento Sudoeste. Espécie: Larus dominicanus, Juvenil Não ,,,esta ameacada de extincao. Foi encontrado Morto em ambiente Arenoso com o Cod de carcaca 4 e Não apresentava oleo.</b><br>"
748;"<b>Indivíduo de numero 748 registrado pela equipe do Trecho 05 na cidade de Araquari,Balneário Barra Do Sul,Barra Velha (Santa Catarina), atraves de monitoramento do tipo Regular com a mare Vazante e vento Sudeste. Espécie: Chelonia mydas, Indeterminado Sim ,,,esta ameacada de extincao. Foi encontrado Morto em ambiente Arenoso com o Cod de carcaca 4 e Não apresentava oleo.</b><br>"
749;"<b>Indivíduo de numero 749 registrado pela equipe do Trecho 05 na cidade de Araquari,Balneário Barra Do Sul,Barra Velha (Santa Catarina), atraves de monitoramento do tipo Regular com a mare Vazante e vento Sudeste. Espécie: Chelonia mydas, Indeterminado Sim ,,,esta ameacada de extincao. Foi encontrado Morto em ambiente Arenoso com o Cod de carcaca 4 e Não apresentava oleo.</b><br>"
750;"<b>Indivíduo de numero 750 registrado pela equipe do Trecho 05 na cidade de Araquari,Balneário Barra Do Sul,Barra Velha (Santa Catarina), atraves de monitoramento do tipo Regular com a mare Vazante e vento Sudeste. Espécie: Chelonia mydas, Indeterminado Sim ,,,esta ameacada de extincao. Foi encontrado Morto em ambiente Arenoso com o Cod de carcaca 4 e Não apresentava oleo.</b><br>"
751;"<b>Indivíduo de numero 751 registrado pela equipe do Trecho 06 na cidade de Matinhos,Pontal Do Paraná (Paraná), atraves de monitoramento do tipo Regular com a mare Vazante e vento Sudoeste. Espécie: Chelonia mydas, Juvenil Sim ,,,esta ameacada de extincao. Foi encontrado Morto em ambiente Arenoso com o Cod de carcaca 4 e Não apresentava oleo.</b><br>"
752;"<b>Indivíduo de numero 752 registrado pela equipe do Trecho 06 na cidade de Paranaguá (Paraná), atraves de monitoramento do tipo Regular com a mare Vazante e vento Sudoeste. Espécie: Chelonia mydas, Juvenil Sim ,,,esta ameacada de extincao. Foi encontrado Morto em ambiente Arenoso com o Cod de carcaca 5 e Não apresentava oleo.</b><br>"
753;"<b>Indivíduo de numero 753 registrado pela equipe do Trecho 02 na cidade de Palhoça (Santa Catarina), atraves de monitoramento do tipo Regular com a mare Vazante e vento Sudoeste. Espécie: Chelonia mydas, Juvenil Sim ,,,esta ameacada de extincao. Foi encontrado Morto em ambiente Arenoso com o Cod de carcaca 4 e Não apresentava oleo.</b><br>"
754;"<b>Indivíduo de numero 754 registrado pela equipe do Trecho 04 na cidade de Balneário Camboriú (Santa Catarina), atraves de monitoramento do tipo Regular com a mare Vazante e vento Sudoeste. Espécie: Chelonia mydas, Juvenil Sim ,,,esta ameacada de extincao. Foi encontrado Morto em ambiente Arenoso com o Cod de carcaca 4 e Não apresentava oleo.</b><br>"
755;"<b>Indivíduo de numero 755 registrado pela equipe do Trecho 04 na cidade de Itapema (Santa Catarina), atraves de monitoramento do tipo Acionamento com a mare Vazante e vento Sudoeste. Espécie: Chelonia mydas, Indeterminado Sim ,,,esta ameacada de extincao. Foi encontrado Morto em ambiente Arenoso com o Cod de carcaca 4 e Não apresentava oleo.</b><br>"
756;"<b>Indivíduo de numero 756 registrado pela equipe do Trecho 04 na cidade de Itapema (Santa Catarina), atraves de monitoramento do tipo Regular com a mare Vazante e vento Sudoeste. Espécie: Caretta caretta, Indeterminado Sim ,,,esta ameacada de extincao. Foi encontrado Morto em ambiente Arenoso com o Cod de carcaca 4 e Não apresentava oleo.</b><br>"
757;"<b>Indivíduo de numero 757 registrado pela equipe do Trecho 04 na cidade de Penha (Santa Catarina), atraves de monitoramento do tipo Regular com a mare Enchente e vento Oeste. Espécie: Chelonia mydas, Juvenil Sim ,,,esta ameacada de extincao. Foi encontrado Morto em ambiente Arenoso com o Cod de carcaca 4 e Não apresentava oleo.</b><br>"
758;"<b>Indivíduo de numero 758 registrado pela equipe do Trecho 04 na cidade de Balneário Piçarras (Santa Catarina), atraves de monitoramento do tipo Acionamento com a mare Enchente e vento Noroeste. Espécie: Chelonia mydas, Juvenil Sim ,,,esta ameacada de extincao. Foi encontrado Morto em ambiente Arenoso com o Cod de carcaca 4 e Não apresentava oleo.</b><br>"
759;"<b>Indivíduo de numero 759 registrado pela equipe do Trecho 04 na cidade de Balneário Piçarras (Santa Catarina), atraves de monitoramento do tipo Regular com a mare Vazante e vento Oeste. Espécie: Chelonia mydas, Juvenil Sim ,,,esta ameacada de extincao. Foi encontrado Morto em ambiente Arenoso com o Cod de carcaca 4 e Não apresentava oleo.</b><br>"
760;"<b>Indivíduo de numero 760 registrado pela equipe do Trecho 04 na cidade de Balneário Piçarras (Santa Catarina), atraves de monitoramento do tipo Regular com a mare Vazante e vento Oeste. Espécie: Chelonia mydas, Juvenil Sim ,,,esta ameacada de extincao. Foi encontrado Morto em ambiente Arenoso com o Cod de carcaca 4 e Não apresentava oleo.</b><br>"
761;"<b>Indivíduo de numero 761 registrado pela equipe do Trecho 02 na cidade de Garopaba (Santa Catarina), atraves de monitoramento do tipo Regular com a mare Enchente e vento Sul. Espécie: Chelonia mydas, Juvenil Sim ,,,esta ameacada de extincao. Foi encontrado Morto em ambiente Arenoso com o Cod de carcaca 4 e Não apresentava oleo.</b><br>"
762;"<b>Indivíduo de numero 762 registrado pela equipe do Trecho 04 na cidade de Bombinhas (Santa Catarina), atraves de monitoramento do tipo Regular com a mare Vazante e vento Noroeste. Espécie: Chelonia mydas, Juvenil Sim ,,,esta ameacada de extincao. Foi encontrado Morto em ambiente Outros com o Cod de carcaca 4 e Não apresentava oleo.</b><br>"
763;"<b>Indivíduo de numero 763 registrado pela equipe do Trecho 04 na cidade de Bombinhas (Santa Catarina), atraves de monitoramento do tipo Regular com a mare Vazante e vento Noroeste. Espécie: Larus dominicanus, Adulto Não ,,,esta ameacada de extincao. Foi encontrado Morto em ambiente Arenoso com o Cod de carcaca 4 e Não apresentava oleo.</b><br>"
764;"<b>Indivíduo de numero 764 registrado pela equipe do Trecho 01 na cidade de Laguna (Santa Catarina), atraves de monitoramento do tipo Regular com a mare Vazante e vento Sul. Espécie: Larus dominicanus, Juvenil Não ,,,esta ameacada de extincao. Foi encontrado Morto em ambiente Arenoso com o Cod de carcaca 4 e Não apresentava oleo.</b><br>"
765;"<b>Indivíduo de numero 765 registrado pela equipe do Trecho 01 na cidade de Imbituba (Santa Catarina), atraves de monitoramento do tipo Regular com a mare Vazante e vento Sul. Espécie: Spheniscus magellanicus, Juvenil Não ,,,esta ameacada de extincao. Foi encontrado Morto em ambiente Arenoso com o Cod de carcaca 4 e Não apresentava oleo.</b><br>"
766;"<b>Indivíduo de numero 766 registrado pela equipe do Trecho 06 na cidade de Guaratuba (Paraná), atraves de monitoramento do tipo Regular com a mare Enchente e vento Sudeste. Espécie: Chelonia mydas, Juvenil Sim ,,,esta ameacada de extincao. Foi encontrado Morto em ambiente Arenoso com o Cod de carcaca 4 e Não apresentava oleo.</b><br>"
767;"<b>Indivíduo de numero 767 registrado pela equipe do Trecho 05 na cidade de São Francisco Do Sul (Santa Catarina), atraves de monitoramento do tipo Regular com a mare Vazante e vento N/A. Espécie: Puffinus puffinus, Adulto Não ,,,esta ameacada de extincao. Foi encontrado Morto em ambiente Arenoso com o Cod de carcaca 4 e Não apresentava oleo.</b><br>"
768;"<b>Indivíduo de numero 768 registrado pela equipe do Trecho 03 na cidade de Florianópolis (Santa Catarina), atraves de monitoramento do tipo Regular com a mare Enchente e vento Noroeste. Espécie: Larus dominicanus, Juvenil Não ,,,esta ameacada de extincao. Foi encontrado Morto em ambiente Arenoso com o Cod de carcaca 4 e Não apresentava oleo.</b><br>"
769;"<b>Indivíduo de numero 769 registrado pela equipe do Trecho 03 na cidade de Florianópolis (Santa Catarina), atraves de monitoramento do tipo Regular com a mare Enchente e vento Noroeste. Espécie: Spheniscus magellanicus, Juvenil Não ,,,esta ameacada de extincao. Foi encontrado Morto em ambiente Arenoso com o Cod de carcaca 4 e Não apresentava oleo.</b><br>"
770;"<b>Indivíduo de numero 770 registrado pela equipe do Trecho 01 na cidade de Imbituba (Santa Catarina), atraves de monitoramento do tipo Acionamento com a mare Vazante e vento Nordeste. Espécie: Tursiops truncatus, Adulto Não ,,,esta ameacada de extincao. Foi encontrado Morto em ambiente Arenoso com o Cod de carcaca 4 e Não apresentava oleo.</b><br>"
771;"<b>Indivíduo de numero 771 registrado pela equipe do Trecho 06 na cidade de Matinhos,Pontal Do Paraná (Paraná), atraves de monitoramento do tipo Regular com a mare Vazia e vento Leste. Espécie: Chelonia mydas, Juvenil Sim ,,,esta ameacada de extincao. Foi encontrado Morto em ambiente Arenoso com o Cod de carcaca 4 e Não apresentava oleo.</b><br>"
772;"<b>Indivíduo de numero 772 registrado pela equipe do Trecho 02 na cidade de Palhoça (Santa Catarina), atraves de monitoramento do tipo Regular com a mare Vazia e vento Noroeste. Espécie: Chelonia mydas, Juvenil Sim ,,,esta ameacada de extincao. Foi encontrado Morto em ambiente Arenoso com o Cod de carcaca 5 e Não apresentava oleo.</b><br>"
773;"<b>Indivíduo de numero 773 registrado pela equipe do Trecho 02 na cidade de Palhoça (Santa Catarina), atraves de monitoramento do tipo Regular com a mare Vazante e vento Noroeste. Espécie: Chelonia mydas, Juvenil Sim ,,,esta ameacada de extincao. Foi encontrado Morto em ambiente Arenoso com o Cod de carcaca 4 e Não apresentava oleo.</b><br>"
774;"<b>Indivíduo de numero 774 registrado pela equipe do Trecho 01 na cidade de Laguna (Santa Catarina), atraves de monitoramento do tipo Regular com a mare Enchente e vento Sul. Espécie: Calonectris diomedea borealis, Indeterminado Não ,,,esta ameacada de extincao. Foi encontrado Morto em ambiente Arenoso com o Cod de carcaca 4 e Não apresentava oleo.</b><br>"
775;"<b>Indivíduo de numero 775 registrado pela equipe do Trecho 01 na cidade de Laguna (Santa Catarina), atraves de monitoramento do tipo Regular com a mare Enchente e vento Sul. Espécie: Puffinus puffinus, Indeterminado Não ,,,esta ameacada de extincao. Foi encontrado Morto em ambiente Arenoso com o Cod de carcaca 5 e Não apresentava oleo.</b><br>"
776;"<b>Indivíduo de numero 776 registrado pela equipe do Trecho 05 na cidade de Itapoá (Santa Catarina), atraves de monitoramento do tipo Regular com a mare Enchente e vento Norte. Espécie: Caretta caretta, Indeterminado Sim ,,,esta ameacada de extincao. Foi encontrado Morto em ambiente Água com o Cod de carcaca 4 e Não apresentava oleo.</b><br>"
777;"<b>Indivíduo de numero 777 registrado pela equipe do Trecho 04 na cidade de Penha (Santa Catarina), atraves de monitoramento do tipo Regular com a mare Enchente e vento Sul. Espécie: Spheniscus magellanicus, Juvenil Não ,,,esta ameacada de extincao. Foi encontrado Morto em ambiente Arenoso com o Cod de carcaca 4 e Não apresentava oleo.</b><br>"
778;"<b>Indivíduo de numero 778 registrado pela equipe do Trecho 04 na cidade de Penha (Santa Catarina), atraves de monitoramento do tipo Regular com a mare Enchente e vento Sul. Espécie: Pontoporia blainvillei, Juvenil Sim ,,,esta ameacada de extincao. Foi encontrado Morto em ambiente Arenoso com o Cod de carcaca 4 e Não apresentava oleo.</b><br>"
779;"<b>Indivíduo de numero 779 registrado pela equipe do Trecho 04 na cidade de Balneário Piçarras (Santa Catarina), atraves de monitoramento do tipo Regular com a mare Vazante e vento Sul. Espécie: Chelonia mydas, Juvenil Sim ,,,esta ameacada de extincao. Foi encontrado Morto em ambiente Arenoso com o Cod de carcaca 4 e Não apresentava oleo.</b><br>"
780;"<b>Indivíduo de numero 780 registrado pela equipe do Trecho 04 na cidade de Barra Velha (Santa Catarina), atraves de monitoramento do tipo Regular com a mare Vazante e vento Sul. Espécie: Chelonia mydas, Juvenil Sim ,,,esta ameacada de extincao. Foi encontrado Morto em ambiente Arenoso com o Cod de carcaca 4 e Não apresentava oleo.</b><br>"
781;"<b>Indivíduo de numero 781 registrado pela equipe do Trecho 04 na cidade de Barra Velha (Santa Catarina), atraves de monitoramento do tipo Regular com a mare Vazante e vento Sul. Espécie: Chelonia mydas, Juvenil Sim ,,,esta ameacada de extincao. Foi encontrado Morto em ambiente Arenoso com o Cod de carcaca 4 e Não apresentava oleo.</b><br>"
782;"<b>Indivíduo de numero 782 registrado pela equipe do Trecho 05 na cidade de São Francisco Do Sul (Santa Catarina), atraves de monitoramento do tipo Regular com a mare Vazia e vento N/A. Espécie: Chelonia mydas, Juvenil Sim ,,,esta ameacada de extincao. Foi encontrado Morto em ambiente Arenoso com o Cod de carcaca 4 e Não apresentava oleo.</b><br>"
783;"<b>Indivíduo de numero 783 registrado pela equipe do Trecho 06 na cidade de Guaraqueçaba (Paraná), atraves de monitoramento do tipo Acionamento com a mare Enchente e vento Leste. Espécie: Sotalia guianensis, Juvenil Sim ,,,esta ameacada de extincao. Foi encontrado Morto em ambiente Água com o Cod de carcaca 2 e Não apresentava oleo.</b><br>"
784;"<b>Indivíduo de numero 784 registrado pela equipe do Trecho 06 na cidade de Guaratuba (Paraná), atraves de monitoramento do tipo Regular com a mare Enchente e vento Nordeste. Espécie: Chelonia mydas, Juvenil Sim ,,,esta ameacada de extincao. Foi encontrado Morto em ambiente Arenoso com o Cod de carcaca 4 e Não apresentava oleo.</b><br>"
785;"<b>Indivíduo de numero 785 registrado pela equipe do Trecho 05 na cidade de Araquari,Balneário Barra Do Sul,Barra Velha (Santa Catarina), atraves de monitoramento do tipo Regular com a mare Enchente e vento Sudeste. Espécie: Chelonia mydas, Juvenil Sim ,,,esta ameacada de extincao. Foi encontrado Morto em ambiente Arenoso com o Cod de carcaca 4 e Não apresentava oleo.</b><br>"
786;"<b>Indivíduo de numero 786 registrado pela equipe do Trecho 03 na cidade de Florianópolis (Santa Catarina), atraves de monitoramento do tipo Regular com a mare Enchente e vento Leste. Espécie: Caretta caretta, Juvenil Sim ,,,esta ameacada de extincao. Foi encontrado Morto em ambiente Arenoso com o Cod de carcaca 4 e Não apresentava oleo.</b><br>"
787;"<b>Indivíduo de numero 787 registrado pela equipe do Trecho 05 na cidade de São Francisco Do Sul (Santa Catarina), atraves de monitoramento do tipo Regular com a mare Enchente e vento Sul. Espécie: Caretta caretta, Indeterminado Sim ,,,esta ameacada de extincao. Foi encontrado Morto em ambiente Arenoso com o Cod de carcaca 4 e Não apresentava oleo.</b><br>"
788;"<b>Indivíduo de numero 788 registrado pela equipe do Trecho 05 na cidade de São Francisco Do Sul (Santa Catarina), atraves de monitoramento do tipo Regular com a mare Enchente e vento Sul. Espécie: Puffinus puffinus, Indeterminado Não ,,,esta ameacada de extincao. Foi encontrado Morto em ambiente Arenoso com o Cod de carcaca 4 e Não apresentava oleo.</b><br>"
789;"<b>Indivíduo de numero 789 registrado pela equipe do Trecho 01 na cidade de Laguna (Santa Catarina), atraves de monitoramento do tipo Regular com a mare Enchente e vento Nordeste. Espécie: Larus dominicanus, Juvenil Não ,,,esta ameacada de extincao. Foi encontrado Morto em ambiente Arenoso com o Cod de carcaca 4 e Não apresentava oleo.</b><br>"
790;"<b>Indivíduo de numero 790 registrado pela equipe do Trecho 01 na cidade de Laguna (Santa Catarina), atraves de monitoramento do tipo Regular com a mare Enchente e vento Nordeste. Espécie: Larus dominicanus, Juvenil Não ,,,esta ameacada de extincao. Foi encontrado Morto em ambiente Arenoso com o Cod de carcaca 4 e Não apresentava oleo.</b><br>"
791;"<b>Indivíduo de numero 791 registrado pela equipe do Trecho 06 na cidade de Matinhos,Pontal Do Paraná (Paraná), atraves de monitoramento do tipo Regular com a mare Enchente e vento Sudoeste. Espécie: Puffinus puffinus, Indeterminado Não ,,,esta ameacada de extincao. Foi encontrado Morto em ambiente Arenoso com o Cod de carcaca 4 e Não apresentava oleo.</b><br>"
792;"<b>Indivíduo de numero 792 registrado pela equipe do Trecho 06 na cidade de Matinhos,Pontal Do Paraná (Paraná), atraves de monitoramento do tipo Regular com a mare Enchente e vento Sudoeste. Espécie: Caretta caretta, Juvenil Sim ,,,esta ameacada de extincao. Foi encontrado Morto em ambiente Arenoso com o Cod de carcaca 4 e Não apresentava oleo.</b><br>"
793;"<b>Indivíduo de numero 793 registrado pela equipe do Trecho 06 na cidade de Matinhos,Pontal Do Paraná (Paraná), atraves de monitoramento do tipo Regular com a mare Enchente e vento Sudoeste. Espécie: Caretta caretta, Juvenil Sim ,,,esta ameacada de extincao. Foi encontrado Morto em ambiente Arenoso com o Cod de carcaca 4 e Não apresentava oleo.</b><br>"
794;"<b>Indivíduo de numero 794 registrado pela equipe do Trecho 06 na cidade de Matinhos,Pontal Do Paraná (Paraná), atraves de monitoramento do tipo Regular com a mare Enchente e vento Sul. Espécie: Thalassarche melanophris, Juvenil Não ,,,esta ameacada de extincao. Foi encontrado Morto em ambiente Arenoso com o Cod de carcaca 4 e Não apresentava oleo.</b><br>"
795;"<b>Indivíduo de numero 795 registrado pela equipe do Trecho 06 na cidade de Matinhos,Pontal Do Paraná (Paraná), atraves de monitoramento do tipo Regular com a mare Enchente e vento Leste. Espécie: Caretta caretta, Juvenil Sim ,,,esta ameacada de extincao. Foi encontrado Morto em ambiente Arenoso com o Cod de carcaca 4 e Não apresentava oleo.</b><br>"
796;"<b>Indivíduo de numero 796 registrado pela equipe do Trecho 06 na cidade de Matinhos,Pontal Do Paraná (Paraná), atraves de monitoramento do tipo Regular com a mare Enchente e vento Leste. Espécie: Caretta caretta, Indeterminado Sim ,,,esta ameacada de extincao. Foi encontrado Morto em ambiente Arenoso com o Cod de carcaca 4 e Não apresentava oleo.</b><br>"
797;"<b>Indivíduo de numero 797 registrado pela equipe do Trecho 06 na cidade de Matinhos,Pontal Do Paraná (Paraná), atraves de monitoramento do tipo Regular com a mare Enchente e vento Leste. Espécie: Chelonia mydas, Juvenil Sim ,,,esta ameacada de extincao. Foi encontrado Morto em ambiente Arenoso com o Cod de carcaca 4 e Não apresentava oleo.</b><br>"
798;"<b>Indivíduo de numero 798 registrado pela equipe do Trecho 06 na cidade de Matinhos,Pontal Do Paraná (Paraná), atraves de monitoramento do tipo Regular com a mare Vazia e vento Sudeste. Espécie: Chelonia mydas, Juvenil Sim ,,,esta ameacada de extincao. Foi encontrado Vivo em ambiente Arenoso com o Cod de carcaca 1 e Não apresentava oleo.</b><br>"
799;"<b>Indivíduo de numero 799 registrado pela equipe do Trecho 06 na cidade de Matinhos,Pontal Do Paraná (Paraná), atraves de monitoramento do tipo Regular com a mare Vazia e vento Sudeste. Espécie: Chelonia mydas, Juvenil Sim ,,,esta ameacada de extincao. Foi encontrado Morto em ambiente Arenoso com o Cod de carcaca 4 e Não apresentava oleo.</b><br>"
800;"<b>Indivíduo de numero 800 registrado pela equipe do Trecho 05 na cidade de Itapoá (Santa Catarina), atraves de monitoramento do tipo Regular com a mare Vazia e vento Sudeste. Espécie: Pontoporia blainvillei, Filhote Sim ,,,esta ameacada de extincao. Foi encontrado Morto em ambiente Água com o Cod de carcaca 4 e Não apresentava oleo.</b><br>"
801;"<b>Indivíduo de numero 801 registrado pela equipe do Trecho 06 na cidade de Paranaguá (Paraná), atraves de monitoramento do tipo Regular com a mare Enchente e vento Leste. Espécie: Chelonia mydas, Juvenil Sim ,,,esta ameacada de extincao. Foi encontrado Morto em ambiente Arenoso com o Cod de carcaca 4 e Não apresentava oleo.</b><br>"
802;"<b>Indivíduo de numero 802 registrado pela equipe do Trecho 04 na cidade de Bombinhas (Santa Catarina), atraves de monitoramento do tipo Acionamento com a mare Enchente e vento Norte. Espécie: Phalacrocorax brasilianus, Indeterminado Não ,,,esta ameacada de extincao. Foi encontrado Morto em ambiente Arenoso com o Cod de carcaca 4 e Não apresentava oleo.</b><br>"
803;"<b>Indivíduo de numero 803 registrado pela equipe do Trecho 06 na cidade de Matinhos,Pontal Do Paraná (Paraná), atraves de monitoramento do tipo Acionamento com a mare Vazante e vento Nordeste. Espécie: Caretta caretta, Juvenil Sim ,,,esta ameacada de extincao. Foi encontrado Morto em ambiente Arenoso com o Cod de carcaca 4 e Não apresentava oleo.</b><br>"
804;"<b>Indivíduo de numero 804 registrado pela equipe do Trecho 06 na cidade de Matinhos,Pontal Do Paraná (Paraná), atraves de monitoramento do tipo Acionamento com a mare Vazante e vento Sudeste. Espécie: Sotalia guianensis, Adulto Sim ,,,esta ameacada de extincao. Foi encontrado Morto em ambiente Arenoso com o Cod de carcaca 4 e Não apresentava oleo.</b><br>"
805;"<b>Indivíduo de numero 805 registrado pela equipe do Trecho 03 na cidade de Florianópolis (Santa Catarina), atraves de monitoramento do tipo Regular com a mare Enchente e vento Noroeste. Espécie: Caretta caretta, Juvenil Sim ,,,esta ameacada de extincao. Foi encontrado Morto em ambiente Arenoso com o Cod de carcaca 4 e Não apresentava oleo.</b><br>"
806;"<b>Indivíduo de numero 806 registrado pela equipe do Trecho 06 na cidade de Matinhos,Pontal Do Paraná (Paraná), atraves de monitoramento do tipo Regular com a mare Enchente e vento Sudoeste. Espécie: Chelonia mydas, Juvenil Sim ,,,esta ameacada de extincao. Foi encontrado Morto em ambiente Arenoso com o Cod de carcaca 4 e Não apresentava oleo.</b><br>"
807;"<b>Indivíduo de numero 807 registrado pela equipe do Trecho 06 na cidade de Matinhos,Pontal Do Paraná (Paraná), atraves de monitoramento do tipo Regular com a mare Enchente e vento Sudoeste. Espécie: Caretta caretta, Juvenil Sim ,,,esta ameacada de extincao. Foi encontrado Morto em ambiente Arenoso com o Cod de carcaca 4 e Não apresentava oleo.</b><br>"
808;"<b>Indivíduo de numero 808 registrado pela equipe do Trecho 06 na cidade de Matinhos,Pontal Do Paraná (Paraná), atraves de monitoramento do tipo Regular com a mare Enchente e vento Sudoeste. Espécie: Chelonia mydas, Juvenil Sim ,,,esta ameacada de extincao. Foi encontrado Morto em ambiente Arenoso com o Cod de carcaca 5 e Não apresentava oleo.</b><br>"
809;"<b>Indivíduo de numero 809 registrado pela equipe do Trecho 06 na cidade de Matinhos,Pontal Do Paraná (Paraná), atraves de monitoramento do tipo Regular com a mare Enchente e vento Sul. Espécie: Chelonia mydas, Juvenil Sim ,,,esta ameacada de extincao. Foi encontrado Morto em ambiente Arenoso com o Cod de carcaca 4 e Não apresentava oleo.</b><br>"
810;"<b>Indivíduo de numero 810 registrado pela equipe do Trecho 04 na cidade de Penha (Santa Catarina), atraves de monitoramento do tipo Regular com a mare Enchente e vento Norte. Espécie: Chelonia mydas, Juvenil Sim ,,,esta ameacada de extincao. Foi encontrado Morto em ambiente Arenoso com o Cod de carcaca 4 e Não apresentava oleo.</b><br>"
811;"<b>Indivíduo de numero 811 registrado pela equipe do Trecho 01 na cidade de Imbituba (Santa Catarina), atraves de monitoramento do tipo Regular com a mare Enchente e vento Oeste. Espécie: Larus dominicanus, Juvenil Não ,,,esta ameacada de extincao. Foi encontrado Morto em ambiente Arenoso com o Cod de carcaca 5 e Não apresentava oleo.</b><br>"
812;"<b>Indivíduo de numero 812 registrado pela equipe do Trecho 05 na cidade de São Francisco Do Sul (Santa Catarina), atraves de monitoramento do tipo Regular com a mare Enchente e vento Norte. Espécie: Chelonia mydas, Indeterminado Sim ,,,esta ameacada de extincao. Foi encontrado Morto em ambiente Arenoso com o Cod de carcaca 4 e Não apresentava oleo.</b><br>"
813;"<b>Indivíduo de numero 813 registrado pela equipe do Trecho 05 na cidade de São Francisco Do Sul (Santa Catarina), atraves de monitoramento do tipo Regular com a mare Enchente e vento Norte. Espécie: Larus dominicanus, Juvenil Não ,,,esta ameacada de extincao. Foi encontrado Morto em ambiente Arenoso com o Cod de carcaca 4 e Não apresentava oleo.</b><br>"
814;"<b>Indivíduo de numero 814 registrado pela equipe do Trecho 05 na cidade de Itapoá (Santa Catarina), atraves de monitoramento do tipo Regular com a mare Vazia e vento Oeste. Espécie: Puffinus puffinus, Juvenil Não ,,,esta ameacada de extincao. Foi encontrado Morto em ambiente Arenoso com o Cod de carcaca 4 e Não apresentava oleo.</b><br>"
815;"<b>Indivíduo de numero 815 registrado pela equipe do Trecho 05 na cidade de Itapoá (Santa Catarina), atraves de monitoramento do tipo Regular com a mare Vazia e vento Oeste. Espécie: Chelonia mydas, Indeterminado Sim ,,,esta ameacada de extincao. Foi encontrado Morto em ambiente Arenoso com o Cod de carcaca 4 e Não apresentava oleo.</b><br>"
816;"<b>Indivíduo de numero 816 registrado pela equipe do Trecho 01 na cidade de Imbituba (Santa Catarina), atraves de monitoramento do tipo Acionamento com a mare Vazante e vento Sudeste. Espécie: Caretta caretta, Indeterminado Sim ,,,esta ameacada de extincao. Foi encontrado Morto em ambiente Arenoso com o Cod de carcaca 4 e Não apresentava oleo.</b><br>"
817;"<b>Indivíduo de numero 817 registrado pela equipe do Trecho 05 na cidade de São Francisco Do Sul (Santa Catarina), atraves de monitoramento do tipo Acionamento com a mare Enchente e vento N/A. Espécie: Larus dominicanus, Adulto Não ,,,esta ameacada de extincao. Foi encontrado Vivo em ambiente Arenoso com o Cod de carcaca 1 e Não apresentava oleo.</b><br>"
818;"<b>Indivíduo de numero 818 registrado pela equipe do Trecho 05 na cidade de São Francisco Do Sul (Santa Catarina), atraves de monitoramento do tipo Regular com a mare Enchente e vento N/A. Espécie: Sula leucogaster, Indeterminado Não ,,,esta ameacada de extincao. Foi encontrado Morto em ambiente Arenoso com o Cod de carcaca 5 e Não apresentava oleo.</b><br>"
819;"<b>Indivíduo de numero 819 registrado pela equipe do Trecho 01 na cidade de Laguna (Santa Catarina), atraves de monitoramento do tipo Regular com a mare Enchente e vento Sudoeste. Espécie: Spheniscus magellanicus, Juvenil Não ,,,esta ameacada de extincao. Foi encontrado Morto em ambiente Arenoso com o Cod de carcaca 4 e Não apresentava oleo.</b><br>"
820;"<b>Indivíduo de numero 820 registrado pela equipe do Trecho 04 na cidade de Barra Velha (Santa Catarina), atraves de monitoramento do tipo Acionamento com a mare Enchente e vento Oeste. Espécie: Caretta caretta, Juvenil Sim ,,,esta ameacada de extincao. Foi encontrado Morto em ambiente Arenoso com o Cod de carcaca 4 e Não apresentava oleo.</b><br>"
821;"<b>Indivíduo de numero 821 registrado pela equipe do Trecho 04 na cidade de Bombinhas (Santa Catarina), atraves de monitoramento do tipo Regular com a mare Vazante e vento Sudeste. Espécie: Chelonia mydas, Juvenil Sim ,,,esta ameacada de extincao. Foi encontrado Morto em ambiente Água com o Cod de carcaca 4 e Não apresentava oleo.</b><br>"
822;"<b>Indivíduo de numero 822 registrado pela equipe do Trecho 04 na cidade de Bombinhas (Santa Catarina), atraves de monitoramento do tipo Regular com a mare Vazante e vento Sudeste. Espécie: Chelonia mydas, Juvenil Sim ,,,esta ameacada de extincao. Foi encontrado Morto em ambiente Arenoso com o Cod de carcaca 4 e Não apresentava oleo.</b><br>"
823;"<b>Indivíduo de numero 823 registrado pela equipe do Trecho 01 na cidade de Imbituba (Santa Catarina), atraves de monitoramento do tipo Acionamento com a mare Vazante e vento Sudoeste. Espécie: Arctocephalus australis, Juvenil Não ,,,esta ameacada de extincao. Foi encontrado Vivo em ambiente Rochoso com o Cod de carcaca 1 e Não apresentava oleo.</b><br>"
824;"<b>Indivíduo de numero 824 registrado pela equipe do Trecho 04 na cidade de Bombinhas (Santa Catarina), atraves de monitoramento do tipo Acionamento com a mare Enchente e vento Noroeste. Espécie: Caretta caretta, Juvenil Sim ,,,esta ameacada de extincao. Foi encontrado Morto em ambiente Arenoso com o Cod de carcaca 4 e Não apresentava oleo.</b><br>"
825;"<b>Indivíduo de numero 825 registrado pela equipe do Trecho 06 na cidade de Guaratuba (Paraná), atraves de monitoramento do tipo Regular com a mare Vazante e vento Noroeste. Espécie: Chelonia mydas, Juvenil Sim ,,,esta ameacada de extincao. Foi encontrado Morto em ambiente Arenoso com o Cod de carcaca 4 e Não apresentava oleo.</b><br>"
826;"<b>Indivíduo de numero 826 registrado pela equipe do Trecho 03 na cidade de Florianópolis (Santa Catarina), atraves de monitoramento do tipo Regular com a mare Enchente e vento Norte. Espécie: Fregata magnificens, Indeterminado Não ,,,esta ameacada de extincao. Foi encontrado Morto em ambiente Arenoso com o Cod de carcaca 5 e Não apresentava oleo.</b><br>"
827;"<b>Indivíduo de numero 827 registrado pela equipe do Trecho 05 na cidade de São Francisco Do Sul (Santa Catarina), atraves de monitoramento do tipo Regular com a mare Cheia e vento Nordeste. Espécie: Procellaria conspicillata, Juvenil Não ,,,esta ameacada de extincao. Foi encontrado Morto em ambiente Arenoso com o Cod de carcaca 4 e Não apresentava oleo.</b><br>"
828;"<b>Indivíduo de numero 828 registrado pela equipe do Trecho 06 na cidade de Matinhos,Pontal Do Paraná (Paraná), atraves de monitoramento do tipo Regular com a mare Cheia e vento Norte. Espécie: Caretta caretta, Indeterminado Sim ,,,esta ameacada de extincao. Foi encontrado Morto em ambiente Arenoso com o Cod de carcaca 4 e Não apresentava oleo.</b><br>"
829;"<b>Indivíduo de numero 829 registrado pela equipe do Trecho 01 na cidade de Imbituba (Santa Catarina), atraves de monitoramento do tipo Regular com a mare Cheia e vento Nordeste. Espécie: Larus dominicanus, Adulto Não ,,,esta ameacada de extincao. Foi encontrado Morto em ambiente Arenoso com o Cod de carcaca 5 e Não apresentava oleo.</b><br>"
830;"<b>Indivíduo de numero 830 registrado pela equipe do Trecho 03 na cidade de Florianópolis (Santa Catarina), atraves de monitoramento do tipo Regular com a mare Enchente e vento Sul. Espécie: Chelonia mydas, Juvenil Sim ,,,esta ameacada de extincao. Foi encontrado Morto em ambiente Arenoso com o Cod de carcaca 4 e Não apresentava oleo.</b><br>"
831;"<b>Indivíduo de numero 831 registrado pela equipe do Trecho 01 na cidade de Laguna (Santa Catarina), atraves de monitoramento do tipo Regular com a mare Vazante e vento Nordeste. Espécie: Larus dominicanus, Juvenil Não ,,,esta ameacada de extincao. Foi encontrado Morto em ambiente Arenoso com o Cod de carcaca 5 e Não apresentava oleo.</b><br>"
832;"<b>Indivíduo de numero 832 registrado pela equipe do Trecho 04 na cidade de Balneário Camboriú (Santa Catarina), atraves de monitoramento do tipo Acionamento com a mare Vazante e vento Noroeste. Espécie: Caretta caretta, Indeterminado Sim ,,,esta ameacada de extincao. Foi encontrado Morto em ambiente Arenoso com o Cod de carcaca 5 e Não apresentava oleo.</b><br>"
833;"<b>Indivíduo de numero 833 registrado pela equipe do Trecho 02 na cidade de Garopaba (Santa Catarina), atraves de monitoramento do tipo Regular com a mare Enchente e vento N/A. Espécie: Chelonia mydas, Juvenil Sim ,,,esta ameacada de extincao. Foi encontrado Morto em ambiente Arenoso com o Cod de carcaca 4 e Não apresentava oleo.</b><br>"
834;"<b>Indivíduo de numero 834 registrado pela equipe do Trecho 03 na cidade de Florianópolis (Santa Catarina), atraves de monitoramento do tipo Regular com a mare Vazante e vento Norte. Espécie: Larus dominicanus, Juvenil Não ,,,esta ameacada de extincao. Foi encontrado Morto em ambiente Arenoso com o Cod de carcaca 5 e Não apresentava oleo.</b><br>"
835;"<b>Indivíduo de numero 835 registrado pela equipe do Trecho 04 na cidade de Navegantes (Santa Catarina), atraves de monitoramento do tipo Regular com a mare Vazante e vento Noroeste. Espécie: Chelonia mydas, Juvenil Sim ,,,esta ameacada de extincao. Foi encontrado Morto em ambiente Arenoso com o Cod de carcaca 4 e Não apresentava oleo.</b><br>"
836;"<b>Indivíduo de numero 836 registrado pela equipe do Trecho 04 na cidade de Penha (Santa Catarina), atraves de monitoramento do tipo Regular com a mare Enchente e vento Noroeste. Espécie: Chelonia mydas, Juvenil Sim ,,,esta ameacada de extincao. Foi encontrado Morto em ambiente Arenoso com o Cod de carcaca 4 e Não apresentava oleo.</b><br>"
837;"<b>Indivíduo de numero 837 registrado pela equipe do Trecho 04 na cidade de Balneário Piçarras (Santa Catarina), atraves de monitoramento do tipo Regular com a mare Enchente e vento Noroeste. Espécie: Caretta caretta, Indeterminado Sim ,,,esta ameacada de extincao. Foi encontrado Morto em ambiente Arenoso com o Cod de carcaca 5 e Não apresentava oleo.</b><br>"
838;"<b>Indivíduo de numero 838 registrado pela equipe do Trecho 04 na cidade de Balneário Piçarras (Santa Catarina), atraves de monitoramento do tipo Regular com a mare Enchente e vento Noroeste. Espécie: Thalassarche chlororhynchos, Juvenil Sim ,,,esta ameacada de extincao. Foi encontrado Morto em ambiente Arenoso com o Cod de carcaca 4 e Não apresentava oleo.</b><br>"
839;"<b>Indivíduo de numero 839 registrado pela equipe do Trecho 04 na cidade de Balneário Piçarras (Santa Catarina), atraves de monitoramento do tipo Regular com a mare Enchente e vento Noroeste. Espécie: Procellaria aequinoctialis, Indeterminado Não ,,,esta ameacada de extincao. Foi encontrado Morto em ambiente Arenoso com o Cod de carcaca 4 e Não apresentava oleo.</b><br>"
840;"<b>Indivíduo de numero 840 registrado pela equipe do Trecho 04 na cidade de Balneário Piçarras (Santa Catarina), atraves de monitoramento do tipo Regular com a mare Enchente e vento Noroeste. Espécie: Caretta caretta, Juvenil Sim ,,,esta ameacada de extincao. Foi encontrado Morto em ambiente Arenoso com o Cod de carcaca 4 e Não apresentava oleo.</b><br>"
841;"<b>Indivíduo de numero 841 registrado pela equipe do Trecho 04 na cidade de Balneário Piçarras (Santa Catarina), atraves de monitoramento do tipo Regular com a mare Enchente e vento Noroeste. Espécie: Spheniscus magellanicus, Juvenil Não ,,,esta ameacada de extincao. Foi encontrado Morto em ambiente Arenoso com o Cod de carcaca 4 e Não apresentava oleo.</b><br>"
842;"<b>Indivíduo de numero 842 registrado pela equipe do Trecho 04 na cidade de Balneário Piçarras (Santa Catarina), atraves de monitoramento do tipo Acionamento com a mare Enchente e vento Noroeste. Espécie: Caretta caretta, Juvenil Sim ,,,esta ameacada de extincao. Foi encontrado Morto em ambiente Arenoso com o Cod de carcaca 4 e Não apresentava oleo.</b><br>"
843;"<b>Indivíduo de numero 843 registrado pela equipe do Trecho 04 na cidade de Balneário Piçarras (Santa Catarina), atraves de monitoramento do tipo Regular com a mare Enchente e vento Noroeste. Espécie: Caretta caretta, Juvenil Sim ,,,esta ameacada de extincao. Foi encontrado Morto em ambiente Arenoso com o Cod de carcaca 4 e Não apresentava oleo.</b><br>"
844;"<b>Indivíduo de numero 844 registrado pela equipe do Trecho 06 na cidade de Paranaguá (Paraná), atraves de monitoramento do tipo Regular com a mare Enchente e vento Noroeste. Espécie: Caretta caretta, Juvenil Sim ,,,esta ameacada de extincao. Foi encontrado Morto em ambiente Água com o Cod de carcaca 4 e Não apresentava oleo.</b><br>"
845;"<b>Indivíduo de numero 845 registrado pela equipe do Trecho 05 na cidade de Itapoá (Santa Catarina), atraves de monitoramento do tipo Regular com a mare Enchente e vento N/A. Espécie: Thalassarche chlororhynchos, Indeterminado Sim ,,,esta ameacada de extincao. Foi encontrado Morto em ambiente Arenoso com o Cod de carcaca 4 e Não apresentava oleo.</b><br>"
846;"<b>Indivíduo de numero 846 registrado pela equipe do Trecho 05 na cidade de Itapoá (Santa Catarina), atraves de monitoramento do tipo Acionamento com a mare Vazante e vento Nordeste. Espécie: Thalassarche chlororhynchos, Indeterminado Sim ,,,esta ameacada de extincao. Foi encontrado Morto em ambiente Arenoso com o Cod de carcaca 4 e Não apresentava oleo.</b><br>"
847;"<b>Indivíduo de numero 847 registrado pela equipe do Trecho 06 na cidade de Matinhos,Pontal Do Paraná (Paraná), atraves de monitoramento do tipo Acionamento com a mare Vazante e vento Sudeste. Espécie: Lepidochelys olivacea, Juvenil Sim ,,,esta ameacada de extincao. Foi encontrado Morto em ambiente Arenoso com o Cod de carcaca 4 e Não apresentava oleo.</b><br>"
848;"<b>Indivíduo de numero 848 registrado pela equipe do Trecho 05 na cidade de Araquari,Balneário Barra Do Sul,Barra Velha (Santa Catarina), atraves de monitoramento do tipo Regular com a mare Enchente e vento Nordeste. Espécie: Chelonia mydas, Indeterminado Sim ,,,esta ameacada de extincao. Foi encontrado Morto em ambiente Arenoso com o Cod de carcaca 4 e Não apresentava oleo.</b><br>"
849;"<b>Indivíduo de numero 849 registrado pela equipe do Trecho 05 na cidade de Araquari,Balneário Barra Do Sul,Barra Velha (Santa Catarina), atraves de monitoramento do tipo Regular com a mare Enchente e vento Nordeste. Espécie: Puffinus puffinus, Indeterminado Não ,,,esta ameacada de extincao. Foi encontrado Morto em ambiente Arenoso com o Cod de carcaca 4 e Não apresentava oleo.</b><br>"
850;"<b>Indivíduo de numero 850 registrado pela equipe do Trecho 06 na cidade de Matinhos,Pontal Do Paraná (Paraná), atraves de monitoramento do tipo Acionamento com a mare Enchente e vento Leste. Espécie: Caretta caretta, Indeterminado Sim ,,,esta ameacada de extincao. Foi encontrado Morto em ambiente Arenoso com o Cod de carcaca 4 e Não apresentava oleo.</b><br>"
851;"<b>Indivíduo de numero 851 registrado pela equipe do Trecho 01 na cidade de Laguna (Santa Catarina), atraves de monitoramento do tipo Regular com a mare Vazante e vento Nordeste. Espécie: Spheniscus magellanicus, Juvenil Não ,,,esta ameacada de extincao. Foi encontrado Morto em ambiente Arenoso com o Cod de carcaca 4 e Não apresentava oleo.</b><br>"
852;"<b>Indivíduo de numero 852 registrado pela equipe do Trecho 01 na cidade de Laguna (Santa Catarina), atraves de monitoramento do tipo Regular com a mare Vazante e vento Nordeste. Espécie: Spheniscus magellanicus, Juvenil Não ,,,esta ameacada de extincao. Foi encontrado Morto em ambiente Arenoso com o Cod de carcaca 4 e Não apresentava oleo.</b><br>"
853;"<b>Indivíduo de numero 853 registrado pela equipe do Trecho 01 na cidade de Laguna (Santa Catarina), atraves de monitoramento do tipo Regular com a mare Vazante e vento Nordeste. Espécie: Spheniscus magellanicus, Juvenil Não ,,,esta ameacada de extincao. Foi encontrado Morto em ambiente Arenoso com o Cod de carcaca 4 e Não apresentava oleo.</b><br>"
854;"<b>Indivíduo de numero 854 registrado pela equipe do Trecho 01 na cidade de Imbituba (Santa Catarina), atraves de monitoramento do tipo Regular com a mare Vazante e vento Nordeste. Espécie: Larus dominicanus, Indeterminado Não ,,,esta ameacada de extincao. Foi encontrado Morto em ambiente Arenoso com o Cod de carcaca 5 e Não apresentava oleo.</b><br>"
855;"<b>Indivíduo de numero 855 registrado pela equipe do Trecho 01 na cidade de Imbituba (Santa Catarina), atraves de monitoramento do tipo Regular com a mare Vazante e vento Nordeste. Espécie: Procellaria aequinoctialis, Juvenil Não ,,,esta ameacada de extincao. Foi encontrado Morto em ambiente Arenoso com o Cod de carcaca 5 e Não apresentava oleo.</b><br>"
856;"<b>Indivíduo de numero 856 registrado pela equipe do Trecho 01 na cidade de Imbituba (Santa Catarina), atraves de monitoramento do tipo Regular com a mare Vazante e vento Nordeste. Espécie: Spheniscus magellanicus, Juvenil Não ,,,esta ameacada de extincao. Foi encontrado Morto em ambiente Arenoso com o Cod de carcaca 4 e Não apresentava oleo.</b><br>"
857;"<b>Indivíduo de numero 857 registrado pela equipe do Trecho 01 na cidade de Imbituba (Santa Catarina), atraves de monitoramento do tipo Regular com a mare Vazante e vento Nordeste. Espécie: Spheniscus magellanicus, Juvenil Não ,,,esta ameacada de extincao. Foi encontrado Morto em ambiente Arenoso com o Cod de carcaca 4 e Não apresentava oleo.</b><br>"
858;"<b>Indivíduo de numero 858 registrado pela equipe do Trecho 01 na cidade de Imbituba (Santa Catarina), atraves de monitoramento do tipo Regular com a mare Vazante e vento Nordeste. Espécie: Caretta caretta, Indeterminado Sim ,,,esta ameacada de extincao. Foi encontrado Morto em ambiente Arenoso com o Cod de carcaca 4 e Não apresentava oleo.</b><br>"
859;"<b>Indivíduo de numero 859 registrado pela equipe do Trecho 06 na cidade de Guaratuba (Paraná), atraves de monitoramento do tipo Regular com a mare Cheia e vento Leste. Espécie: Caretta caretta, Juvenil Sim ,,,esta ameacada de extincao. Foi encontrado Morto em ambiente Arenoso com o Cod de carcaca 4 e Não apresentava oleo.</b><br>"
860;"<b>Indivíduo de numero 860 registrado pela equipe do Trecho 05 na cidade de São Francisco Do Sul (Santa Catarina), atraves de monitoramento do tipo Regular com a mare Enchente e vento Sudeste. Espécie: Puffinus gravis, Indeterminado Não ,,,esta ameacada de extincao. Foi encontrado Morto em ambiente Arenoso com o Cod de carcaca 4 e Não apresentava oleo.</b><br>"
861;"<b>Indivíduo de numero 861 registrado pela equipe do Trecho 03 na cidade de Florianópolis (Santa Catarina), atraves de monitoramento do tipo Regular com a mare Cheia e vento Nordeste. Espécie: Larus dominicanus, Juvenil Não ,,,esta ameacada de extincao. Foi encontrado Morto em ambiente Arenoso com o Cod de carcaca 4 e Não apresentava oleo.</b><br>"
862;"<b>Indivíduo de numero 862 registrado pela equipe do Trecho 06 na cidade de Matinhos,Pontal Do Paraná (Paraná), atraves de monitoramento do tipo Regular com a mare Vazante e vento Sudeste. Espécie: Chelonia mydas, Juvenil Sim ,,,esta ameacada de extincao. Foi encontrado Morto em ambiente Arenoso com o Cod de carcaca 4 e Não apresentava oleo.</b><br>"
863;"<b>Indivíduo de numero 863 registrado pela equipe do Trecho 06 na cidade de Matinhos,Pontal Do Paraná (Paraná), atraves de monitoramento do tipo Regular com a mare Cheia e vento Sudeste. Espécie: Chelonia mydas, Juvenil Sim ,,,esta ameacada de extincao. Foi encontrado Morto em ambiente Arenoso com o Cod de carcaca 4 e Não apresentava oleo.</b><br>"
864;"<b>Indivíduo de numero 864 registrado pela equipe do Trecho 05 na cidade de Itapoá (Santa Catarina), atraves de monitoramento do tipo Acionamento com a mare Vazante e vento Nordeste. Espécie: Puffinus puffinus, Juvenil Não ,,,esta ameacada de extincao. Foi encontrado Morto em ambiente Arenoso com o Cod de carcaca 4 e Não apresentava oleo.</b><br>"
865;"<b>Indivíduo de numero 865 registrado pela equipe do Trecho 05 na cidade de Itapoá (Santa Catarina), atraves de monitoramento do tipo Acionamento com a mare Vazante e vento Nordeste. Espécie: Puffinus puffinus, Juvenil Não ,,,esta ameacada de extincao. Foi encontrado Morto em ambiente Arenoso com o Cod de carcaca 4 e Não apresentava oleo.</b><br>"
866;"<b>Indivíduo de numero 866 registrado pela equipe do Trecho 02 na cidade de Garopaba (Santa Catarina), atraves de monitoramento do tipo Regular com a mare Cheia e vento Nordeste. Espécie: Spheniscus magellanicus, Juvenil Não ,,,esta ameacada de extincao. Foi encontrado Morto em ambiente Arenoso com o Cod de carcaca 4 e Não apresentava oleo.</b><br>"
867;"<b>Indivíduo de numero 867 registrado pela equipe do Trecho 02 na cidade de Garopaba (Santa Catarina), atraves de monitoramento do tipo Regular com a mare Cheia e vento Nordeste. Espécie: Chelonia mydas, Juvenil Sim ,,,esta ameacada de extincao. Foi encontrado Morto em ambiente Arenoso com o Cod de carcaca 5 e Não apresentava oleo.</b><br>"
868;"<b>Indivíduo de numero 868 registrado pela equipe do Trecho 02 na cidade de Garopaba (Santa Catarina), atraves de monitoramento do tipo Regular com a mare Cheia e vento Nordeste. Espécie: Spheniscus magellanicus, Juvenil Não ,,,esta ameacada de extincao. Foi encontrado Morto em ambiente Arenoso com o Cod de carcaca 4 e Não apresentava oleo.</b><br>"
870;"<b>Indivíduo de numero 870 registrado pela equipe do Trecho 06 na cidade de Guaraqueçaba (Paraná), atraves de monitoramento do tipo Regular com a mare Vazante e vento Leste. Espécie: Larus dominicanus, Juvenil Não ,,,esta ameacada de extincao. Foi encontrado Vivo em ambiente Arenoso com o Cod de carcaca 1 e Não apresentava oleo.</b><br>"
871;"<b>Indivíduo de numero 871 registrado pela equipe do Trecho 04 na cidade de Itapema (Santa Catarina), atraves de monitoramento do tipo Regular com a mare Cheia e vento Nordeste. Espécie: Pontoporia blainvillei, Adulto Sim ,,,esta ameacada de extincao. Foi encontrado Morto em ambiente Arenoso com o Cod de carcaca 4 e Não apresentava oleo.</b><br>"
872;"<b>Indivíduo de numero 872 registrado pela equipe do Trecho 06 na cidade de Pontal Do Paraná (Paraná), atraves de monitoramento do tipo Acionamento com a mare Vazante e vento Sudeste. Espécie: Chelonia mydas, Juvenil Sim ,,,esta ameacada de extincao. Foi encontrado Morto em ambiente Arenoso com o Cod de carcaca 4 e Não apresentava oleo.</b><br>"
873;"<b>Indivíduo de numero 873 registrado pela equipe do Trecho 02 na cidade de Garopaba (Santa Catarina), atraves de monitoramento do tipo Regular com a mare Vazante e vento Nordeste. Espécie: Spheniscus magellanicus, Juvenil Não ,,,esta ameacada de extincao. Foi encontrado Morto em ambiente Arenoso com o Cod de carcaca 4 e Não apresentava oleo.</b><br>"
874;"<b>Indivíduo de numero 874 registrado pela equipe do Trecho 02 na cidade de Paulo Lopes (Santa Catarina), atraves de monitoramento do tipo Regular com a mare Vazante e vento Nordeste. Espécie: Spheniscus magellanicus, Juvenil Não ,,,esta ameacada de extincao. Foi encontrado Morto em ambiente Arenoso com o Cod de carcaca 4 e Não apresentava oleo.</b><br>"
875;"<b>Indivíduo de numero 875 registrado pela equipe do Trecho 01 na cidade de Laguna (Santa Catarina), atraves de monitoramento do tipo Regular com a mare Vazante e vento Leste. Espécie: Spheniscus magellanicus, Juvenil Não ,,,esta ameacada de extincao. Foi encontrado Morto em ambiente Arenoso com o Cod de carcaca 4 e Não apresentava oleo.</b><br>"
876;"<b>Indivíduo de numero 876 registrado pela equipe do Trecho 01 na cidade de Laguna (Santa Catarina), atraves de monitoramento do tipo Regular com a mare Vazante e vento Leste. Espécie: Procellaria aequinoctialis, Adulto Não ,,,esta ameacada de extincao. Foi encontrado Morto em ambiente Arenoso com o Cod de carcaca 4 e Não apresentava oleo.</b><br>"
877;"<b>Indivíduo de numero 877 registrado pela equipe do Trecho 01 na cidade de Laguna (Santa Catarina), atraves de monitoramento do tipo Regular com a mare Vazante e vento Leste. Espécie: Puffinus puffinus, Indeterminado Não ,,,esta ameacada de extincao. Foi encontrado Morto em ambiente Arenoso com o Cod de carcaca 5 e Não apresentava oleo.</b><br>"
878;"<b>Indivíduo de numero 878 registrado pela equipe do Trecho 01 na cidade de Laguna (Santa Catarina), atraves de monitoramento do tipo Regular com a mare Vazante e vento Leste. Espécie: Spheniscus magellanicus, Juvenil Não ,,,esta ameacada de extincao. Foi encontrado Morto em ambiente Arenoso com o Cod de carcaca 4 e Não apresentava oleo.</b><br>"
879;"<b>Indivíduo de numero 879 registrado pela equipe do Trecho 01 na cidade de Laguna (Santa Catarina), atraves de monitoramento do tipo Regular com a mare Vazante e vento Leste. Espécie: Spheniscus magellanicus, Juvenil Não ,,,esta ameacada de extincao. Foi encontrado Morto em ambiente Arenoso com o Cod de carcaca 4 e Não apresentava oleo.</b><br>"
880;"<b>Indivíduo de numero 880 registrado pela equipe do Trecho 05 na cidade de Itapoá (Santa Catarina), atraves de monitoramento do tipo Regular com a mare Enchente e vento N/A. Espécie: Chelonia mydas, Indeterminado Sim ,,,esta ameacada de extincao. Foi encontrado Morto em ambiente Arenoso com o Cod de carcaca 4 e Não apresentava oleo.</b><br>"
881;"<b>Indivíduo de numero 881 registrado pela equipe do Trecho 05 na cidade de Itapoá (Santa Catarina), atraves de monitoramento do tipo Regular com a mare Vazante e vento Nordeste. Espécie: Sula leucogaster, Indeterminado Não ,,,esta ameacada de extincao. Foi encontrado Morto em ambiente Arenoso com o Cod de carcaca 4 e Não apresentava oleo.</b><br>"
882;"<b>Indivíduo de numero 882 registrado pela equipe do Trecho 01 na cidade de Imbituba (Santa Catarina), atraves de monitoramento do tipo Acionamento com a mare Vazante e vento Nordeste. Espécie: Pterodroma incerta, Indeterminado Sim ,,,esta ameacada de extincao. Foi encontrado Morto em ambiente Arenoso com o Cod de carcaca 2 e Não apresentava oleo.</b><br>"
883;"<b>Indivíduo de numero 883 registrado pela equipe do Trecho 05 na cidade de São Francisco Do Sul (Santa Catarina), atraves de monitoramento do tipo Regular com a mare Vazante e vento Nordeste. Espécie: Larus dominicanus, Juvenil Não ,,,esta ameacada de extincao. Foi encontrado Morto em ambiente Arenoso com o Cod de carcaca 2 e Não apresentava oleo.</b><br>"
884;"<b>Indivíduo de numero 884 registrado pela equipe do Trecho 04 na cidade de Bombinhas (Santa Catarina), atraves de monitoramento do tipo Regular com a mare Vazante e vento Nordeste. Espécie: Caretta caretta, Indeterminado Sim ,,,esta ameacada de extincao. Foi encontrado Morto em ambiente Arenoso com o Cod de carcaca 4 e Não apresentava oleo.</b><br>"
885;"<b>Indivíduo de numero 885 registrado pela equipe do Trecho 06 na cidade de Matinhos (Paraná), atraves de monitoramento do tipo Acionamento com a mare Enchente e vento Leste. Espécie: Chelonia mydas, Juvenil Sim ,,,esta ameacada de extincao. Foi encontrado Morto em ambiente Arenoso com o Cod de carcaca 4 e Não apresentava oleo.</b><br>"
886;"<b>Indivíduo de numero 886 registrado pela equipe do Trecho 06 na cidade de Pontal Do Paraná (Paraná), atraves de monitoramento do tipo Acionamento com a mare Vazante e vento Sul. Espécie: Phimosus infuscatus, Adulto Não ,,,esta ameacada de extincao. Foi encontrado Vivo em ambiente Outros com o Cod de carcaca 1 e Não apresentava oleo.</b><br>"
887;"<b>Indivíduo de numero 887 registrado pela equipe do Trecho 05 na cidade de São Francisco Do Sul (Santa Catarina), atraves de monitoramento do tipo Acionamento com a mare Indeterminado e vento Nordeste. Espécie: Phalacrocorax brasilianus, Adulto Não ,,,esta ameacada de extincao. Foi encontrado Vivo em ambiente Outros com o Cod de carcaca 1 e Não apresentava oleo.</b><br>"
888;"<b>Indivíduo de numero 888 registrado pela equipe do Trecho 05 na cidade de São Francisco Do Sul (Santa Catarina), atraves de monitoramento do tipo Acionamento com a mare Indeterminado e vento Noroeste. Espécie: Chelonia mydas, Juvenil Sim ,,,esta ameacada de extincao. Foi encontrado Morto em ambiente Arenoso com o Cod de carcaca 4 e Não apresentava oleo.</b><br>"
889;"<b>Indivíduo de numero 889 registrado pela equipe do Trecho 05 na cidade de São Francisco Do Sul (Santa Catarina), atraves de monitoramento do tipo Regular com a mare Vazia e vento Nordeste. Espécie: Chelonia mydas, Indeterminado Sim ,,,esta ameacada de extincao. Foi encontrado Morto em ambiente Arenoso com o Cod de carcaca 4 e Não apresentava oleo.</b><br>"
890;"<b>Indivíduo de numero 890 registrado pela equipe do Trecho 06 na cidade de Matinhos (Paraná), atraves de monitoramento do tipo Acionamento com a mare Indeterminado e vento Leste. Espécie: Chelonia mydas, Juvenil Sim ,,,esta ameacada de extincao. Foi encontrado Morto em ambiente Arenoso com o Cod de carcaca 4 e Não apresentava oleo.</b><br>"
891;"<b>Indivíduo de numero 891 registrado pela equipe do Trecho 06 na cidade de Guaratuba (Paraná), atraves de monitoramento do tipo Regular com a mare Vazante e vento Sul. Espécie: Chelonia mydas, Juvenil Sim ,,,esta ameacada de extincao. Foi encontrado Morto em ambiente Arenoso com o Cod de carcaca 4 e Não apresentava oleo.</b><br>"
892;"<b>Indivíduo de numero 892 registrado pela equipe do Trecho 01 na cidade de Laguna (Santa Catarina), atraves de monitoramento do tipo Regular com a mare Vazante e vento Leste. Espécie: Spheniscus magellanicus, Juvenil Não ,,,esta ameacada de extincao. Foi encontrado Morto em ambiente Arenoso com o Cod de carcaca 4 e Não apresentava oleo.</b><br>"
893;"<b>Indivíduo de numero 893 registrado pela equipe do Trecho 01 na cidade de Laguna (Santa Catarina), atraves de monitoramento do tipo Regular com a mare Vazante e vento Leste. Espécie: Spheniscus magellanicus, Juvenil Não ,,,esta ameacada de extincao. Foi encontrado Morto em ambiente Arenoso com o Cod de carcaca 4 e Não apresentava oleo.</b><br>"
894;"<b>Indivíduo de numero 894 registrado pela equipe do Trecho 01 na cidade de Imbituba (Santa Catarina), atraves de monitoramento do tipo Regular com a mare Vazante e vento Leste. Espécie: Spheniscus magellanicus, Juvenil Não ,,,esta ameacada de extincao. Foi encontrado Morto em ambiente Arenoso com o Cod de carcaca 4 e Não apresentava oleo.</b><br>"
895;"<b>Indivíduo de numero 895 registrado pela equipe do Trecho 01 na cidade de Imbituba (Santa Catarina), atraves de monitoramento do tipo Regular com a mare Vazante e vento Leste. Espécie: Spheniscus magellanicus, Juvenil Não ,,,esta ameacada de extincao. Foi encontrado Morto em ambiente Arenoso com o Cod de carcaca 4 e Não apresentava oleo.</b><br>"
896;"<b>Indivíduo de numero 896 registrado pela equipe do Trecho 01 na cidade de Imbituba (Santa Catarina), atraves de monitoramento do tipo Regular com a mare Vazante e vento Leste. Espécie: Caretta caretta, Adulto Sim ,,,esta ameacada de extincao. Foi encontrado Morto em ambiente Arenoso com o Cod de carcaca 4 e Não apresentava oleo.</b><br>"
897;"<b>Indivíduo de numero 897 registrado pela equipe do Trecho 05 na cidade de Itapoá (Santa Catarina), atraves de monitoramento do tipo Acionamento com a mare Enchente e vento Leste. Espécie: Chelonia mydas, Juvenil Sim ,,,esta ameacada de extincao. Foi encontrado Morto em ambiente Arenoso com o Cod de carcaca 4 e Não apresentava oleo.</b><br>"
898;"<b>Indivíduo de numero 898 registrado pela equipe do Trecho 01 na cidade de Laguna (Santa Catarina), atraves de monitoramento do tipo Regular com a mare Cheia e vento Leste. Espécie: Spheniscus magellanicus, Juvenil Não ,,,esta ameacada de extincao. Foi encontrado Morto em ambiente Arenoso com o Cod de carcaca 4 e Não apresentava oleo.</b><br>"
899;"<b>Indivíduo de numero 899 registrado pela equipe do Trecho 01 na cidade de Laguna (Santa Catarina), atraves de monitoramento do tipo Regular com a mare Cheia e vento Leste. Espécie: Spheniscus magellanicus, Juvenil Não ,,,esta ameacada de extincao. Foi encontrado Morto em ambiente Arenoso com o Cod de carcaca 4 e Não apresentava oleo.</b><br>"
900;"<b>Indivíduo de numero 900 registrado pela equipe do Trecho 01 na cidade de Laguna (Santa Catarina), atraves de monitoramento do tipo Regular com a mare Cheia e vento Leste. Espécie: Spheniscus magellanicus, Juvenil Não ,,,esta ameacada de extincao. Foi encontrado Morto em ambiente Arenoso com o Cod de carcaca 4 e Não apresentava oleo.</b><br>"
901;"<b>Indivíduo de numero 901 registrado pela equipe do Trecho 01 na cidade de Laguna (Santa Catarina), atraves de monitoramento do tipo Regular com a mare Cheia e vento Leste. Espécie: Caretta caretta, Indeterminado Sim ,,,esta ameacada de extincao. Foi encontrado Morto em ambiente Arenoso com o Cod de carcaca 4 e Não apresentava oleo.</b><br>"
902;"<b>Indivíduo de numero 902 registrado pela equipe do Trecho 02 na cidade de Garopaba (Santa Catarina), atraves de monitoramento do tipo Regular com a mare Vazante e vento Leste. Espécie: Spheniscus magellanicus, Juvenil Não ,,,esta ameacada de extincao. Foi encontrado Morto em ambiente Arenoso com o Cod de carcaca 4 e Não apresentava oleo.</b><br>"
903;"<b>Indivíduo de numero 903 registrado pela equipe do Trecho 02 na cidade de Garopaba (Santa Catarina), atraves de monitoramento do tipo Regular com a mare Vazante e vento Leste. Espécie: Spheniscus magellanicus, Juvenil Não ,,,esta ameacada de extincao. Foi encontrado Morto em ambiente Arenoso com o Cod de carcaca 4 e Não apresentava oleo.</b><br>"
904;"<b>Indivíduo de numero 904 registrado pela equipe do Trecho 02 na cidade de Garopaba (Santa Catarina), atraves de monitoramento do tipo Regular com a mare Vazante e vento Leste. Espécie: Chelonia mydas, Juvenil Sim ,,,esta ameacada de extincao. Foi encontrado Morto em ambiente Arenoso com o Cod de carcaca 4 e Não apresentava oleo.</b><br>"
905;"<b>Indivíduo de numero 905 registrado pela equipe do Trecho 02 na cidade de Garopaba (Santa Catarina), atraves de monitoramento do tipo Regular com a mare Vazante e vento Leste. Espécie: Spheniscus magellanicus, Juvenil Não ,,,esta ameacada de extincao. Foi encontrado Morto em ambiente Arenoso com o Cod de carcaca 4 e Não apresentava oleo.</b><br>"
906;"<b>Indivíduo de numero 906 registrado pela equipe do Trecho 04 na cidade de Bombinhas (Santa Catarina), atraves de monitoramento do tipo Regular com a mare Vazante e vento Nordeste. Espécie: Chelonia mydas, Juvenil Sim ,,,esta ameacada de extincao. Foi encontrado Morto em ambiente Arenoso com o Cod de carcaca 4 e Não apresentava oleo.</b><br>"
907;"<b>Indivíduo de numero 907 registrado pela equipe do Trecho 04 na cidade de Barra Velha (Santa Catarina), atraves de monitoramento do tipo Regular com a mare Vazante e vento Sudoeste. Espécie: Sula leucogaster, Adulto Não ,,,esta ameacada de extincao. Foi encontrado Morto em ambiente Arenoso com o Cod de carcaca 4 e Não apresentava oleo.</b><br>"
908;"<b>Indivíduo de numero 908 registrado pela equipe do Trecho 04 na cidade de Barra Velha (Santa Catarina), atraves de monitoramento do tipo Regular com a mare Vazante e vento Sudoeste. Espécie: Pontoporia blainvillei, Juvenil Sim ,,,esta ameacada de extincao. Foi encontrado Morto em ambiente Arenoso com o Cod de carcaca 4 e Não apresentava oleo.</b><br>"
909;"<b>Indivíduo de numero 909 registrado pela equipe do Trecho 03 na cidade de Florianópolis (Santa Catarina), atraves de monitoramento do tipo Acionamento com a mare Vazante e vento Nordeste. Espécie: Spheniscus magellanicus, Juvenil Não ,,,esta ameacada de extincao. Foi encontrado Vivo em ambiente Arenoso com o Cod de carcaca 1 e Não apresentava oleo.</b><br>"
910;"<b>Indivíduo de numero 910 registrado pela equipe do Trecho 01 na cidade de Laguna (Santa Catarina), atraves de monitoramento do tipo Regular com a mare Vazante e vento Leste. Espécie: Spheniscus magellanicus, Juvenil Não ,,,esta ameacada de extincao. Foi encontrado Morto em ambiente Arenoso com o Cod de carcaca 4 e Não apresentava oleo.</b><br>"
911;"<b>Indivíduo de numero 911 registrado pela equipe do Trecho 01 na cidade de Laguna (Santa Catarina), atraves de monitoramento do tipo Regular com a mare Vazante e vento Leste. Espécie: Arctocephalus australis, Indeterminado Não ,,,esta ameacada de extincao. Foi encontrado Morto em ambiente Arenoso com o Cod de carcaca 4 e Não apresentava oleo.</b><br>"
912;"<b>Indivíduo de numero 912 registrado pela equipe do Trecho 01 na cidade de Laguna (Santa Catarina), atraves de monitoramento do tipo Regular com a mare Vazante e vento Leste. Espécie: Spheniscus magellanicus, Juvenil Não ,,,esta ameacada de extincao. Foi encontrado Morto em ambiente Arenoso com o Cod de carcaca 4 e Não apresentava oleo.</b><br>"
913;"<b>Indivíduo de numero 913 registrado pela equipe do Trecho 01 na cidade de Imbituba (Santa Catarina), atraves de monitoramento do tipo Regular com a mare Vazante e vento Leste. Espécie: Chelonia mydas, Juvenil Sim ,,,esta ameacada de extincao. Foi encontrado Morto em ambiente Arenoso com o Cod de carcaca 4 e Não apresentava oleo.</b><br>"
914;"<b>Indivíduo de numero 914 registrado pela equipe do Trecho 01 na cidade de Imbituba (Santa Catarina), atraves de monitoramento do tipo Regular com a mare Vazante e vento Leste. Espécie: Larus dominicanus, Juvenil Não ,,,esta ameacada de extincao. Foi encontrado Morto em ambiente Arenoso com o Cod de carcaca 4 e Não apresentava oleo.</b><br>"
915;"<b>Indivíduo de numero 915 registrado pela equipe do Trecho 01 na cidade de Imbituba (Santa Catarina), atraves de monitoramento do tipo Regular com a mare Vazante e vento Leste. Espécie: Thalasseus acuflavidus, Indeterminado Não ,,,esta ameacada de extincao. Foi encontrado Morto em ambiente Arenoso com o Cod de carcaca 5 e Não apresentava oleo.</b><br>"
916;"<b>Indivíduo de numero 916 registrado pela equipe do Trecho 01 na cidade de Imbituba (Santa Catarina), atraves de monitoramento do tipo Regular com a mare Vazante e vento Leste. Espécie: Spheniscus magellanicus, Juvenil Não ,,,esta ameacada de extincao. Foi encontrado Morto em ambiente Arenoso com o Cod de carcaca 4 e Não apresentava oleo.</b><br>"
917;"<b>Indivíduo de numero 917 registrado pela equipe do Trecho 05 na cidade de Araquari,Balneário Barra Do Sul,Barra Velha (Santa Catarina), atraves de monitoramento do tipo Regular com a mare Enchente e vento Sudeste. Espécie: Caretta caretta, Indeterminado Sim ,,,esta ameacada de extincao. Foi encontrado Morto em ambiente Arenoso com o Cod de carcaca 4 e Não apresentava oleo.</b><br>"
918;"<b>Indivíduo de numero 918 registrado pela equipe do Trecho 03 na cidade de Florianópolis (Santa Catarina), atraves de monitoramento do tipo Regular com a mare Enchente e vento Sul. Espécie: Chelonia mydas, Juvenil Sim ,,,esta ameacada de extincao. Foi encontrado Morto em ambiente Arenoso com o Cod de carcaca 4 e Não apresentava oleo.</b><br>"
919;"<b>Indivíduo de numero 919 registrado pela equipe do Trecho 03 na cidade de Florianópolis (Santa Catarina), atraves de monitoramento do tipo Regular com a mare Enchente e vento Sudeste. Espécie: Pontoporia blainvillei, Indeterminado Sim ,,,esta ameacada de extincao. Foi encontrado Morto em ambiente Arenoso com o Cod de carcaca 5 e Não apresentava oleo.</b><br>"
920;"<b>Indivíduo de numero 920 registrado pela equipe do Trecho 06 na cidade de Matinhos,Pontal Do Paraná (Paraná), atraves de monitoramento do tipo Regular com a mare Enchente e vento Sul. Espécie: Larus dominicanus, Juvenil Não ,,,esta ameacada de extincao. Foi encontrado Morto em ambiente Arenoso com o Cod de carcaca 2 e Não apresentava oleo.</b><br>"
921;"<b>Indivíduo de numero 921 registrado pela equipe do Trecho 06 na cidade de Matinhos,Pontal Do Paraná (Paraná), atraves de monitoramento do tipo Regular com a mare Enchente e vento Sul. Espécie: Chelonia mydas, Juvenil Sim ,,,esta ameacada de extincao. Foi encontrado Morto em ambiente Arenoso com o Cod de carcaca 5 e Não apresentava oleo.</b><br>"
922;"<b>Indivíduo de numero 922 registrado pela equipe do Trecho 06 na cidade de Matinhos,Pontal Do Paraná (Paraná), atraves de monitoramento do tipo Regular com a mare Enchente e vento Sul. Espécie: Puffinus puffinus, Indeterminado Não ,,,esta ameacada de extincao. Foi encontrado Morto em ambiente Arenoso com o Cod de carcaca 4 e Não apresentava oleo.</b><br>"
923;"<b>Indivíduo de numero 923 registrado pela equipe do Trecho 06 na cidade de Matinhos,Pontal Do Paraná (Paraná), atraves de monitoramento do tipo Regular com a mare Vazia e vento Sudeste. Espécie: Chelonia mydas, Juvenil Sim ,,,esta ameacada de extincao. Foi encontrado Morto em ambiente Arenoso com o Cod de carcaca 4 e Não apresentava oleo.</b><br>"
924;"<b>Indivíduo de numero 924 registrado pela equipe do Trecho 06 na cidade de Matinhos (Paraná), atraves de monitoramento do tipo Regular com a mare Vazante e vento Sul. Espécie: Chelonia mydas, Juvenil Sim ,,,esta ameacada de extincao. Foi encontrado Morto em ambiente Arenoso com o Cod de carcaca 4 e Não apresentava oleo.</b><br>"
925;"<b>Indivíduo de numero 925 registrado pela equipe do Trecho 05 na cidade de São Francisco Do Sul (Santa Catarina), atraves de monitoramento do tipo Regular com a mare Vazante e vento Sul. Espécie: Chelonia mydas, Indeterminado Sim ,,,esta ameacada de extincao. Foi encontrado Morto em ambiente Arenoso com o Cod de carcaca 4 e Não apresentava oleo.</b><br>"
926;"<b>Indivíduo de numero 926 registrado pela equipe do Trecho 05 na cidade de São Francisco Do Sul (Santa Catarina), atraves de monitoramento do tipo Regular com a mare Vazante e vento Sul. Espécie: Spheniscus magellanicus, Indeterminado Não ,,,esta ameacada de extincao. Foi encontrado Morto em ambiente Arenoso com o Cod de carcaca 4 e Não apresentava oleo.</b><br>"
927;"<b>Indivíduo de numero 927 registrado pela equipe do Trecho 05 na cidade de São Francisco Do Sul (Santa Catarina), atraves de monitoramento do tipo Regular com a mare Vazante e vento Sul. Espécie: Puffinus puffinus, Indeterminado Não ,,,esta ameacada de extincao. Foi encontrado Morto em ambiente Arenoso com o Cod de carcaca 4 e Não apresentava oleo.</b><br>"
928;"<b>Indivíduo de numero 928 registrado pela equipe do Trecho 05 na cidade de São Francisco Do Sul (Santa Catarina), atraves de monitoramento do tipo Acionamento com a mare Vazante e vento Sudoeste. Espécie: Chelonia mydas, Juvenil Sim ,,,esta ameacada de extincao. Foi encontrado Morto em ambiente Arenoso com o Cod de carcaca 4 e Não apresentava oleo.</b><br>"
929;"<b>Indivíduo de numero 929 registrado pela equipe do Trecho 06 na cidade de Pontal Do Paraná (Paraná), atraves de monitoramento do tipo Acionamento com a mare Enchente e vento Nordeste. Espécie: Phalacrocorax brasilianus, Juvenil Não ,,,esta ameacada de extincao. Foi encontrado Morto em ambiente Água com o Cod de carcaca 3 e Não apresentava oleo.</b><br>"
930;"<b>Indivíduo de numero 930 registrado pela equipe do Trecho 01 na cidade de Laguna (Santa Catarina), atraves de monitoramento do tipo Regular com a mare Vazante e vento Leste. Espécie: Chelonia mydas, Juvenil Sim ,,,esta ameacada de extincao. Foi encontrado Morto em ambiente Arenoso com o Cod de carcaca 5 e Não apresentava oleo.</b><br>"
931;"<b>Indivíduo de numero 931 registrado pela equipe do Trecho 01 na cidade de Laguna (Santa Catarina), atraves de monitoramento do tipo Regular com a mare Vazante e vento Leste. Espécie: Chelonia mydas, Juvenil Sim ,,,esta ameacada de extincao. Foi encontrado Morto em ambiente Arenoso com o Cod de carcaca 4 e Não apresentava oleo.</b><br>"
932;"<b>Indivíduo de numero 932 registrado pela equipe do Trecho 02 na cidade de Garopaba (Santa Catarina), atraves de monitoramento do tipo Regular com a mare Vazante e vento Leste. Espécie: Caretta caretta, Juvenil Sim ,,,esta ameacada de extincao. Foi encontrado Morto em ambiente Arenoso com o Cod de carcaca 4 e Não apresentava oleo.</b><br>"
933;"<b>Indivíduo de numero 933 registrado pela equipe do Trecho 02 na cidade de Garopaba (Santa Catarina), atraves de monitoramento do tipo Regular com a mare Vazante e vento Leste. Espécie: Puffinus puffinus, Indeterminado Não ,,,esta ameacada de extincao. Foi encontrado Morto em ambiente Arenoso com o Cod de carcaca 5 e Não apresentava oleo.</b><br>"
934;"<b>Indivíduo de numero 934 registrado pela equipe do Trecho 02 na cidade de Garopaba (Santa Catarina), atraves de monitoramento do tipo Regular com a mare Vazante e vento Leste. Espécie: Spheniscus magellanicus, Juvenil Não ,,,esta ameacada de extincao. Foi encontrado Morto em ambiente Arenoso com o Cod de carcaca 4 e Não apresentava oleo.</b><br>"
935;"<b>Indivíduo de numero 935 registrado pela equipe do Trecho 02 na cidade de Garopaba (Santa Catarina), atraves de monitoramento do tipo Regular com a mare Vazante e vento Leste. Espécie: Larus dominicanus, Juvenil Não ,,,esta ameacada de extincao. Foi encontrado Morto em ambiente Arenoso com o Cod de carcaca 5 e Não apresentava oleo.</b><br>"
936;"<b>Indivíduo de numero 936 registrado pela equipe do Trecho 06 na cidade de Guaraqueçaba (Paraná), atraves de monitoramento do tipo Regular com a mare Vazante e vento Sul. Espécie: Chelonia mydas, Juvenil Sim ,,,esta ameacada de extincao. Foi encontrado Morto em ambiente Arenoso com o Cod de carcaca 4 e Não apresentava oleo.</b><br>"
937;"<b>Indivíduo de numero 937 registrado pela equipe do Trecho 04 na cidade de Penha (Santa Catarina), atraves de monitoramento do tipo Regular com a mare Enchente e vento Sudoeste. Espécie: Chelonia mydas, Juvenil Sim ,,,esta ameacada de extincao. Foi encontrado Morto em ambiente Arenoso com o Cod de carcaca 4 e Não apresentava oleo.</b><br>"
938;"<b>Indivíduo de numero 938 registrado pela equipe do Trecho 04 na cidade de Balneário Piçarras (Santa Catarina), atraves de monitoramento do tipo Regular com a mare Vazante e vento Sudoeste. Espécie: Chelonia mydas, Juvenil Sim ,,,esta ameacada de extincao. Foi encontrado Morto em ambiente Arenoso com o Cod de carcaca 4 e Não apresentava oleo.</b><br>"
939;"<b>Indivíduo de numero 939 registrado pela equipe do Trecho 04 na cidade de Balneário Piçarras (Santa Catarina), atraves de monitoramento do tipo Regular com a mare Vazante e vento Sudoeste. Espécie: Chelonia mydas, Juvenil Sim ,,,esta ameacada de extincao. Foi encontrado Morto em ambiente Arenoso com o Cod de carcaca 4 e Não apresentava oleo.</b><br>"
940;"<b>Indivíduo de numero 940 registrado pela equipe do Trecho 04 na cidade de Balneário Piçarras (Santa Catarina), atraves de monitoramento do tipo Regular com a mare Vazante e vento Sudoeste. Espécie: Chelonia mydas, Juvenil Sim ,,,esta ameacada de extincao. Foi encontrado Morto em ambiente Arenoso com o Cod de carcaca 4 e Não apresentava oleo.</b><br>"
941;"<b>Indivíduo de numero 941 registrado pela equipe do Trecho 06 na cidade de Matinhos,Pontal Do Paraná (Paraná), atraves de monitoramento do tipo Acionamento com a mare Vazante e vento Sudeste. Espécie: Pterodroma incerta, Juvenil Sim ,,,esta ameacada de extincao. Foi encontrado Vivo em ambiente Arenoso com o Cod de carcaca 1 e Não apresentava oleo.</b><br>"
942;"<b>Indivíduo de numero 942 registrado pela equipe do Trecho 05 na cidade de São Francisco Do Sul (Santa Catarina), atraves de monitoramento do tipo Regular com a mare Vazante e vento Sudoeste. Espécie: Eretmochelys imbricata, Juvenil Sim ,,,esta ameacada de extincao. Foi encontrado Morto em ambiente Arenoso com o Cod de carcaca 4 e Não apresentava oleo.</b><br>"
943;"<b>Indivíduo de numero 943 registrado pela equipe do Trecho 01 na cidade de Imbituba (Santa Catarina), atraves de monitoramento do tipo Acionamento com a mare Vazante e vento Leste. Espécie: Spheniscus magellanicus, Juvenil Não ,,,esta ameacada de extincao. Foi encontrado Morto em ambiente Arenoso com o Cod de carcaca 2 e Não apresentava oleo.</b><br>"
944;"<b>Indivíduo de numero 944 registrado pela equipe do Trecho 05 na cidade de São Francisco Do Sul (Santa Catarina), atraves de monitoramento do tipo Acionamento com a mare Enchente e vento Sudeste. Espécie: Caretta caretta, Indeterminado Sim ,,,esta ameacada de extincao. Foi encontrado Morto em ambiente Arenoso com o Cod de carcaca 4 e Não apresentava oleo.</b><br>"
945;"<b>Indivíduo de numero 945 registrado pela equipe do Trecho 05 na cidade de São Francisco Do Sul (Santa Catarina), atraves de monitoramento do tipo Regular com a mare Vazante e vento Sudeste. Espécie: Sotalia guianensis, Juvenil Sim ,,,esta ameacada de extincao. Foi encontrado Morto em ambiente Arenoso com o Cod de carcaca 4 e Não apresentava oleo.</b><br>"
946;"<b>Indivíduo de numero 946 registrado pela equipe do Trecho 05 na cidade de São Francisco Do Sul (Santa Catarina), atraves de monitoramento do tipo Regular com a mare Vazante e vento Sudeste. Espécie: Pterodroma incerta, Juvenil Sim ,,,esta ameacada de extincao. Foi encontrado Morto em ambiente Arenoso com o Cod de carcaca 4 e Não apresentava oleo.</b><br>"
947;"<b>Indivíduo de numero 947 registrado pela equipe do Trecho 05 na cidade de São Francisco Do Sul (Santa Catarina), atraves de monitoramento do tipo Regular com a mare Vazante e vento Sudeste. Espécie: Thalasseus acuflavidus, Adulto Não ,,,esta ameacada de extincao. Foi encontrado Vivo em ambiente Arenoso com o Cod de carcaca 1 e Não apresentava oleo.</b><br>"
948;"<b>Indivíduo de numero 948 registrado pela equipe do Trecho 04 na cidade de Balneário Camboriú,Itajaí (Santa Catarina), atraves de monitoramento do tipo Regular com a mare Enchente e vento Sudeste. Espécie: Caretta caretta, Juvenil Sim ,,,esta ameacada de extincao. Foi encontrado Morto em ambiente Arenoso com o Cod de carcaca 4 e Não apresentava oleo.</b><br>"
949;"<b>Indivíduo de numero 949 registrado pela equipe do Trecho 04 na cidade de Bombinhas (Santa Catarina), atraves de monitoramento do tipo Regular com a mare Vazia e vento Sudeste. Espécie: Chelonia mydas, Juvenil Sim ,,,esta ameacada de extincao. Foi encontrado Morto em ambiente Arenoso com o Cod de carcaca 4 e Não apresentava oleo.</b><br>"
950;"<b>Indivíduo de numero 950 registrado pela equipe do Trecho 04 na cidade de Bombinhas (Santa Catarina), atraves de monitoramento do tipo Regular com a mare Vazia e vento Sudeste. Espécie: Chelonia mydas, Juvenil Sim ,,,esta ameacada de extincao. Foi encontrado Morto em ambiente Arenoso com o Cod de carcaca 4 e Não apresentava oleo.</b><br>"
951;"<b>Indivíduo de numero 951 registrado pela equipe do Trecho 04 na cidade de Bombinhas (Santa Catarina), atraves de monitoramento do tipo Regular com a mare Vazia e vento Sudeste. Espécie: Chelonia mydas, Juvenil Sim ,,,esta ameacada de extincao. Foi encontrado Morto em ambiente Arenoso com o Cod de carcaca 4 e Não apresentava oleo.</b><br>"
952;"<b>Indivíduo de numero 952 registrado pela equipe do Trecho 01 na cidade de Laguna (Santa Catarina), atraves de monitoramento do tipo Regular com a mare Enchente e vento Leste. Espécie: Larus dominicanus, Adulto Não ,,,esta ameacada de extincao. Foi encontrado Morto em ambiente Arenoso com o Cod de carcaca 5 e Não apresentava oleo.</b><br>"
953;"<b>Indivíduo de numero 953 registrado pela equipe do Trecho 01 na cidade de Laguna (Santa Catarina), atraves de monitoramento do tipo Regular com a mare Enchente e vento Leste. Espécie: Puffinus puffinus, Indeterminado Não ,,,esta ameacada de extincao. Foi encontrado Morto em ambiente Arenoso com o Cod de carcaca 5 e Não apresentava oleo.</b><br>"
954;"<b>Indivíduo de numero 954 registrado pela equipe do Trecho 01 na cidade de Laguna (Santa Catarina), atraves de monitoramento do tipo Regular com a mare Enchente e vento Leste. Espécie: Arctocephalus australis, Juvenil Não ,,,esta ameacada de extincao. Foi encontrado Morto em ambiente Arenoso com o Cod de carcaca 4 e Não apresentava oleo.</b><br>"
955;"<b>Indivíduo de numero 955 registrado pela equipe do Trecho 01 na cidade de Laguna (Santa Catarina), atraves de monitoramento do tipo Regular com a mare Enchente e vento Leste. Espécie: Spheniscus magellanicus, Juvenil Não ,,,esta ameacada de extincao. Foi encontrado Morto em ambiente Arenoso com o Cod de carcaca 4 e Não apresentava oleo.</b><br>"
956;"<b>Indivíduo de numero 956 registrado pela equipe do Trecho 01 na cidade de Laguna (Santa Catarina), atraves de monitoramento do tipo Regular com a mare Enchente e vento Leste. Espécie: Larus dominicanus, Juvenil Não ,,,esta ameacada de extincao. Foi encontrado Morto em ambiente Arenoso com o Cod de carcaca 5 e Não apresentava oleo.</b><br>"
957;"<b>Indivíduo de numero 957 registrado pela equipe do Trecho 01 na cidade de Laguna (Santa Catarina), atraves de monitoramento do tipo Regular com a mare Enchente e vento Leste. Espécie: Larus dominicanus, Juvenil Não ,,,esta ameacada de extincao. Foi encontrado Morto em ambiente Arenoso com o Cod de carcaca 5 e Não apresentava oleo.</b><br>"
958;"<b>Indivíduo de numero 958 registrado pela equipe do Trecho 01 na cidade de Imbituba (Santa Catarina), atraves de monitoramento do tipo Regular com a mare Vazante e vento Leste. Espécie: Spheniscus magellanicus, Juvenil Não ,,,esta ameacada de extincao. Foi encontrado Morto em ambiente Arenoso com o Cod de carcaca 4 e Não apresentava oleo.</b><br>"
959;"<b>Indivíduo de numero 959 registrado pela equipe do Trecho 01 na cidade de Imbituba (Santa Catarina), atraves de monitoramento do tipo Regular com a mare Vazante e vento Leste. Espécie: Procellaria aequinoctialis, Indeterminado Não ,,,esta ameacada de extincao. Foi encontrado Morto em ambiente Arenoso com o Cod de carcaca 4 e Não apresentava oleo.</b><br>"
960;"<b>Indivíduo de numero 960 registrado pela equipe do Trecho 01 na cidade de Imbituba (Santa Catarina), atraves de monitoramento do tipo Regular com a mare Vazante e vento Leste. Espécie: Larus dominicanus, Adulto Não ,,,esta ameacada de extincao. Foi encontrado Morto em ambiente Arenoso com o Cod de carcaca 5 e Não apresentava oleo.</b><br>"
961;"<b>Indivíduo de numero 961 registrado pela equipe do Trecho 01 na cidade de Imbituba (Santa Catarina), atraves de monitoramento do tipo Regular com a mare Vazante e vento Leste. Espécie: Spheniscus magellanicus, Juvenil Não ,,,esta ameacada de extincao. Foi encontrado Morto em ambiente Arenoso com o Cod de carcaca 4 e Não apresentava oleo.</b><br>"
962;"<b>Indivíduo de numero 962 registrado pela equipe do Trecho 01 na cidade de Imbituba (Santa Catarina), atraves de monitoramento do tipo Regular com a mare Vazante e vento Leste. Espécie: Spheniscus magellanicus, Juvenil Não ,,,esta ameacada de extincao. Foi encontrado Vivo em ambiente Arenoso com o Cod de carcaca 1 e Não apresentava oleo.</b><br>"
963;"<b>Indivíduo de numero 963 registrado pela equipe do Trecho 01 na cidade de Imbituba (Santa Catarina), atraves de monitoramento do tipo Regular com a mare Vazante e vento Leste. Espécie: Larus dominicanus, Juvenil Não ,,,esta ameacada de extincao. Foi encontrado Morto em ambiente Arenoso com o Cod de carcaca 4 e Não apresentava oleo.</b><br>"
964;"<b>Indivíduo de numero 964 registrado pela equipe do Trecho 01 na cidade de Imbituba (Santa Catarina), atraves de monitoramento do tipo Regular com a mare Vazante e vento Leste. Espécie: Larus dominicanus, Juvenil Não ,,,esta ameacada de extincao. Foi encontrado Morto em ambiente Arenoso com o Cod de carcaca 5 e Não apresentava oleo.</b><br>"
965;"<b>Indivíduo de numero 965 registrado pela equipe do Trecho 01 na cidade de Imbituba (Santa Catarina), atraves de monitoramento do tipo Regular com a mare Vazante e vento Leste. Espécie: Larus dominicanus, Juvenil Não ,,,esta ameacada de extincao. Foi encontrado Morto em ambiente Arenoso com o Cod de carcaca 4 e Não apresentava oleo.</b><br>"
966;"<b>Indivíduo de numero 966 registrado pela equipe do Trecho 03 na cidade de Florianópolis (Santa Catarina), atraves de monitoramento do tipo Regular com a mare Enchente e vento Sudeste. Espécie: Chelonia mydas, Juvenil Sim ,,,esta ameacada de extincao. Foi encontrado Morto em ambiente Arenoso com o Cod de carcaca 5 e Não apresentava oleo.</b><br>"
967;"<b>Indivíduo de numero 967 registrado pela equipe do Trecho 03 na cidade de Florianópolis (Santa Catarina), atraves de monitoramento do tipo Regular com a mare Enchente e vento Sudeste. Espécie: Chelonia mydas, Juvenil Sim ,,,esta ameacada de extincao. Foi encontrado Morto em ambiente Arenoso com o Cod de carcaca 4 e Não apresentava oleo.</b><br>"
968;"<b>Indivíduo de numero 968 registrado pela equipe do Trecho 03 na cidade de Florianópolis (Santa Catarina), atraves de monitoramento do tipo Regular com a mare Vazante e vento Leste. Espécie: Sula leucogaster, Adulto Não ,,,esta ameacada de extincao. Foi encontrado Morto em ambiente Arenoso com o Cod de carcaca 5 e Não apresentava oleo.</b><br>"
969;"<b>Indivíduo de numero 969 registrado pela equipe do Trecho 03 na cidade de Florianópolis (Santa Catarina), atraves de monitoramento do tipo Regular com a mare Vazante e vento Leste. Espécie: Caretta caretta, Juvenil Sim ,,,esta ameacada de extincao. Foi encontrado Morto em ambiente Arenoso com o Cod de carcaca 4 e Não apresentava oleo.</b><br>"
970;"<b>Indivíduo de numero 970 registrado pela equipe do Trecho 06 na cidade de Matinhos,Pontal Do Paraná (Paraná), atraves de monitoramento do tipo Regular com a mare Enchente e vento Leste. Espécie: Sula leucogaster, Juvenil Não ,,,esta ameacada de extincao. Foi encontrado Morto em ambiente Arenoso com o Cod de carcaca 4 e Não apresentava oleo.</b><br>"
971;"<b>Indivíduo de numero 971 registrado pela equipe do Trecho 06 na cidade de Matinhos,Pontal Do Paraná (Paraná), atraves de monitoramento do tipo Regular com a mare Enchente e vento Sudeste. Espécie: Caretta caretta, Juvenil Sim ,,,esta ameacada de extincao. Foi encontrado Morto em ambiente Arenoso com o Cod de carcaca 4 e Não apresentava oleo.</b><br>"
972;"<b>Indivíduo de numero 972 registrado pela equipe do Trecho 05 na cidade de Itapoá (Santa Catarina), atraves de monitoramento do tipo Regular com a mare Enchente e vento Sudeste. Espécie: Larus dominicanus, Indeterminado Não ,,,esta ameacada de extincao. Foi encontrado Morto em ambiente Arenoso com o Cod de carcaca 4 e Não apresentava oleo.</b><br>"
973;"<b>Indivíduo de numero 973 registrado pela equipe do Trecho 05 na cidade de Itapoá (Santa Catarina), atraves de monitoramento do tipo Regular com a mare Enchente e vento Sudeste. Espécie: Puffinus puffinus, Indeterminado Não ,,,esta ameacada de extincao. Foi encontrado Morto em ambiente Arenoso com o Cod de carcaca 4 e Não apresentava oleo.</b><br>"
974;"<b>Indivíduo de numero 974 registrado pela equipe do Trecho 05 na cidade de Itapoá (Santa Catarina), atraves de monitoramento do tipo Regular com a mare Enchente e vento Sudeste. Espécie: Chelonia mydas, Indeterminado Sim ,,,esta ameacada de extincao. Foi encontrado Morto em ambiente Arenoso com o Cod de carcaca 4 e Não apresentava oleo.</b><br>"
975;"<b>Indivíduo de numero 975 registrado pela equipe do Trecho 06 na cidade de Paranaguá (Paraná), atraves de monitoramento do tipo Regular com a mare Vazante e vento Norte. Espécie: Sula leucogaster, Indeterminado Não ,,,esta ameacada de extincao. Foi encontrado Morto em ambiente Arenoso com o Cod de carcaca 5 e Não apresentava oleo.</b><br>"
976;"<b>Indivíduo de numero 976 registrado pela equipe do Trecho 02 na cidade de Garopaba (Santa Catarina), atraves de monitoramento do tipo Regular com a mare Vazante e vento Leste. Espécie: Puffinus puffinus, Indeterminado Não ,,,esta ameacada de extincao. Foi encontrado Morto em ambiente Arenoso com o Cod de carcaca 4 e Não apresentava oleo.</b><br>"
977;"<b>Indivíduo de numero 977 registrado pela equipe do Trecho 04 na cidade de Balneário Piçarras (Santa Catarina), atraves de monitoramento do tipo Regular com a mare Vazia e vento Sudeste. Espécie: Chelonia mydas, Juvenil Sim ,,,esta ameacada de extincao. Foi encontrado Morto em ambiente Arenoso com o Cod de carcaca 4 e Não apresentava oleo.</b><br>"
978;"<b>Indivíduo de numero 978 registrado pela equipe do Trecho 04 na cidade de Balneário Piçarras (Santa Catarina), atraves de monitoramento do tipo Regular com a mare Vazia e vento Sudeste. Espécie: Chelonia mydas, Juvenil Sim ,,,esta ameacada de extincao. Foi encontrado Morto em ambiente Arenoso com o Cod de carcaca 4 e Não apresentava oleo.</b><br>"
979;"<b>Indivíduo de numero 979 registrado pela equipe do Trecho 04 na cidade de Barra Velha (Santa Catarina), atraves de monitoramento do tipo Regular com a mare Vazante e vento Sudeste. Espécie: Sula leucogaster, Indeterminado Não ,,,esta ameacada de extincao. Foi encontrado Morto em ambiente Arenoso com o Cod de carcaca 4 e Não apresentava oleo.</b><br>"
980;"<b>Indivíduo de numero 980 registrado pela equipe do Trecho 04 na cidade de Barra Velha (Santa Catarina), atraves de monitoramento do tipo Regular com a mare Vazante e vento Sudeste. Espécie: Chelonia mydas, Juvenil Sim ,,,esta ameacada de extincao. Foi encontrado Morto em ambiente Arenoso com o Cod de carcaca 4 e Não apresentava oleo.</b><br>"
981;"<b>Indivíduo de numero 981 registrado pela equipe do Trecho 05 na cidade de Araquari,Balneário Barra Do Sul,Barra Velha (Santa Catarina), atraves de monitoramento do tipo Regular com a mare Enchente e vento Sudeste. Espécie: Fregata magnificens, Adulto Não ,,,esta ameacada de extincao. Foi encontrado Morto em ambiente Arenoso com o Cod de carcaca 4 e Não apresentava oleo.</b><br>"
982;"<b>Indivíduo de numero 982 registrado pela equipe do Trecho 05 na cidade de Araquari,Balneário Barra Do Sul,Barra Velha (Santa Catarina), atraves de monitoramento do tipo Regular com a mare Enchente e vento Sudeste. Espécie: Chelonia mydas, Indeterminado Sim ,,,esta ameacada de extincao. Foi encontrado Morto em ambiente Arenoso com o Cod de carcaca 4 e Não apresentava oleo.</b><br>"
983;"<b>Indivíduo de numero 983 registrado pela equipe do Trecho 05 na cidade de Araquari,Balneário Barra Do Sul,Barra Velha (Santa Catarina), atraves de monitoramento do tipo Regular com a mare Enchente e vento Sudeste. Espécie: Chelonia mydas, Indeterminado Sim ,,,esta ameacada de extincao. Foi encontrado Morto em ambiente Arenoso com o Cod de carcaca 4 e Não apresentava oleo.</b><br>"
984;"<b>Indivíduo de numero 984 registrado pela equipe do Trecho 06 na cidade de Guaratuba (Paraná), atraves de monitoramento do tipo Acionamento com a mare Enchente e vento Noroeste. Espécie: Chelonia mydas, Juvenil Sim ,,,esta ameacada de extincao. Foi encontrado Morto em ambiente Arenoso com o Cod de carcaca 4 e Não apresentava oleo.</b><br>"
985;"<b>Indivíduo de numero 985 registrado pela equipe do Trecho 06 na cidade de Guaratuba (Paraná), atraves de monitoramento do tipo Regular com a mare Vazante e vento Sul. Espécie: Chelonia mydas, Juvenil Sim ,,,esta ameacada de extincao. Foi encontrado Morto em ambiente Arenoso com o Cod de carcaca 4 e Não apresentava oleo.</b><br>"
986;"<b>Indivíduo de numero 986 registrado pela equipe do Trecho 06 na cidade de Guaratuba (Paraná), atraves de monitoramento do tipo Regular com a mare Vazante e vento Sul. Espécie: Caretta caretta, Juvenil Sim ,,,esta ameacada de extincao. Foi encontrado Morto em ambiente Arenoso com o Cod de carcaca 4 e Não apresentava oleo.</b><br>"
987;"<b>Indivíduo de numero 987 registrado pela equipe do Trecho 03 na cidade de Florianópolis (Santa Catarina), atraves de monitoramento do tipo Regular com a mare Vazante e vento Sul. Espécie: Fregata magnificens, Juvenil Não ,,,esta ameacada de extincao. Foi encontrado Morto em ambiente Arenoso com o Cod de carcaca 4 e Não apresentava oleo.</b><br>"
988;"<b>Indivíduo de numero 988 registrado pela equipe do Trecho 03 na cidade de Florianópolis (Santa Catarina), atraves de monitoramento do tipo Regular com a mare Vazante e vento Sul. Espécie: Chelonia mydas, Juvenil Sim ,,,esta ameacada de extincao. Foi encontrado Vivo em ambiente Arenoso com o Cod de carcaca 1 e Não apresentava oleo.</b><br>"
989;"<b>Indivíduo de numero 989 registrado pela equipe do Trecho 01 na cidade de Laguna (Santa Catarina), atraves de monitoramento do tipo Regular com a mare Enchente e vento Sudeste. Espécie: Haematopus palliatus, Indeterminado Não ,,,esta ameacada de extincao. Foi encontrado Morto em ambiente Arenoso com o Cod de carcaca 4 e Não apresentava oleo.</b><br>"
990;"<b>Indivíduo de numero 990 registrado pela equipe do Trecho 01 na cidade de Laguna (Santa Catarina), atraves de monitoramento do tipo Regular com a mare Enchente e vento Sudeste. Espécie: Larus dominicanus, Juvenil Não ,,,esta ameacada de extincao. Foi encontrado Morto em ambiente Arenoso com o Cod de carcaca 5 e Não apresentava oleo.</b><br>"
991;"<b>Indivíduo de numero 991 registrado pela equipe do Trecho 01 na cidade de Imbituba (Santa Catarina), atraves de monitoramento do tipo Regular com a mare Vazante e vento Sudeste. Espécie: Larus dominicanus, Juvenil Não ,,,esta ameacada de extincao. Foi encontrado Morto em ambiente Arenoso com o Cod de carcaca 5 e Não apresentava oleo.</b><br>"
992;"<b>Indivíduo de numero 992 registrado pela equipe do Trecho 06 na cidade de Matinhos,Pontal Do Paraná (Paraná), atraves de monitoramento do tipo Regular com a mare Vazante e vento Sul. Espécie: Chelonia mydas, Juvenil Sim ,,,esta ameacada de extincao. Foi encontrado Morto em ambiente Arenoso com o Cod de carcaca 4 e Não apresentava oleo.</b><br>"
993;"<b>Indivíduo de numero 993 registrado pela equipe do Trecho 06 na cidade de Matinhos,Pontal Do Paraná (Paraná), atraves de monitoramento do tipo Regular com a mare Vazante e vento Sul. Espécie: Chelonia mydas, Juvenil Sim ,,,esta ameacada de extincao. Foi encontrado Morto em ambiente Arenoso com o Cod de carcaca 4 e Não apresentava oleo.</b><br>"
994;"<b>Indivíduo de numero 994 registrado pela equipe do Trecho 06 na cidade de Matinhos,Pontal Do Paraná (Paraná), atraves de monitoramento do tipo Regular com a mare Vazante e vento Sul. Espécie: Chelonia mydas, Juvenil Sim ,,,esta ameacada de extincao. Foi encontrado Morto em ambiente Arenoso com o Cod de carcaca 4 e Não apresentava oleo.</b><br>"
995;"<b>Indivíduo de numero 995 registrado pela equipe do Trecho 06 na cidade de Matinhos,Pontal Do Paraná (Paraná), atraves de monitoramento do tipo Regular com a mare Vazante e vento Leste. Espécie: Chelonia mydas, Juvenil Sim ,,,esta ameacada de extincao. Foi encontrado Morto em ambiente Arenoso com o Cod de carcaca 4 e Não apresentava oleo.</b><br>"
996;"<b>Indivíduo de numero 996 registrado pela equipe do Trecho 05 na cidade de São Francisco Do Sul (Santa Catarina), atraves de monitoramento do tipo Regular com a mare Enchente e vento Sudeste. Espécie: Chelonia mydas, Indeterminado Sim ,,,esta ameacada de extincao. Foi encontrado Morto em ambiente Arenoso com o Cod de carcaca 4 e Não apresentava oleo.</b><br>"
997;"<b>Indivíduo de numero 997 registrado pela equipe do Trecho 04 na cidade de Barra Velha (Santa Catarina), atraves de monitoramento do tipo Regular com a mare Enchente e vento Sudeste. Espécie: Caretta caretta, Juvenil Sim ,,,esta ameacada de extincao. Foi encontrado Morto em ambiente Arenoso com o Cod de carcaca 4 e Não apresentava oleo.</b><br>"
998;"<b>Indivíduo de numero 998 registrado pela equipe do Trecho 04 na cidade de Barra Velha (Santa Catarina), atraves de monitoramento do tipo Regular com a mare Enchente e vento Sudeste. Espécie: Chelonia mydas, Juvenil Sim ,,,esta ameacada de extincao. Foi encontrado Morto em ambiente Arenoso com o Cod de carcaca 4 e Não apresentava oleo.</b><br>"
999;"<b>Indivíduo de numero 999 registrado pela equipe do Trecho 04 na cidade de Navegantes (Santa Catarina), atraves de monitoramento do tipo Regular com a mare Vazante e vento Sudeste. Espécie: Caretta caretta, Juvenil Sim ,,,esta ameacada de extincao. Foi encontrado Morto em ambiente Arenoso com o Cod de carcaca 4 e Não apresentava oleo.</b><br>"
1000;"<b>Indivíduo de numero 1000 registrado pela equipe do Trecho 05 na cidade de São Francisco Do Sul (Santa Catarina), atraves de monitoramento do tipo Acionamento com a mare Indeterminado e vento N/A. Espécie: Chelonia mydas, Juvenil Sim ,,,esta ameacada de extincao. Foi encontrado Morto em ambiente Outros com o Cod de carcaca 4 e Não apresentava oleo.</b><br>"
1001;"<b>Indivíduo de numero 1001 registrado pela equipe do Trecho 06 na cidade de Matinhos,Pontal Do Paraná (Paraná), atraves de monitoramento do tipo Acionamento com a mare Enchente e vento Sul. Espécie: Chelonia mydas, Juvenil Sim ,,,esta ameacada de extincao. Foi encontrado Morto em ambiente Arenoso com o Cod de carcaca 4 e Não apresentava oleo.</b><br>"
1002;"<b>Indivíduo de numero 1002 registrado pela equipe do Trecho 06 na cidade de Matinhos,Pontal Do Paraná (Paraná), atraves de monitoramento do tipo Acionamento com a mare Enchente e vento Sul. Espécie: Caretta caretta, Juvenil Sim ,,,esta ameacada de extincao. Foi encontrado Morto em ambiente Arenoso com o Cod de carcaca 4 e Não apresentava oleo.</b><br>"
1003;"<b>Indivíduo de numero 1003 registrado pela equipe do Trecho 06 na cidade de Matinhos (Paraná), atraves de monitoramento do tipo Acionamento com a mare Enchente e vento Leste. Espécie: Chelonia mydas, Juvenil Sim ,,,esta ameacada de extincao. Foi encontrado Morto em ambiente Arenoso com o Cod de carcaca 3 e Não apresentava oleo.</b><br>"
1004;"<b>Indivíduo de numero 1004 registrado pela equipe do Trecho 06 na cidade de Pontal Do Paraná (Paraná), atraves de monitoramento do tipo Acionamento com a mare Vazia e vento Sudeste. Espécie: Chelonia mydas, Juvenil Sim ,,,esta ameacada de extincao. Foi encontrado Morto em ambiente Arenoso com o Cod de carcaca 4 e Não apresentava oleo.</b><br>"
1005;"<b>Indivíduo de numero 1005 registrado pela equipe do Trecho 05 na cidade de Araquari,Balneário Barra Do Sul,Barra Velha (Santa Catarina), atraves de monitoramento do tipo Acionamento com a mare Vazante e vento Sudeste. Espécie: Caretta caretta, Indeterminado Sim ,,,esta ameacada de extincao. Foi encontrado Morto em ambiente Arenoso com o Cod de carcaca 4 e Não apresentava oleo.</b><br>"
1006;"<b>Indivíduo de numero 1006 registrado pela equipe do Trecho 04 na cidade de Penha (Santa Catarina), atraves de monitoramento do tipo Regular com a mare Vazante e vento Sudoeste. Espécie: Chelonia mydas, Juvenil Sim ,,,esta ameacada de extincao. Foi encontrado Morto em ambiente Arenoso com o Cod de carcaca 4 e Não apresentava oleo.</b><br>"
1007;"<b>Indivíduo de numero 1007 registrado pela equipe do Trecho 04 na cidade de Balneário Piçarras (Santa Catarina), atraves de monitoramento do tipo Regular com a mare Vazante e vento Sudoeste. Espécie: Caretta caretta, Juvenil Sim ,,,esta ameacada de extincao. Foi encontrado Morto em ambiente Arenoso com o Cod de carcaca 4 e Não apresentava oleo.</b><br>"
1008;"<b>Indivíduo de numero 1008 registrado pela equipe do Trecho 06 na cidade de Matinhos (Paraná), atraves de monitoramento do tipo Regular com a mare Enchente e vento Sudeste. Espécie: Chelonia mydas, Juvenil Sim ,,,esta ameacada de extincao. Foi encontrado Morto em ambiente Arenoso com o Cod de carcaca 3 e Não apresentava oleo.</b><br>"
1009;"<b>Indivíduo de numero 1009 registrado pela equipe do Trecho 06 na cidade de Matinhos (Paraná), atraves de monitoramento do tipo Regular com a mare Enchente e vento Sudeste. Espécie: Chelonia mydas, Juvenil Sim ,,,esta ameacada de extincao. Foi encontrado Morto em ambiente Arenoso com o Cod de carcaca 4 e Não apresentava oleo.</b><br>"
1010;"<b>Indivíduo de numero 1010 registrado pela equipe do Trecho 01 na cidade de Laguna (Santa Catarina), atraves de monitoramento do tipo Regular com a mare Vazante e vento Sudoeste. Espécie: Puffinus puffinus, Juvenil Não ,,,esta ameacada de extincao. Foi encontrado Morto em ambiente Arenoso com o Cod de carcaca 4 e Não apresentava oleo.</b><br>"
1011;"<b>Indivíduo de numero 1011 registrado pela equipe do Trecho 03 na cidade de Florianópolis (Santa Catarina), atraves de monitoramento do tipo Regular com a mare Vazante e vento Sul. Espécie: Chelonia mydas, Juvenil Sim ,,,esta ameacada de extincao. Foi encontrado Morto em ambiente Arenoso com o Cod de carcaca 4 e Não apresentava oleo.</b><br>"
1012;"<b>Indivíduo de numero 1012 registrado pela equipe do Trecho 02 na cidade de Garopaba (Santa Catarina), atraves de monitoramento do tipo Regular com a mare Vazante e vento Sudoeste. Espécie: Chelonia mydas, Juvenil Sim ,,,esta ameacada de extincao. Foi encontrado Morto em ambiente Arenoso com o Cod de carcaca 4 e Não apresentava oleo.</b><br>"
1013;"<b>Indivíduo de numero 1013 registrado pela equipe do Trecho 05 na cidade de Itapoá (Santa Catarina), atraves de monitoramento do tipo Regular com a mare Vazante e vento Sudoeste. Espécie: Lepidochelys olivacea, Juvenil Sim ,,,esta ameacada de extincao. Foi encontrado Morto em ambiente Arenoso com o Cod de carcaca 4 e Não apresentava oleo.</b><br>"
1014;"<b>Indivíduo de numero 1014 registrado pela equipe do Trecho 06 na cidade de Pontal Do Paraná (Paraná), atraves de monitoramento do tipo Regular com a mare Vazia e vento Sul. Espécie: Chelonia mydas, Juvenil Sim ,,,esta ameacada de extincao. Foi encontrado Morto em ambiente Arenoso com o Cod de carcaca 4 e Não apresentava oleo.</b><br>"
1015;"<b>Indivíduo de numero 1015 registrado pela equipe do Trecho 01 na cidade de Imbituba (Santa Catarina), atraves de monitoramento do tipo Acionamento com a mare Vazante e vento Nordeste. Espécie: Chelonia mydas, Juvenil Sim ,,,esta ameacada de extincao. Foi encontrado Morto em ambiente Arenoso com o Cod de carcaca 4 e Não apresentava oleo.</b><br>"
1016;"<b>Indivíduo de numero 1016 registrado pela equipe do Trecho 04 na cidade de Penha (Santa Catarina), atraves de monitoramento do tipo Acionamento com a mare Cheia e vento Nordeste. Espécie: Chelonia mydas, Juvenil Sim ,,,esta ameacada de extincao. Foi encontrado Morto em ambiente Arenoso com o Cod de carcaca 4 e Não apresentava oleo.</b><br>"
1017;"<b>Indivíduo de numero 1017 registrado pela equipe do Trecho 06 na cidade de Guaratuba (Paraná), atraves de monitoramento do tipo Acionamento com a mare Enchente e vento Leste. Espécie: Chelonia mydas, Juvenil Sim ,,,esta ameacada de extincao. Foi encontrado Morto em ambiente Arenoso com o Cod de carcaca 4 e Não apresentava oleo.</b><br>"
1018;"<b>Indivíduo de numero 1018 registrado pela equipe do Trecho 06 na cidade de Matinhos,Pontal Do Paraná (Paraná), atraves de monitoramento do tipo Regular com a mare Vazante e vento Oeste. Espécie: Pontoporia blainvillei, Indeterminado Sim ,,,esta ameacada de extincao. Foi encontrado Morto em ambiente Arenoso com o Cod de carcaca 4 e Não apresentava oleo.</b><br>"
1019;"<b>Indivíduo de numero 1019 registrado pela equipe do Trecho 06 na cidade de Matinhos,Pontal Do Paraná (Paraná), atraves de monitoramento do tipo Regular com a mare Vazante e vento Oeste. Espécie: Puffinus puffinus, Indeterminado Não ,,,esta ameacada de extincao. Foi encontrado Morto em ambiente Arenoso com o Cod de carcaca 4 e Não apresentava oleo.</b><br>"
1021;"<b>Indivíduo de numero 1021 registrado pela equipe do Trecho 03 na cidade de Florianópolis (Santa Catarina), atraves de monitoramento do tipo Regular com a mare Vazante e vento Norte. Espécie: Chelonia mydas, Juvenil Sim ,,,esta ameacada de extincao. Foi encontrado Morto em ambiente Arenoso com o Cod de carcaca 4 e Não apresentava oleo.</b><br>"
1022;"<b>Indivíduo de numero 1022 registrado pela equipe do Trecho 05 na cidade de São Francisco Do Sul (Santa Catarina), atraves de monitoramento do tipo Regular com a mare Vazante e vento Sudeste. Espécie: Pontoporia blainvillei, Adulto Sim ,,,esta ameacada de extincao. Foi encontrado Morto em ambiente Arenoso com o Cod de carcaca 4 e Não apresentava oleo.</b><br>"
1023;"<b>Indivíduo de numero 1023 registrado pela equipe do Trecho 05 na cidade de Itapoá (Santa Catarina), atraves de monitoramento do tipo Acionamento com a mare Enchente e vento Nordeste. Espécie: Chelonia mydas, Indeterminado Sim ,,,esta ameacada de extincao. Foi encontrado Morto em ambiente Arenoso com o Cod de carcaca 4 e Não apresentava oleo.</b><br>"
1024;"<b>Indivíduo de numero 1024 registrado pela equipe do Trecho 04 na cidade de Penha (Santa Catarina), atraves de monitoramento do tipo Regular com a mare Enchente e vento Oeste. Espécie: Pontoporia blainvillei, Adulto Sim ,,,esta ameacada de extincao. Foi encontrado Morto em ambiente Arenoso com o Cod de carcaca 4 e Não apresentava oleo.</b><br>"
1025;"<b>Indivíduo de numero 1025 registrado pela equipe do Trecho 02 na cidade de Paulo Lopes (Santa Catarina), atraves de monitoramento do tipo Regular com a mare Vazante e vento Nordeste. Espécie: Pontoporia blainvillei, Adulto Sim ,,,esta ameacada de extincao. Foi encontrado Morto em ambiente Arenoso com o Cod de carcaca 4 e Não apresentava oleo.</b><br>"
1026;"<b>Indivíduo de numero 1026 registrado pela equipe do Trecho 02 na cidade de Garopaba (Santa Catarina), atraves de monitoramento do tipo Regular com a mare Vazia e vento Nordeste. Espécie: Nannopterum brasilianum, Indeterminado Não ,,,esta ameacada de extincao. Foi encontrado Morto em ambiente Arenoso com o Cod de carcaca 4 e Não apresentava oleo.</b><br>"
1027;"<b>Indivíduo de numero 1027 registrado pela equipe do Trecho 02 na cidade de Imbituba (Santa Catarina), atraves de monitoramento do tipo Regular com a mare Vazante e vento Nordeste. Espécie: Larus dominicanus, Juvenil Não ,,,esta ameacada de extincao. Foi encontrado Morto em ambiente Arenoso com o Cod de carcaca 5 e Não apresentava oleo.</b><br>"
1028;"<b>Indivíduo de numero 1028 registrado pela equipe do Trecho 06 na cidade de Paranaguá (Paraná), atraves de monitoramento do tipo Regular com a mare Vazante e vento Noroeste. Espécie: Sula leucogaster, Adulto Não ,,,esta ameacada de extincao. Foi encontrado Vivo em ambiente Arenoso com o Cod de carcaca 1 e Não apresentava oleo.</b><br>"
1029;"<b>Indivíduo de numero 1029 registrado pela equipe do Trecho 05 na cidade de Itapoá (Santa Catarina), atraves de monitoramento do tipo Acionamento com a mare Vazia e vento Noroeste. Espécie: Caretta caretta, Indeterminado Sim ,,,esta ameacada de extincao. Foi encontrado Morto em ambiente Arenoso com o Cod de carcaca 4 e Não apresentava oleo.</b><br>"
1030;"<b>Indivíduo de numero 1030 registrado pela equipe do Trecho 05 na cidade de São Francisco Do Sul (Santa Catarina), atraves de monitoramento do tipo Acionamento com a mare Enchente e vento Nordeste. Espécie: Procellaria aequinoctialis, Juvenil Não ,,,esta ameacada de extincao. Foi encontrado Vivo em ambiente Arenoso com o Cod de carcaca 1 e Não apresentava oleo.</b><br>"
1031;"<b>Indivíduo de numero 1031 registrado pela equipe do Trecho 05 na cidade de São Francisco Do Sul (Santa Catarina), atraves de monitoramento do tipo Acionamento com a mare Cheia e vento Nordeste. Espécie: Chelonia mydas, Juvenil Sim ,,,esta ameacada de extincao. Foi encontrado Morto em ambiente Outros com o Cod de carcaca 4 e Não apresentava oleo.</b><br>"
1032;"<b>Indivíduo de numero 1032 registrado pela equipe do Trecho 01 na cidade de Imbituba (Santa Catarina), atraves de monitoramento do tipo Acionamento com a mare Vazante e vento Nordeste. Espécie: Pontoporia blainvillei, Adulto Sim ,,,esta ameacada de extincao. Foi encontrado Morto em ambiente Arenoso com o Cod de carcaca 4 e Não apresentava oleo.</b><br>"
1033;"<b>Indivíduo de numero 1033 registrado pela equipe do Trecho 01 na cidade de Imbituba (Santa Catarina), atraves de monitoramento do tipo Acionamento com a mare Vazante e vento Nordeste. Espécie: Pontoporia blainvillei, Juvenil Sim ,,,esta ameacada de extincao. Foi encontrado Morto em ambiente Arenoso com o Cod de carcaca 3 e Não apresentava oleo.</b><br>"
1034;"<b>Indivíduo de numero 1034 registrado pela equipe do Trecho 05 na cidade de São Francisco Do Sul (Santa Catarina), atraves de monitoramento do tipo Regular com a mare Enchente e vento Sudeste. Espécie: Pontoporia blainvillei, Indeterminado Sim ,,,esta ameacada de extincao. Foi encontrado Morto em ambiente Arenoso com o Cod de carcaca 4 e Não apresentava oleo.</b><br>"
1035;"<b>Indivíduo de numero 1035 registrado pela equipe do Trecho 05 na cidade de São Francisco Do Sul (Santa Catarina), atraves de monitoramento do tipo Regular com a mare Enchente e vento Sudeste. Espécie: Sotalia guianensis, Adulto Sim ,,,esta ameacada de extincao. Foi encontrado Morto em ambiente Arenoso com o Cod de carcaca 4 e Não apresentava oleo.</b><br>"
1036;"<b>Indivíduo de numero 1036 registrado pela equipe do Trecho 01 na cidade de Imbituba (Santa Catarina), atraves de monitoramento do tipo Regular com a mare Enchente e vento Nordeste. Espécie: Larus dominicanus, Adulto Não ,,,esta ameacada de extincao. Foi encontrado Vivo em ambiente Arenoso com o Cod de carcaca 1 e Não apresentava oleo.</b><br>"
1037;"<b>Indivíduo de numero 1037 registrado pela equipe do Trecho 05 na cidade de Araquari,Balneário Barra Do Sul,Barra Velha (Santa Catarina), atraves de monitoramento do tipo Regular com a mare Enchente e vento Sudeste. Espécie: Chelonia mydas, Indeterminado Sim ,,,esta ameacada de extincao. Foi encontrado Morto em ambiente Arenoso com o Cod de carcaca 4 e Não apresentava oleo.</b><br>"
1038;"<b>Indivíduo de numero 1038 registrado pela equipe do Trecho 05 na cidade de Araquari,Balneário Barra Do Sul,Barra Velha (Santa Catarina), atraves de monitoramento do tipo Regular com a mare Enchente e vento Sudeste. Espécie: Puffinus puffinus, Juvenil Não ,,,esta ameacada de extincao. Foi encontrado Morto em ambiente Arenoso com o Cod de carcaca 4 e Não apresentava oleo.</b><br>"
1039;"<b>Indivíduo de numero 1039 registrado pela equipe do Trecho 06 na cidade de Guaratuba (Paraná), atraves de monitoramento do tipo Regular com a mare Enchente e vento Oeste. Espécie: Chelonia mydas, Juvenil Sim ,,,esta ameacada de extincao. Foi encontrado Morto em ambiente Arenoso com o Cod de carcaca 4 e Não apresentava oleo.</b><br>"
1040;"<b>Indivíduo de numero 1040 registrado pela equipe do Trecho 05 na cidade de Itapoá (Santa Catarina), atraves de monitoramento do tipo Acionamento com a mare Enchente e vento Nordeste. Espécie: Chelonia mydas, Juvenil Sim ,,,esta ameacada de extincao. Foi encontrado Morto em ambiente Arenoso com o Cod de carcaca 4 e Não apresentava oleo.</b><br>"
1041;"<b>Indivíduo de numero 1041 registrado pela equipe do Trecho 04 na cidade de Bombinhas (Santa Catarina), atraves de monitoramento do tipo Regular com a mare Enchente e vento Oeste. Espécie: Chelonia mydas, Juvenil Sim ,,,esta ameacada de extincao. Foi encontrado Morto em ambiente Arenoso com o Cod de carcaca 4 e Não apresentava oleo.</b><br>"
1042;"<b>Indivíduo de numero 1042 registrado pela equipe do Trecho 03 na cidade de Florianópolis (Santa Catarina), atraves de monitoramento do tipo Regular com a mare Enchente e vento Noroeste. Espécie: Chelonia mydas, Juvenil Sim ,,,esta ameacada de extincao. Foi encontrado Morto em ambiente Arenoso com o Cod de carcaca 4 e Não apresentava oleo.</b><br>"
1043;"<b>Indivíduo de numero 1043 registrado pela equipe do Trecho 06 na cidade de Matinhos (Paraná), atraves de monitoramento do tipo Regular com a mare Enchente e vento Leste. Espécie: Chelonia mydas, Juvenil Sim ,,,esta ameacada de extincao. Foi encontrado Morto em ambiente Arenoso com o Cod de carcaca 4 e Não apresentava oleo.</b><br>"
1044;"<b>Indivíduo de numero 1044 registrado pela equipe do Trecho 06 na cidade de Matinhos,Pontal Do Paraná (Paraná), atraves de monitoramento do tipo Regular com a mare Enchente e vento Oeste. Espécie: Puffinus puffinus, Indeterminado Não ,,,esta ameacada de extincao. Foi encontrado Morto em ambiente Arenoso com o Cod de carcaca 5 e Não apresentava oleo.</b><br>"
1045;"<b>Indivíduo de numero 1045 registrado pela equipe do Trecho 06 na cidade de Matinhos,Pontal Do Paraná (Paraná), atraves de monitoramento do tipo Regular com a mare Vazante e vento Oeste. Espécie: Puffinus puffinus, Indeterminado Não ,,,esta ameacada de extincao. Foi encontrado Morto em ambiente Arenoso com o Cod de carcaca 4 e Não apresentava oleo.</b><br>"
1046;"<b>Indivíduo de numero 1046 registrado pela equipe do Trecho 04 na cidade de Barra Velha (Santa Catarina), atraves de monitoramento do tipo Regular com a mare Vazante e vento Oeste. Espécie: Caretta caretta, Juvenil Sim ,,,esta ameacada de extincao. Foi encontrado Morto em ambiente Arenoso com o Cod de carcaca 4 e Não apresentava oleo.</b><br>"
1047;"<b>Indivíduo de numero 1047 registrado pela equipe do Trecho 06 na cidade de Guaratuba (Paraná), atraves de monitoramento do tipo Regular com a mare Enchente e vento Oeste. Espécie: Chelonia mydas, Juvenil Sim ,,,esta ameacada de extincao. Foi encontrado Morto em ambiente Arenoso com o Cod de carcaca 4 e Não apresentava oleo.</b><br>"
1048;"<b>Indivíduo de numero 1048 registrado pela equipe do Trecho 06 na cidade de Matinhos,Pontal Do Paraná (Paraná), atraves de monitoramento do tipo Regular com a mare Vazia e vento N/A. Espécie: Caretta caretta, Juvenil Sim ,,,esta ameacada de extincao. Foi encontrado Morto em ambiente Arenoso com o Cod de carcaca 4 e Não apresentava oleo.</b><br>"
1049;"<b>Indivíduo de numero 1049 registrado pela equipe do Trecho 06 na cidade de Matinhos,Pontal Do Paraná (Paraná), atraves de monitoramento do tipo Regular com a mare Vazia e vento N/A. Espécie: Puffinus puffinus, Indeterminado Não ,,,esta ameacada de extincao. Foi encontrado Morto em ambiente Arenoso com o Cod de carcaca 4 e Não apresentava oleo.</b><br>"
1050;"<b>Indivíduo de numero 1050 registrado pela equipe do Trecho 05 na cidade de São Francisco Do Sul (Santa Catarina), atraves de monitoramento do tipo Regular com a mare Vazante e vento Oeste. Espécie: Caretta caretta, Indeterminado Sim ,,,esta ameacada de extincao. Foi encontrado Morto em ambiente Arenoso com o Cod de carcaca 4 e Não apresentava oleo.</b><br>"
1051;"<b>Indivíduo de numero 1051 registrado pela equipe do Trecho 05 na cidade de São Francisco Do Sul (Santa Catarina), atraves de monitoramento do tipo Regular com a mare Vazante e vento Oeste. Espécie: Sula leucogaster, Indeterminado Não ,,,esta ameacada de extincao. Foi encontrado Morto em ambiente Arenoso com o Cod de carcaca 4 e Não apresentava oleo.</b><br>"
1052;"<b>Indivíduo de numero 1052 registrado pela equipe do Trecho 01 na cidade de Imbituba (Santa Catarina), atraves de monitoramento do tipo Regular com a mare Enchente e vento Sudoeste. Espécie: Larus dominicanus, Juvenil Não ,,,esta ameacada de extincao. Foi encontrado Morto em ambiente Arenoso com o Cod de carcaca 4 e Não apresentava oleo.</b><br>"
1053;"<b>Indivíduo de numero 1053 registrado pela equipe do Trecho 05 na cidade de São Francisco Do Sul (Santa Catarina), atraves de monitoramento do tipo Acionamento com a mare Enchente e vento Sudoeste. Espécie: Sterna hirundo, Juvenil Não ,,,esta ameacada de extincao. Foi encontrado Vivo em ambiente Arenoso com o Cod de carcaca 1 e Não apresentava oleo.</b><br>"
1054;"<b>Indivíduo de numero 1054 registrado pela equipe do Trecho 04 na cidade de Bombinhas (Santa Catarina), atraves de monitoramento do tipo Regular com a mare Enchente e vento Oeste. Espécie: Chelonia mydas, Juvenil Sim ,,,esta ameacada de extincao. Foi encontrado Morto em ambiente Arenoso com o Cod de carcaca 4 e Não apresentava oleo.</b><br>"
1055;"<b>Indivíduo de numero 1055 registrado pela equipe do Trecho 05 na cidade de Araquari,Balneário Barra Do Sul,Barra Velha (Santa Catarina), atraves de monitoramento do tipo Regular com a mare Enchente e vento Sudeste. Espécie: Chelonia mydas, Indeterminado Sim ,,,esta ameacada de extincao. Foi encontrado Morto em ambiente Arenoso com o Cod de carcaca 4 e Não apresentava oleo.</b><br>"
1056;"<b>Indivíduo de numero 1056 registrado pela equipe do Trecho 05 na cidade de Araquari,Balneário Barra Do Sul,Barra Velha (Santa Catarina), atraves de monitoramento do tipo Regular com a mare Enchente e vento Sudeste. Espécie: Chelonia mydas, Indeterminado Sim ,,,esta ameacada de extincao. Foi encontrado Morto em ambiente Arenoso com o Cod de carcaca 4 e Não apresentava oleo.</b><br>"
1057;"<b>Indivíduo de numero 1057 registrado pela equipe do Trecho 05 na cidade de Araquari,Balneário Barra Do Sul,Barra Velha (Santa Catarina), atraves de monitoramento do tipo Regular com a mare Enchente e vento Sudeste. Espécie: Pontoporia blainvillei, Juvenil Sim ,,,esta ameacada de extincao. Foi encontrado Morto em ambiente Arenoso com o Cod de carcaca 4 e Não apresentava oleo.</b><br>"
1058;"<b>Indivíduo de numero 1058 registrado pela equipe do Trecho 01 na cidade de Laguna (Santa Catarina), atraves de monitoramento do tipo Regular com a mare Vazante e vento Oeste. Espécie: Larus dominicanus, Juvenil Não ,,,esta ameacada de extincao. Foi encontrado Morto em ambiente Arenoso com o Cod de carcaca 5 e Não apresentava oleo.</b><br>"
1059;"<b>Indivíduo de numero 1059 registrado pela equipe do Trecho 06 na cidade de Guaratuba (Paraná), atraves de monitoramento do tipo Regular com a mare Enchente e vento Sul. Espécie: Chelonia mydas, Juvenil Sim ,,,esta ameacada de extincao. Foi encontrado Morto em ambiente Arenoso com o Cod de carcaca 4 e Não apresentava oleo.</b><br>"
1060;"<b>Indivíduo de numero 1060 registrado pela equipe do Trecho 06 na cidade de Guaratuba (Paraná), atraves de monitoramento do tipo Regular com a mare Enchente e vento Sul. Espécie: Chelonia mydas, Juvenil Sim ,,,esta ameacada de extincao. Foi encontrado Morto em ambiente Arenoso com o Cod de carcaca 3 e Não apresentava oleo.</b><br>"
1061;"<b>Indivíduo de numero 1061 registrado pela equipe do Trecho 06 na cidade de Matinhos,Pontal Do Paraná (Paraná), atraves de monitoramento do tipo Regular com a mare Enchente e vento Sul. Espécie: Chelonia mydas, Juvenil Sim ,,,esta ameacada de extincao. Foi encontrado Morto em ambiente Arenoso com o Cod de carcaca 4 e Não apresentava oleo.</b><br>"
1062;"<b>Indivíduo de numero 1062 registrado pela equipe do Trecho 06 na cidade de Matinhos,Pontal Do Paraná (Paraná), atraves de monitoramento do tipo Regular com a mare Vazia e vento Oeste. Espécie: Chelonia mydas, Juvenil Sim ,,,esta ameacada de extincao. Foi encontrado Morto em ambiente Arenoso com o Cod de carcaca 5 e Não apresentava oleo.</b><br>"
1063;"<b>Indivíduo de numero 1063 registrado pela equipe do Trecho 06 na cidade de Matinhos,Pontal Do Paraná (Paraná), atraves de monitoramento do tipo Regular com a mare Vazia e vento Oeste. Espécie: Chelonia mydas, Juvenil Sim ,,,esta ameacada de extincao. Foi encontrado Morto em ambiente Arenoso com o Cod de carcaca 5 e Não apresentava oleo.</b><br>"
1064;"<b>Indivíduo de numero 1064 registrado pela equipe do Trecho 01 na cidade de Imbituba (Santa Catarina), atraves de monitoramento do tipo Acionamento com a mare Enchente e vento Leste. Espécie: Larus dominicanus, Adulto Não ,,,esta ameacada de extincao. Foi encontrado Vivo em ambiente Arenoso com o Cod de carcaca 1 e Não apresentava oleo.</b><br>"
1065;"<b>Indivíduo de numero 1065 registrado pela equipe do Trecho 04 na cidade de Balneário Piçarras (Santa Catarina), atraves de monitoramento do tipo Regular com a mare Vazante e vento Sudeste. Espécie: Chelonia mydas, Juvenil Sim ,,,esta ameacada de extincao. Foi encontrado Morto em ambiente Arenoso com o Cod de carcaca 4 e Não apresentava oleo.</b><br>"
1066;"<b>Indivíduo de numero 1066 registrado pela equipe do Trecho 04 na cidade de Barra Velha (Santa Catarina), atraves de monitoramento do tipo Regular com a mare Vazante e vento Sudeste. Espécie: Chelonia mydas, Juvenil Sim ,,,esta ameacada de extincao. Foi encontrado Morto em ambiente Arenoso com o Cod de carcaca 4 e Não apresentava oleo.</b><br>"
1067;"<b>Indivíduo de numero 1067 registrado pela equipe do Trecho 05 na cidade de São Francisco Do Sul (Santa Catarina), atraves de monitoramento do tipo Regular com a mare Enchente e vento Sudoeste. Espécie: Tursiops truncatus, Adulto Não ,,,esta ameacada de extincao. Foi encontrado Morto em ambiente Arenoso com o Cod de carcaca 4 e Não apresentava oleo.</b><br>"
1068;"<b>Indivíduo de numero 1068 registrado pela equipe do Trecho 06 na cidade de Paranaguá (Paraná), atraves de monitoramento do tipo Regular com a mare Enchente e vento Oeste. Espécie: Sotalia guianensis, Juvenil Sim ,,,esta ameacada de extincao. Foi encontrado Morto em ambiente Rochoso com o Cod de carcaca 4 e Não apresentava oleo.</b><br>"
1069;"<b>Indivíduo de numero 1069 registrado pela equipe do Trecho 05 na cidade de São Francisco Do Sul (Santa Catarina), atraves de monitoramento do tipo Regular com a mare Enchente e vento Sudoeste. Espécie: Larus dominicanus, Indeterminado Não ,,,esta ameacada de extincao. Foi encontrado Morto em ambiente Arenoso com o Cod de carcaca 4 e Não apresentava oleo.</b><br>"
1070;"<b>Indivíduo de numero 1070 registrado pela equipe do Trecho 03 na cidade de Florianópolis (Santa Catarina), atraves de monitoramento do tipo Acionamento com a mare Indeterminado e vento N/A. Espécie: Phimosus infuscatus, Filhote Não ,,,esta ameacada de extincao. Foi encontrado Vivo em ambiente Outros com o Cod de carcaca 1 e Não apresentava oleo.</b><br>"
1071;"<b>Indivíduo de numero 1071 registrado pela equipe do Trecho 06 na cidade de Guaratuba (Paraná), atraves de monitoramento do tipo Regular com a mare Enchente e vento N/A. Espécie: Chelonia mydas, Juvenil Sim ,,,esta ameacada de extincao. Foi encontrado Morto em ambiente Arenoso com o Cod de carcaca 4 e Não apresentava oleo.</b><br>"
1072;"<b>Indivíduo de numero 1072 registrado pela equipe do Trecho 03 na cidade de Florianópolis (Santa Catarina), atraves de monitoramento do tipo Regular com a mare Enchente e vento Sul. Espécie: Phalacrocorax brasilianus, Adulto Não ,,,esta ameacada de extincao. Foi encontrado Morto em ambiente Arenoso com o Cod de carcaca 4 e Não apresentava oleo.</b><br>"
1073;"<b>Indivíduo de numero 1073 registrado pela equipe do Trecho 05 na cidade de São Francisco Do Sul (Santa Catarina), atraves de monitoramento do tipo Regular com a mare Enchente e vento Sudeste. Espécie: Pontoporia blainvillei, Indeterminado Sim ,,,esta ameacada de extincao. Foi encontrado Morto em ambiente Arenoso com o Cod de carcaca 4 e Não apresentava oleo.</b><br>"
1074;"<b>Indivíduo de numero 1074 registrado pela equipe do Trecho 06 na cidade de Matinhos,Pontal Do Paraná (Paraná), atraves de monitoramento do tipo Regular com a mare Vazia e vento Noroeste. Espécie: Chelonia mydas, Juvenil Sim ,,,esta ameacada de extincao. Foi encontrado Morto em ambiente Arenoso com o Cod de carcaca 5 e Não apresentava oleo.</b><br>"
1075;"<b>Indivíduo de numero 1075 registrado pela equipe do Trecho 05 na cidade de São Francisco Do Sul (Santa Catarina), atraves de monitoramento do tipo Acionamento com a mare Enchente e vento Sul. Espécie: Chelonia mydas, Juvenil Sim ,,,esta ameacada de extincao. Foi encontrado Morto em ambiente Arenoso com o Cod de carcaca 4 e Não apresentava oleo.</b><br>"
1076;"<b>Indivíduo de numero 1076 registrado pela equipe do Trecho 04 na cidade de Bombinhas (Santa Catarina), atraves de monitoramento do tipo Regular com a mare Enchente e vento Sudeste. Espécie: Larus dominicanus, Juvenil Não ,,,esta ameacada de extincao. Foi encontrado Vivo em ambiente Arenoso com o Cod de carcaca 1 e Não apresentava oleo.</b><br>"
1077;"<b>Indivíduo de numero 1077 registrado pela equipe do Trecho 02 na cidade de Palhoça (Santa Catarina), atraves de monitoramento do tipo Regular com a mare Vazia e vento Sudoeste. Espécie: Chelonia mydas, Juvenil Sim ,,,esta ameacada de extincao. Foi encontrado Morto em ambiente Arenoso com o Cod de carcaca 4 e Não apresentava oleo.</b><br>"
1078;"<b>Indivíduo de numero 1078 registrado pela equipe do Trecho 03 na cidade de Florianópolis (Santa Catarina), atraves de monitoramento do tipo Regular com a mare Enchente e vento Sul. Espécie: Chelonia mydas, Juvenil Sim ,,,esta ameacada de extincao. Foi encontrado Morto em ambiente Arenoso com o Cod de carcaca 4 e Não apresentava oleo.</b><br>"
1079;"<b>Indivíduo de numero 1079 registrado pela equipe do Trecho 04 na cidade de Penha (Santa Catarina), atraves de monitoramento do tipo Acionamento com a mare Enchente e vento Sudeste. Espécie: Thalassarche chlororhynchos, Adulto Sim ,,,esta ameacada de extincao. Foi encontrado Morto em ambiente Arenoso com o Cod de carcaca 4 e Não apresentava oleo.</b><br>"
1080;"<b>Indivíduo de numero 1080 registrado pela equipe do Trecho 04 na cidade de Penha (Santa Catarina), atraves de monitoramento do tipo Regular com a mare Enchente e vento Oeste. Espécie: Chelonia mydas, Juvenil Sim ,,,esta ameacada de extincao. Foi encontrado Morto em ambiente Arenoso com o Cod de carcaca 4 e Não apresentava oleo.</b><br>"
1081;"<b>Indivíduo de numero 1081 registrado pela equipe do Trecho 06 na cidade de Guaraqueçaba (Paraná), atraves de monitoramento do tipo Regular com a mare Enchente e vento Noroeste. Espécie: Phalacrocorax brasilianus, Indeterminado Não ,,,esta ameacada de extincao. Foi encontrado Morto em ambiente Arenoso com o Cod de carcaca 5 e Não apresentava oleo.</b><br>"
1082;"<b>Indivíduo de numero 1082 registrado pela equipe do Trecho 05 na cidade de Araquari,Balneário Barra Do Sul,Barra Velha (Santa Catarina), atraves de monitoramento do tipo Regular com a mare Enchente e vento Nordeste. Espécie: Chelonia mydas, Indeterminado Sim ,,,esta ameacada de extincao. Foi encontrado Morto em ambiente Arenoso com o Cod de carcaca 4 e Não apresentava oleo.</b><br>"
1083;"<b>Indivíduo de numero 1083 registrado pela equipe do Trecho 05 na cidade de São Francisco Do Sul (Santa Catarina), atraves de monitoramento do tipo Acionamento com a mare Enchente e vento Sudeste. Espécie: Caretta caretta, Indeterminado Sim ,,,esta ameacada de extincao. Foi encontrado Morto em ambiente Arenoso com o Cod de carcaca 4 e Não apresentava oleo.</b><br>"
1084;"<b>Indivíduo de numero 1084 registrado pela equipe do Trecho 06 na cidade de Guaratuba (Paraná), atraves de monitoramento do tipo Regular com a mare Enchente e vento Norte. Espécie: Puffinus puffinus, Juvenil Não ,,,esta ameacada de extincao. Foi encontrado Morto em ambiente Arenoso com o Cod de carcaca 3 e Não apresentava oleo.</b><br>"
1085;"<b>Indivíduo de numero 1085 registrado pela equipe do Trecho 06 na cidade de Matinhos,Pontal Do Paraná (Paraná), atraves de monitoramento do tipo Acionamento com a mare Cheia e vento Leste. Espécie: Chelonia mydas, Juvenil Sim ,,,esta ameacada de extincao. Foi encontrado Morto em ambiente Arenoso com o Cod de carcaca 4 e Não apresentava oleo.</b><br>"
1086;"<b>Indivíduo de numero 1086 registrado pela equipe do Trecho 01 na cidade de Imbituba (Santa Catarina), atraves de monitoramento do tipo Regular com a mare Enchente e vento Nordeste. Espécie: Puffinus puffinus, Juvenil Não ,,,esta ameacada de extincao. Foi encontrado Morto em ambiente Arenoso com o Cod de carcaca 4 e Não apresentava oleo.</b><br>"
1087;"<b>Indivíduo de numero 1087 registrado pela equipe do Trecho 01 na cidade de Imbituba (Santa Catarina), atraves de monitoramento do tipo Regular com a mare Enchente e vento Nordeste. Espécie: Chelonia mydas, Juvenil Sim ,,,esta ameacada de extincao. Foi encontrado Morto em ambiente Arenoso com o Cod de carcaca 4 e Não apresentava oleo.</b><br>"
1088;"<b>Indivíduo de numero 1088 registrado pela equipe do Trecho 04 na cidade de Penha (Santa Catarina), atraves de monitoramento do tipo Regular com a mare Enchente e vento Noroeste. Espécie: Chelonia mydas, Juvenil Sim ,,,esta ameacada de extincao. Foi encontrado Morto em ambiente Arenoso com o Cod de carcaca 4 e Não apresentava oleo.</b><br>"
1089;"<b>Indivíduo de numero 1089 registrado pela equipe do Trecho 06 na cidade de Matinhos,Pontal Do Paraná (Paraná), atraves de monitoramento do tipo Regular com a mare Enchente e vento Nordeste. Espécie: Chelonia mydas, Juvenil Sim ,,,esta ameacada de extincao. Foi encontrado Morto em ambiente Arenoso com o Cod de carcaca 4 e Não apresentava oleo.</b><br>"
1090;"<b>Indivíduo de numero 1090 registrado pela equipe do Trecho 06 na cidade de Matinhos,Pontal Do Paraná (Paraná), atraves de monitoramento do tipo Regular com a mare Enchente e vento Norte. Espécie: Chelonia mydas, Juvenil Sim ,,,esta ameacada de extincao. Foi encontrado Morto em ambiente Arenoso com o Cod de carcaca 4 e Não apresentava oleo.</b><br>"
1091;"<b>Indivíduo de numero 1091 registrado pela equipe do Trecho 06 na cidade de Matinhos,Pontal Do Paraná (Paraná), atraves de monitoramento do tipo Regular com a mare Vazia e vento Norte. Espécie: Caretta caretta, Indeterminado Sim ,,,esta ameacada de extincao. Foi encontrado Morto em ambiente Arenoso com o Cod de carcaca 4 e Não apresentava oleo.</b><br>"
1092;"<b>Indivíduo de numero 1092 registrado pela equipe do Trecho 06 na cidade de Matinhos,Pontal Do Paraná (Paraná), atraves de monitoramento do tipo Regular com a mare Vazia e vento Norte. Espécie: Puffinus puffinus, Adulto Não ,,,esta ameacada de extincao. Foi encontrado Morto em ambiente Arenoso com o Cod de carcaca 4 e Não apresentava oleo.</b><br>"
1093;"<b>Indivíduo de numero 1093 registrado pela equipe do Trecho 06 na cidade de Matinhos,Pontal Do Paraná (Paraná), atraves de monitoramento do tipo Regular com a mare Vazante e vento Nordeste. Espécie: Puffinus puffinus, Indeterminado Não ,,,esta ameacada de extincao. Foi encontrado Morto em ambiente Arenoso com o Cod de carcaca 4 e Não apresentava oleo.</b><br>"
1094;"<b>Indivíduo de numero 1094 registrado pela equipe do Trecho 06 na cidade de Matinhos,Pontal Do Paraná (Paraná), atraves de monitoramento do tipo Regular com a mare Vazante e vento Nordeste. Espécie: Chelonia mydas, Juvenil Sim ,,,esta ameacada de extincao. Foi encontrado Morto em ambiente Arenoso com o Cod de carcaca 5 e Não apresentava oleo.</b><br>"
1095;"<b>Indivíduo de numero 1095 registrado pela equipe do Trecho 06 na cidade de Matinhos,Pontal Do Paraná (Paraná), atraves de monitoramento do tipo Regular com a mare Vazante e vento Nordeste. Espécie: Chelonia mydas, Juvenil Sim ,,,esta ameacada de extincao. Foi encontrado Morto em ambiente Arenoso com o Cod de carcaca 4 e Não apresentava oleo.</b><br>"
1096;"<b>Indivíduo de numero 1096 registrado pela equipe do Trecho 02 na cidade de Palhoça (Santa Catarina), atraves de monitoramento do tipo Acionamento com a mare Vazante e vento Nordeste. Espécie: Caretta caretta, Juvenil Sim ,,,esta ameacada de extincao. Foi encontrado Morto em ambiente Água com o Cod de carcaca 4 e Não apresentava oleo.</b><br>"
1097;"<b>Indivíduo de numero 1097 registrado pela equipe do Trecho 06 na cidade de Pontal Do Paraná (Paraná), atraves de monitoramento do tipo Acionamento com a mare Enchente e vento Sudoeste. Espécie: Caretta caretta, Juvenil Sim ,,,esta ameacada de extincao. Foi encontrado Morto em ambiente Arenoso com o Cod de carcaca 4 e Não apresentava oleo.</b><br>"
1098;"<b>Indivíduo de numero 1098 registrado pela equipe do Trecho 04 na cidade de Penha (Santa Catarina), atraves de monitoramento do tipo Regular com a mare Enchente e vento Noroeste. Espécie: Puffinus puffinus, Indeterminado Não ,,,esta ameacada de extincao. Foi encontrado Morto em ambiente Arenoso com o Cod de carcaca 4 e Não apresentava oleo.</b><br>"
1099;"<b>Indivíduo de numero 1099 registrado pela equipe do Trecho 04 na cidade de Penha (Santa Catarina), atraves de monitoramento do tipo Regular com a mare Enchente e vento Noroeste. Espécie: Caretta caretta, Juvenil Sim ,,,esta ameacada de extincao. Foi encontrado Morto em ambiente Arenoso com o Cod de carcaca 4 e Não apresentava oleo.</b><br>"
1100;"<b>Indivíduo de numero 1100 registrado pela equipe do Trecho 04 na cidade de Penha (Santa Catarina), atraves de monitoramento do tipo Regular com a mare Enchente e vento Noroeste. Espécie: Chelonia mydas, Juvenil Sim ,,,esta ameacada de extincao. Foi encontrado Morto em ambiente Arenoso com o Cod de carcaca 4 e Não apresentava oleo.</b><br>"
1101;"<b>Indivíduo de numero 1101 registrado pela equipe do Trecho 04 na cidade de Penha (Santa Catarina), atraves de monitoramento do tipo Regular com a mare Enchente e vento Noroeste. Espécie: Tursiops truncatus, Indeterminado Não ,,,esta ameacada de extincao. Foi encontrado Morto em ambiente Arenoso com o Cod de carcaca 4 e Não apresentava oleo.</b><br>"
1102;"<b>Indivíduo de numero 1102 registrado pela equipe do Trecho 04 na cidade de Balneário Piçarras (Santa Catarina), atraves de monitoramento do tipo Regular com a mare Enchente e vento Oeste. Espécie: Chelonia mydas, Juvenil Sim ,,,esta ameacada de extincao. Foi encontrado Morto em ambiente Arenoso com o Cod de carcaca 4 e Não apresentava oleo.</b><br>"
1103;"<b>Indivíduo de numero 1103 registrado pela equipe do Trecho 04 na cidade de Balneário Piçarras (Santa Catarina), atraves de monitoramento do tipo Regular com a mare Enchente e vento Oeste. Espécie: Puffinus puffinus, Indeterminado Não ,,,esta ameacada de extincao. Foi encontrado Morto em ambiente Arenoso com o Cod de carcaca 4 e Não apresentava oleo.</b><br>"
1104;"<b>Indivíduo de numero 1104 registrado pela equipe do Trecho 04 na cidade de Balneário Piçarras (Santa Catarina), atraves de monitoramento do tipo Regular com a mare Enchente e vento Oeste. Espécie: Chelonia mydas, Juvenil Sim ,,,esta ameacada de extincao. Foi encontrado Morto em ambiente Arenoso com o Cod de carcaca 4 e Não apresentava oleo.</b><br>"
1105;"<b>Indivíduo de numero 1105 registrado pela equipe do Trecho 04 na cidade de Barra Velha (Santa Catarina), atraves de monitoramento do tipo Acionamento com a mare Enchente e vento Nordeste. Espécie: Pontoporia blainvillei, Filhote Sim ,,,esta ameacada de extincao. Foi encontrado Morto em ambiente Arenoso com o Cod de carcaca 4 e Não apresentava oleo.</b><br>"
1106;"<b>Indivíduo de numero 1106 registrado pela equipe do Trecho 04 na cidade de Barra Velha (Santa Catarina), atraves de monitoramento do tipo Regular com a mare Enchente e vento Oeste. Espécie: Chelonia mydas, Juvenil Sim ,,,esta ameacada de extincao. Foi encontrado Morto em ambiente Arenoso com o Cod de carcaca 4 e Não apresentava oleo.</b><br>"
1107;"<b>Indivíduo de numero 1107 registrado pela equipe do Trecho 05 na cidade de São Francisco Do Sul (Santa Catarina), atraves de monitoramento do tipo Regular com a mare Enchente e vento Nordeste. Espécie: Puffinus puffinus, Juvenil Não ,,,esta ameacada de extincao. Foi encontrado Morto em ambiente Arenoso com o Cod de carcaca 2 e Não apresentava oleo.</b><br>"
1108;"<b>Indivíduo de numero 1108 registrado pela equipe do Trecho 05 na cidade de Araquari,Balneário Barra Do Sul,Barra Velha (Santa Catarina), atraves de monitoramento do tipo Acionamento com a mare Enchente e vento Sudeste. Espécie: Spheniscus magellanicus, Indeterminado Não ,,,esta ameacada de extincao. Foi encontrado Morto em ambiente Arenoso com o Cod de carcaca 5 e Não apresentava oleo.</b><br>"
1109;"<b>Indivíduo de numero 1109 registrado pela equipe do Trecho 02 na cidade de Garopaba (Santa Catarina), atraves de monitoramento do tipo Regular com a mare Enchente e vento Nordeste. Espécie: Larus dominicanus, Juvenil Não ,,,esta ameacada de extincao. Foi encontrado Morto em ambiente Água com o Cod de carcaca 4 e Não apresentava oleo.</b><br>"
1110;"<b>Indivíduo de numero 1110 registrado pela equipe do Trecho 04 na cidade de Itapema (Santa Catarina), atraves de monitoramento do tipo Regular com a mare Enchente e vento Sudeste. Espécie: Chelonia mydas, Juvenil Sim ,,,esta ameacada de extincao. Foi encontrado Morto em ambiente Arenoso com o Cod de carcaca 4 e Não apresentava oleo.</b><br>"
1111;"<b>Indivíduo de numero 1111 registrado pela equipe do Trecho 04 na cidade de Porto Belo (Santa Catarina), atraves de monitoramento do tipo Regular com a mare Enchente e vento Sudeste. Espécie: Chelonia mydas, Juvenil Sim ,,,esta ameacada de extincao. Foi encontrado Morto em ambiente Arenoso com o Cod de carcaca 4 e Não apresentava oleo.</b><br>"
1112;"<b>Indivíduo de numero 1112 registrado pela equipe do Trecho 05 na cidade de Itapoá (Santa Catarina), atraves de monitoramento do tipo Regular com a mare Enchente e vento Sudeste. Espécie: Chelonia mydas, Juvenil Sim ,,,esta ameacada de extincao. Foi encontrado Morto em ambiente Arenoso com o Cod de carcaca 4 e Não apresentava oleo.</b><br>"
1113;"<b>Indivíduo de numero 1113 registrado pela equipe do Trecho 06 na cidade de Matinhos,Pontal Do Paraná (Paraná), atraves de monitoramento do tipo Acionamento com a mare Vazante e vento N/A. Espécie: Sula leucogaster, Juvenil Não ,,,esta ameacada de extincao. Foi encontrado Vivo em ambiente Arenoso com o Cod de carcaca 1 e Não apresentava oleo.</b><br>"
1114;"<b>Indivíduo de numero 1114 registrado pela equipe do Trecho 01 na cidade de Laguna (Santa Catarina), atraves de monitoramento do tipo Acionamento com a mare Vazante e vento Nordeste. Espécie: Chelonia mydas, Juvenil Sim ,,,esta ameacada de extincao. Foi encontrado Morto em ambiente Arenoso com o Cod de carcaca 4 e Não apresentava oleo.</b><br>"
1115;"<b>Indivíduo de numero 1115 registrado pela equipe do Trecho 05 na cidade de Araquari,Balneário Barra Do Sul,Barra Velha (Santa Catarina), atraves de monitoramento do tipo Regular com a mare Enchente e vento Sul. Espécie: Caretta caretta, Indeterminado Sim ,,,esta ameacada de extincao. Foi encontrado Morto em ambiente Arenoso com o Cod de carcaca 4 e Não apresentava oleo.</b><br>"
1116;"<b>Indivíduo de numero 1116 registrado pela equipe do Trecho 03 na cidade de Florianópolis (Santa Catarina), atraves de monitoramento do tipo Regular com a mare Enchente e vento Noroeste. Espécie: Sterna hirundinacea, Adulto Não ,,,esta ameacada de extincao. Foi encontrado Vivo em ambiente Arenoso com o Cod de carcaca 1 e Não apresentava oleo.</b><br>"
1117;"<b>Indivíduo de numero 1117 registrado pela equipe do Trecho 03 na cidade de Florianópolis (Santa Catarina), atraves de monitoramento do tipo Regular com a mare Enchente e vento Noroeste. Espécie: Spheniscus magellanicus, Juvenil Não ,,,esta ameacada de extincao. Foi encontrado Morto em ambiente Arenoso com o Cod de carcaca 5 e Não apresentava oleo.</b><br>"
1119;"<b>Indivíduo de numero 1119 registrado pela equipe do Trecho 06 na cidade de Matinhos,Pontal Do Paraná (Paraná), atraves de monitoramento do tipo Acionamento com a mare Enchente e vento Sudeste. Espécie: Chelonia mydas, Juvenil Sim ,,,esta ameacada de extincao. Foi encontrado Morto em ambiente Arenoso com o Cod de carcaca 4 e Não apresentava oleo.</b><br>"
1120;"<b>Indivíduo de numero 1120 registrado pela equipe do Trecho 06 na cidade de Matinhos,Pontal Do Paraná (Paraná), atraves de monitoramento do tipo Regular com a mare Enchente e vento Sudoeste. Espécie: Lepidochelys olivacea, Indeterminado Sim ,,,esta ameacada de extincao. Foi encontrado Morto em ambiente Arenoso com o Cod de carcaca 5 e Não apresentava oleo.</b><br>"
1121;"<b>Indivíduo de numero 1121 registrado pela equipe do Trecho 06 na cidade de Matinhos,Pontal Do Paraná (Paraná), atraves de monitoramento do tipo Regular com a mare Enchente e vento Sudoeste. Espécie: Caretta caretta, Juvenil Sim ,,,esta ameacada de extincao. Foi encontrado Morto em ambiente Arenoso com o Cod de carcaca 4 e Não apresentava oleo.</b><br>"
1122;"<b>Indivíduo de numero 1122 registrado pela equipe do Trecho 06 na cidade de Matinhos,Pontal Do Paraná (Paraná), atraves de monitoramento do tipo Regular com a mare Vazante e vento Sudoeste. Espécie: Chelonia mydas, Juvenil Sim ,,,esta ameacada de extincao. Foi encontrado Morto em ambiente Arenoso com o Cod de carcaca 4 e Não apresentava oleo.</b><br>"
1123;"<b>Indivíduo de numero 1123 registrado pela equipe do Trecho 06 na cidade de Matinhos,Pontal Do Paraná (Paraná), atraves de monitoramento do tipo Regular com a mare Vazante e vento Sudoeste. Espécie: Puffinus puffinus, Juvenil Não ,,,esta ameacada de extincao. Foi encontrado Morto em ambiente Arenoso com o Cod de carcaca 3 e Não apresentava oleo.</b><br>"
1124;"<b>Indivíduo de numero 1124 registrado pela equipe do Trecho 06 na cidade de Matinhos,Pontal Do Paraná (Paraná), atraves de monitoramento do tipo Regular com a mare Vazante e vento Sudoeste. Espécie: Chelonia mydas, Juvenil Sim ,,,esta ameacada de extincao. Foi encontrado Morto em ambiente Arenoso com o Cod de carcaca 4 e Não apresentava oleo.</b><br>"
1125;"<b>Indivíduo de numero 1125 registrado pela equipe do Trecho 05 na cidade de São Francisco Do Sul (Santa Catarina), atraves de monitoramento do tipo Acionamento com a mare Indeterminado e vento N/A. Espécie: Chelonia mydas, Juvenil Sim ,,,esta ameacada de extincao. Foi encontrado Morto em ambiente Arenoso com o Cod de carcaca 4 e Não apresentava oleo.</b><br>"
1126;"<b>Indivíduo de numero 1126 registrado pela equipe do Trecho 04 na cidade de Balneário Camboriú (Santa Catarina), atraves de monitoramento do tipo Acionamento com a mare Enchente e vento Noroeste. Espécie: Chelonia mydas, Juvenil Sim ,,,esta ameacada de extincao. Foi encontrado Morto em ambiente Arenoso com o Cod de carcaca 4 e Não apresentava oleo.</b><br>"
1127;"<b>Indivíduo de numero 1127 registrado pela equipe do Trecho 01 na cidade de Laguna (Santa Catarina), atraves de monitoramento do tipo Regular com a mare Enchente e vento Nordeste. Espécie: Larus dominicanus, Adulto Não ,,,esta ameacada de extincao. Foi encontrado Morto em ambiente Arenoso com o Cod de carcaca 5 e Não apresentava oleo.</b><br>"
1128;"<b>Indivíduo de numero 1128 registrado pela equipe do Trecho 01 na cidade de Laguna (Santa Catarina), atraves de monitoramento do tipo Regular com a mare Enchente e vento Nordeste. Espécie: Phalacrocorax brasilianus, Adulto Não ,,,esta ameacada de extincao. Foi encontrado Morto em ambiente Arenoso com o Cod de carcaca 4 e Não apresentava oleo.</b><br>"
1129;"<b>Indivíduo de numero 1129 registrado pela equipe do Trecho 04 na cidade de Bombinhas (Santa Catarina), atraves de monitoramento do tipo Regular com a mare Enchente e vento Sudoeste. Espécie: Chelonia mydas, Juvenil Sim ,,,esta ameacada de extincao. Foi encontrado Morto em ambiente Arenoso com o Cod de carcaca 4 e Não apresentava oleo.</b><br>"
1130;"<b>Indivíduo de numero 1130 registrado pela equipe do Trecho 04 na cidade de Bombinhas (Santa Catarina), atraves de monitoramento do tipo Regular com a mare Enchente e vento Sudoeste. Espécie: Chelonia mydas, Juvenil Sim ,,,esta ameacada de extincao. Foi encontrado Morto em ambiente Arenoso com o Cod de carcaca 4 e Não apresentava oleo.</b><br>"
1131;"<b>Indivíduo de numero 1131 registrado pela equipe do Trecho 04 na cidade de Bombinhas (Santa Catarina), atraves de monitoramento do tipo Regular com a mare Enchente e vento Sudoeste. Espécie: Chelonia mydas, Juvenil Sim ,,,esta ameacada de extincao. Foi encontrado Morto em ambiente Arenoso com o Cod de carcaca 4 e Não apresentava oleo.</b><br>"
1132;"<b>Indivíduo de numero 1132 registrado pela equipe do Trecho 06 na cidade de Paranaguá (Paraná), atraves de monitoramento do tipo Regular com a mare Enchente e vento Sudoeste. Espécie: Phalacrocorax brasilianus, Indeterminado Não ,,,esta ameacada de extincao. Foi encontrado Morto em ambiente Arenoso com o Cod de carcaca 5 e Não apresentava oleo.</b><br>"
1133;"<b>Indivíduo de numero 1133 registrado pela equipe do Trecho 04 na cidade de Barra Velha (Santa Catarina), atraves de monitoramento do tipo Regular com a mare Enchente e vento Sudeste. Espécie: Chelonia mydas, Juvenil Sim ,,,esta ameacada de extincao. Foi encontrado Morto em ambiente Arenoso com o Cod de carcaca 4 e Não apresentava oleo.</b><br>"
1134;"<b>Indivíduo de numero 1134 registrado pela equipe do Trecho 04 na cidade de Barra Velha (Santa Catarina), atraves de monitoramento do tipo Regular com a mare Enchente e vento Nordeste. Espécie: Pontoporia blainvillei, Indeterminado Sim ,,,esta ameacada de extincao. Foi encontrado Morto em ambiente Arenoso com o Cod de carcaca 4 e Não apresentava oleo.</b><br>"
1135;"<b>Indivíduo de numero 1135 registrado pela equipe do Trecho 04 na cidade de Barra Velha (Santa Catarina), atraves de monitoramento do tipo Regular com a mare Enchente e vento Nordeste. Espécie: Chelonia mydas, Juvenil Sim ,,,esta ameacada de extincao. Foi encontrado Morto em ambiente Arenoso com o Cod de carcaca 4 e Não apresentava oleo.</b><br>"
1136;"<b>Indivíduo de numero 1136 registrado pela equipe do Trecho 05 na cidade de São Francisco Do Sul (Santa Catarina), atraves de monitoramento do tipo Acionamento com a mare Indeterminado e vento N/A. Espécie: Puffinus puffinus, Indeterminado Não ,,,esta ameacada de extincao. Foi encontrado Vivo em ambiente Outros com o Cod de carcaca 1 e Não apresentava oleo.</b><br>"
1138;"<b>Indivíduo de numero 1138 registrado pela equipe do Trecho 03 na cidade de Florianópolis (Santa Catarina), atraves de monitoramento do tipo Acionamento com a mare Enchente e vento Sul. Espécie: Phalacrocorax brasilianus, Adulto Não ,,,esta ameacada de extincao. Foi encontrado Morto em ambiente Mangue com o Cod de carcaca 4 e Não apresentava oleo.</b><br>"
1139;"<b>Indivíduo de numero 1139 registrado pela equipe do Trecho 03 na cidade de Florianópolis (Santa Catarina), atraves de monitoramento do tipo Regular com a mare Enchente e vento Sul. Espécie: Chelonia mydas, Juvenil Sim ,,,esta ameacada de extincao. Foi encontrado Morto em ambiente Arenoso com o Cod de carcaca 5 e Não apresentava oleo.</b><br>"
1140;"<b>Indivíduo de numero 1140 registrado pela equipe do Trecho 06 na cidade de Guaratuba (Paraná), atraves de monitoramento do tipo Acionamento com a mare Indeterminado e vento Sul. Espécie: Phimosus infuscatus, Filhote Não ,,,esta ameacada de extincao. Foi encontrado Vivo em ambiente Outros com o Cod de carcaca 1 e Não apresentava oleo.</b><br>"
1141;"<b>Indivíduo de numero 1141 registrado pela equipe do Trecho 06 na cidade de Matinhos,Pontal Do Paraná (Paraná), atraves de monitoramento do tipo Regular com a mare Enchente e vento Sudeste. Espécie: Chelonia mydas, Juvenil Sim ,,,esta ameacada de extincao. Foi encontrado Morto em ambiente Arenoso com o Cod de carcaca 4 e Não apresentava oleo.</b><br>"
1142;"<b>Indivíduo de numero 1142 registrado pela equipe do Trecho 01 na cidade de Laguna (Santa Catarina), atraves de monitoramento do tipo Regular com a mare Enchente e vento Sudoeste. Espécie: Spheniscus magellanicus, Juvenil Não ,,,esta ameacada de extincao. Foi encontrado Vivo em ambiente Arenoso com o Cod de carcaca 1 e Não apresentava oleo.</b><br>"
1143;"<b>Indivíduo de numero 1143 registrado pela equipe do Trecho 03 na cidade de Florianópolis (Santa Catarina), atraves de monitoramento do tipo Regular com a mare Enchente e vento Sul. Espécie: Pontoporia blainvillei, Filhote Sim ,,,esta ameacada de extincao. Foi encontrado Morto em ambiente Arenoso com o Cod de carcaca 3 e Não apresentava oleo.</b><br>"
1144;"<b>Indivíduo de numero 1144 registrado pela equipe do Trecho 04 na cidade de Bombinhas (Santa Catarina), atraves de monitoramento do tipo Acionamento com a mare Enchente e vento Sudeste. Espécie: Chelonia mydas, Juvenil Sim ,,,esta ameacada de extincao. Foi encontrado Morto em ambiente Arenoso com o Cod de carcaca 4 e Não apresentava oleo.</b><br>"
1145;"<b>Indivíduo de numero 1145 registrado pela equipe do Trecho 04 na cidade de Navegantes (Santa Catarina), atraves de monitoramento do tipo Regular com a mare Enchente e vento Sul. Espécie: Chelonia mydas, Juvenil Sim ,,,esta ameacada de extincao. Foi encontrado Morto em ambiente Arenoso com o Cod de carcaca 4 e Não apresentava oleo.</b><br>"
1146;"<b>Indivíduo de numero 1146 registrado pela equipe do Trecho 04 na cidade de Barra Velha (Santa Catarina), atraves de monitoramento do tipo Regular com a mare Cheia e vento Sudoeste. Espécie: Chelonia mydas, Juvenil Sim ,,,esta ameacada de extincao. Foi encontrado Morto em ambiente Arenoso com o Cod de carcaca 4 e Não apresentava oleo.</b><br>"
1147;"<b>Indivíduo de numero 1147 registrado pela equipe do Trecho 04 na cidade de Barra Velha (Santa Catarina), atraves de monitoramento do tipo Regular com a mare Cheia e vento Sudoeste. Espécie: Chelonia mydas, Juvenil Sim ,,,esta ameacada de extincao. Foi encontrado Morto em ambiente Arenoso com o Cod de carcaca 4 e Não apresentava oleo.</b><br>"
1148;"<b>Indivíduo de numero 1148 registrado pela equipe do Trecho 05 na cidade de São Francisco Do Sul (Santa Catarina), atraves de monitoramento do tipo Acionamento com a mare Enchente e vento Sul. Espécie: Larus dominicanus, Juvenil Não ,,,esta ameacada de extincao. Foi encontrado Vivo em ambiente Outros com o Cod de carcaca 1 e Não apresentava oleo.</b><br>"
1149;"<b>Indivíduo de numero 1149 registrado pela equipe do Trecho 04 na cidade de Porto Belo (Santa Catarina), atraves de monitoramento do tipo Regular com a mare Enchente e vento Sul. Espécie: Chelonia mydas, Juvenil Sim ,,,esta ameacada de extincao. Foi encontrado Morto em ambiente Arenoso com o Cod de carcaca 4 e Não apresentava oleo.</b><br>"
1150;"<b>Indivíduo de numero 1150 registrado pela equipe do Trecho 05 na cidade de Itapoá (Santa Catarina), atraves de monitoramento do tipo Acionamento com a mare Enchente e vento Nordeste. Espécie: Chelonia mydas, Juvenil Sim ,,,esta ameacada de extincao. Foi encontrado Morto em ambiente Arenoso com o Cod de carcaca 4 e Não apresentava oleo.</b><br>"
1151;"<b>Indivíduo de numero 1151 registrado pela equipe do Trecho 04 na cidade de Balneário Camboriú (Santa Catarina), atraves de monitoramento do tipo Acionamento com a mare Vazante e vento Sudeste. Espécie: Chelonia mydas, Juvenil Sim ,,,esta ameacada de extincao. Foi encontrado Morto em ambiente Arenoso com o Cod de carcaca 4 e Não apresentava oleo.</b><br>"
1152;"<b>Indivíduo de numero 1152 registrado pela equipe do Trecho 05 na cidade de São Francisco Do Sul (Santa Catarina), atraves de monitoramento do tipo Regular com a mare Enchente e vento Nordeste. Espécie: Puffinus puffinus, Indeterminado Não ,,,esta ameacada de extincao. Foi encontrado Morto em ambiente Arenoso com o Cod de carcaca 4 e Não apresentava oleo.</b><br>"
1153;"<b>Indivíduo de numero 1153 registrado pela equipe do Trecho 06 na cidade de Matinhos,Pontal Do Paraná (Paraná), atraves de monitoramento do tipo Regular com a mare Enchente e vento Noroeste. Espécie: Larus dominicanus, Adulto Não ,,,esta ameacada de extincao. Foi encontrado Vivo em ambiente Arenoso com o Cod de carcaca 1 e Não apresentava oleo.</b><br>"
1154;"<b>Indivíduo de numero 1154 registrado pela equipe do Trecho 06 na cidade de Matinhos,Pontal Do Paraná (Paraná), atraves de monitoramento do tipo Regular com a mare Enchente e vento Noroeste. Espécie: Chelonia mydas, Juvenil Sim ,,,esta ameacada de extincao. Foi encontrado Morto em ambiente Arenoso com o Cod de carcaca 4 e Não apresentava oleo.</b><br>"
1155;"<b>Indivíduo de numero 1155 registrado pela equipe do Trecho 04 na cidade de Penha (Santa Catarina), atraves de monitoramento do tipo Acionamento com a mare Vazante e vento Noroeste. Espécie: Fregata magnificens, Juvenil Não ,,,esta ameacada de extincao. Foi encontrado Morto em ambiente Arenoso com o Cod de carcaca 4 e Não apresentava oleo.</b><br>"
1156;"<b>Indivíduo de numero 1156 registrado pela equipe do Trecho 04 na cidade de Barra Velha (Santa Catarina), atraves de monitoramento do tipo Regular com a mare Enchente e vento Noroeste. Espécie: Chelonia mydas, Juvenil Sim ,,,esta ameacada de extincao. Foi encontrado Morto em ambiente Arenoso com o Cod de carcaca 4 e Não apresentava oleo.</b><br>"
1157;"<b>Indivíduo de numero 1157 registrado pela equipe do Trecho 04 na cidade de Navegantes (Santa Catarina), atraves de monitoramento do tipo Regular com a mare Enchente e vento Noroeste. Espécie: Chelonia mydas, Juvenil Sim ,,,esta ameacada de extincao. Foi encontrado Morto em ambiente Arenoso com o Cod de carcaca 4 e Não apresentava oleo.</b><br>"
1158;"<b>Indivíduo de numero 1158 registrado pela equipe do Trecho 04 na cidade de Penha (Santa Catarina), atraves de monitoramento do tipo Regular com a mare Enchente e vento Oeste. Espécie: Chelonia mydas, Juvenil Sim ,,,esta ameacada de extincao. Foi encontrado Morto em ambiente Arenoso com o Cod de carcaca 4 e Não apresentava oleo.</b><br>"
1159;"<b>Indivíduo de numero 1159 registrado pela equipe do Trecho 01 na cidade de Laguna (Santa Catarina), atraves de monitoramento do tipo Regular com a mare Enchente e vento Sudoeste. Espécie: Larus dominicanus, Juvenil Não ,,,esta ameacada de extincao. Foi encontrado Morto em ambiente Arenoso com o Cod de carcaca 5 e Não apresentava oleo.</b><br>"
1160;"<b>Indivíduo de numero 1160 registrado pela equipe do Trecho 01 na cidade de Laguna (Santa Catarina), atraves de monitoramento do tipo Acionamento com a mare Vazante e vento Nordeste. Espécie: Larus dominicanus, Juvenil Não ,,,esta ameacada de extincao. Foi encontrado Vivo em ambiente Outros com o Cod de carcaca 1 e Não apresentava oleo.</b><br>"
1161;"<b>Indivíduo de numero 1161 registrado pela equipe do Trecho 05 na cidade de São Francisco Do Sul (Santa Catarina), atraves de monitoramento do tipo Acionamento com a mare Enchente e vento Sudeste. Espécie: Chelonia mydas, Indeterminado Sim ,,,esta ameacada de extincao. Foi encontrado Morto em ambiente Arenoso com o Cod de carcaca 4 e Não apresentava oleo.</b><br>"
1162;"<b>Indivíduo de numero 1162 registrado pela equipe do Trecho 06 na cidade de Guaratuba (Paraná), atraves de monitoramento do tipo Regular com a mare Enchente e vento Sul. Espécie: Chelonia mydas, Juvenil Sim ,,,esta ameacada de extincao. Foi encontrado Morto em ambiente Arenoso com o Cod de carcaca 4 e Não apresentava oleo.</b><br>"
1163;"<b>Indivíduo de numero 1163 registrado pela equipe do Trecho 03 na cidade de Florianópolis (Santa Catarina), atraves de monitoramento do tipo Acionamento com a mare Indeterminado e vento N/A. Espécie: Larus dominicanus, Adulto Não ,,,esta ameacada de extincao. Foi encontrado Vivo em ambiente Outros com o Cod de carcaca 1 e Não apresentava oleo.</b><br>"
1164;"<b>Indivíduo de numero 1164 registrado pela equipe do Trecho 04 na cidade de Itapema (Santa Catarina), atraves de monitoramento do tipo Regular com a mare Enchente e vento Oeste. Espécie: Chelonia mydas, Juvenil Sim ,,,esta ameacada de extincao. Foi encontrado Morto em ambiente Arenoso com o Cod de carcaca 4 e Não apresentava oleo.</b><br>"
1165;"<b>Indivíduo de numero 1165 registrado pela equipe do Trecho 05 na cidade de São Francisco Do Sul (Santa Catarina), atraves de monitoramento do tipo Regular com a mare Enchente e vento Sudeste. Espécie: Sula leucogaster, Juvenil Não ,,,esta ameacada de extincao. Foi encontrado Vivo em ambiente Arenoso com o Cod de carcaca 1 e Não apresentava oleo.</b><br>"
1166;"<b>Indivíduo de numero 1166 registrado pela equipe do Trecho 03 na cidade de Florianópolis (Santa Catarina), atraves de monitoramento do tipo Regular com a mare Enchente e vento Noroeste. Espécie: Phalacrocorax brasilianus, Juvenil Não ,,,esta ameacada de extincao. Foi encontrado Morto em ambiente Arenoso com o Cod de carcaca 4 e Não apresentava oleo.</b><br>"
1167;"<b>Indivíduo de numero 1167 registrado pela equipe do Trecho 03 na cidade de Florianópolis (Santa Catarina), atraves de monitoramento do tipo Regular com a mare Enchente e vento Noroeste. Espécie: Phalacrocorax brasilianus, Adulto Não ,,,esta ameacada de extincao. Foi encontrado Morto em ambiente Arenoso com o Cod de carcaca 4 e Não apresentava oleo.</b><br>"
1168;"<b>Indivíduo de numero 1168 registrado pela equipe do Trecho 06 na cidade de Guaraqueçaba (Paraná), atraves de monitoramento do tipo Regular com a mare Cheia e vento Sul. Espécie: Chelonia mydas, Juvenil Sim ,,,esta ameacada de extincao. Foi encontrado Morto em ambiente Arenoso com o Cod de carcaca 5 e Não apresentava oleo.</b><br>"
1169;"<b>Indivíduo de numero 1169 registrado pela equipe do Trecho 04 na cidade de Balneário Camboriú,Itajaí (Santa Catarina), atraves de monitoramento do tipo Regular com a mare Enchente e vento Sudeste. Espécie: Chelonia mydas, Juvenil Sim ,,,esta ameacada de extincao. Foi encontrado Morto em ambiente Arenoso com o Cod de carcaca 4 e Não apresentava oleo.</b><br>"
1171;"<b>Indivíduo de numero 1171 registrado pela equipe do Trecho 06 na cidade de Matinhos,Pontal Do Paraná (Paraná), atraves de monitoramento do tipo Regular com a mare Enchente e vento Noroeste. Espécie: Puffinus puffinus, Indeterminado Não ,,,esta ameacada de extincao. Foi encontrado Morto em ambiente Arenoso com o Cod de carcaca 4 e Não apresentava oleo.</b><br>"
1172;"<b>Indivíduo de numero 1172 registrado pela equipe do Trecho 03 na cidade de Florianópolis (Santa Catarina), atraves de monitoramento do tipo Acionamento com a mare Enchente e vento Noroeste. Espécie: Caretta caretta, Juvenil Sim ,,,esta ameacada de extincao. Foi encontrado Vivo em ambiente Arenoso com o Cod de carcaca 1 e Não apresentava oleo.</b><br>"
1173;"<b>Indivíduo de numero 1173 registrado pela equipe do Trecho 04 na cidade de Penha (Santa Catarina), atraves de monitoramento do tipo Regular com a mare Vazante e vento Nordeste. Espécie: Sula leucogaster, Adulto Não ,,,esta ameacada de extincao. Foi encontrado Morto em ambiente Arenoso com o Cod de carcaca 4 e Não apresentava oleo.</b><br>"
1174;"<b>Indivíduo de numero 1174 registrado pela equipe do Trecho 04 na cidade de Penha (Santa Catarina), atraves de monitoramento do tipo Regular com a mare Vazante e vento Nordeste. Espécie: Phalacrocorax brasilianus, Juvenil Não ,,,esta ameacada de extincao. Foi encontrado Morto em ambiente Arenoso com o Cod de carcaca 4 e Não apresentava oleo.</b><br>"
1175;"<b>Indivíduo de numero 1175 registrado pela equipe do Trecho 04 na cidade de Barra Velha (Santa Catarina), atraves de monitoramento do tipo Acionamento com a mare Vazante e vento Sudeste. Espécie: Chelonia mydas, Juvenil Sim ,,,esta ameacada de extincao. Foi encontrado Morto em ambiente Arenoso com o Cod de carcaca 4 e Não apresentava oleo.</b><br>"
1176;"<b>Indivíduo de numero 1176 registrado pela equipe do Trecho 02 na cidade de Garopaba (Santa Catarina), atraves de monitoramento do tipo Regular com a mare Enchente e vento Nordeste. Espécie: Chelonia mydas, Juvenil Sim ,,,esta ameacada de extincao. Foi encontrado Morto em ambiente Arenoso com o Cod de carcaca 4 e Não apresentava oleo.</b><br>"
1177;"<b>Indivíduo de numero 1177 registrado pela equipe do Trecho 03 na cidade de Florianópolis (Santa Catarina), atraves de monitoramento do tipo Regular com a mare Enchente e vento Noroeste. Espécie: Spheniscus magellanicus, Indeterminado Não ,,,esta ameacada de extincao. Foi encontrado Morto em ambiente Arenoso com o Cod de carcaca 5 e Não apresentava oleo.</b><br>"
1178;"<b>Indivíduo de numero 1178 registrado pela equipe do Trecho 05 na cidade de São Francisco Do Sul (Santa Catarina), atraves de monitoramento do tipo Regular com a mare Enchente e vento Nordeste. Espécie: Chelonia mydas, Indeterminado Sim ,,,esta ameacada de extincao. Foi encontrado Morto em ambiente Arenoso com o Cod de carcaca 4 e Não apresentava oleo.</b><br>"
1179;"<b>Indivíduo de numero 1179 registrado pela equipe do Trecho 02 na cidade de Paulo Lopes (Santa Catarina), atraves de monitoramento do tipo Regular com a mare Vazante e vento Leste. Espécie: Chelonia mydas, Juvenil Sim ,,,esta ameacada de extincao. Foi encontrado Morto em ambiente Arenoso com o Cod de carcaca 4 e Não apresentava oleo.</b><br>"
1180;"<b>Indivíduo de numero 1180 registrado pela equipe do Trecho 02 na cidade de Palhoça (Santa Catarina), atraves de monitoramento do tipo Regular com a mare Vazante e vento Leste. Espécie: Larus dominicanus, Juvenil Não ,,,esta ameacada de extincao. Foi encontrado Morto em ambiente Arenoso com o Cod de carcaca 4 e Não apresentava oleo.</b><br>"
1181;"<b>Indivíduo de numero 1181 registrado pela equipe do Trecho 03 na cidade de Florianópolis (Santa Catarina), atraves de monitoramento do tipo Regular com a mare Enchente e vento Oeste. Espécie: Spheniscus magellanicus, Indeterminado Não ,,,esta ameacada de extincao. Foi encontrado Morto em ambiente Arenoso com o Cod de carcaca 4 e Não apresentava oleo.</b><br>"
1182;"<b>Indivíduo de numero 1182 registrado pela equipe do Trecho 01 na cidade de Imbituba (Santa Catarina), atraves de monitoramento do tipo Regular com a mare Vazante e vento Nordeste. Espécie: Spheniscus magellanicus, Juvenil Não ,,,esta ameacada de extincao. Foi encontrado Morto em ambiente Arenoso com o Cod de carcaca 4 e Não apresentava oleo.</b><br>"
1183;"<b>Indivíduo de numero 1183 registrado pela equipe do Trecho 01 na cidade de Imbituba (Santa Catarina), atraves de monitoramento do tipo Regular com a mare Enchente e vento Nordeste. Espécie: Chelonia mydas, Juvenil Sim ,,,esta ameacada de extincao. Foi encontrado Morto em ambiente Arenoso com o Cod de carcaca 5 e Não apresentava oleo.</b><br>"
1184;"<b>Indivíduo de numero 1184 registrado pela equipe do Trecho 03 na cidade de Florianópolis (Santa Catarina), atraves de monitoramento do tipo Regular com a mare Vazante e vento Noroeste. Espécie: Larus dominicanus, Adulto Não ,,,esta ameacada de extincao. Foi encontrado Vivo em ambiente Arenoso com o Cod de carcaca 1 e Não apresentava oleo.</b><br>"
1185;"<b>Indivíduo de numero 1185 registrado pela equipe do Trecho 03 na cidade de Florianópolis (Santa Catarina), atraves de monitoramento do tipo Regular com a mare Vazante e vento Noroeste. Espécie: Puffinus puffinus, Adulto Não ,,,esta ameacada de extincao. Foi encontrado Morto em ambiente Arenoso com o Cod de carcaca 4 e Não apresentava oleo.</b><br>"
1186;"<b>Indivíduo de numero 1186 registrado pela equipe do Trecho 03 na cidade de Florianópolis (Santa Catarina), atraves de monitoramento do tipo Regular com a mare Vazante e vento Noroeste. Espécie: Puffinus puffinus, Adulto Não ,,,esta ameacada de extincao. Foi encontrado Morto em ambiente Arenoso com o Cod de carcaca 4 e Não apresentava oleo.</b><br>"
1187;"<b>Indivíduo de numero 1187 registrado pela equipe do Trecho 01 na cidade de Laguna (Santa Catarina), atraves de monitoramento do tipo Acionamento com a mare Vazante e vento Nordeste. Espécie: Larus dominicanus, Adulto Não ,,,esta ameacada de extincao. Foi encontrado Vivo em ambiente Arenoso com o Cod de carcaca 1 e Não apresentava oleo.</b><br>"
1188;"<b>Indivíduo de numero 1188 registrado pela equipe do Trecho 03 na cidade de Florianópolis (Santa Catarina), atraves de monitoramento do tipo Regular com a mare Enchente e vento Noroeste. Espécie: Puffinus puffinus, Indeterminado Não ,,,esta ameacada de extincao. Foi encontrado Morto em ambiente Arenoso com o Cod de carcaca 4 e Não apresentava oleo.</b><br>"
1189;"<b>Indivíduo de numero 1189 registrado pela equipe do Trecho 02 na cidade de Garopaba (Santa Catarina), atraves de monitoramento do tipo Regular com a mare Enchente e vento Nordeste. Espécie: Caretta caretta, Adulto Sim ,,,esta ameacada de extincao. Foi encontrado Morto em ambiente Arenoso com o Cod de carcaca 4 e Não apresentava oleo.</b><br>"
1190;"<b>Indivíduo de numero 1190 registrado pela equipe do Trecho 04 na cidade de Barra Velha (Santa Catarina), atraves de monitoramento do tipo Acionamento com a mare Vazante e vento Sudeste. Espécie: Caretta caretta, Juvenil Sim ,,,esta ameacada de extincao. Foi encontrado Morto em ambiente Arenoso com o Cod de carcaca 4 e Não apresentava oleo.</b><br>"
1191;"<b>Indivíduo de numero 1191 registrado pela equipe do Trecho 06 na cidade de Matinhos,Pontal Do Paraná (Paraná), atraves de monitoramento do tipo Regular com a mare Enchente e vento Oeste. Espécie: Puffinus puffinus, Indeterminado Não ,,,esta ameacada de extincao. Foi encontrado Morto em ambiente Arenoso com o Cod de carcaca 5 e Não apresentava oleo.</b><br>"
1192;"<b>Indivíduo de numero 1192 registrado pela equipe do Trecho 06 na cidade de Matinhos,Pontal Do Paraná (Paraná), atraves de monitoramento do tipo Regular com a mare Enchente e vento Norte. Espécie: Fregata magnificens, Indeterminado Não ,,,esta ameacada de extincao. Foi encontrado Morto em ambiente Arenoso com o Cod de carcaca 5 e Não apresentava oleo.</b><br>"
1193;"<b>Indivíduo de numero 1193 registrado pela equipe do Trecho 04 na cidade de Balneário Piçarras (Santa Catarina), atraves de monitoramento do tipo Regular com a mare Vazante e vento Sudeste. Espécie: Pontoporia blainvillei, Adulto Sim ,,,esta ameacada de extincao. Foi encontrado Morto em ambiente Arenoso com o Cod de carcaca 4 e Não apresentava oleo.</b><br>"
1194;"<b>Indivíduo de numero 1194 registrado pela equipe do Trecho 04 na cidade de Balneário Piçarras (Santa Catarina), atraves de monitoramento do tipo Regular com a mare Vazante e vento Sudeste. Espécie: Chelonia mydas, Juvenil Sim ,,,esta ameacada de extincao. Foi encontrado Morto em ambiente Arenoso com o Cod de carcaca 4 e Não apresentava oleo.</b><br>"
1195;"<b>Indivíduo de numero 1195 registrado pela equipe do Trecho 05 na cidade de Itapoá (Santa Catarina), atraves de monitoramento do tipo Regular com a mare Vazante e vento Sudoeste. Espécie: Chelonia mydas, Indeterminado Sim ,,,esta ameacada de extincao. Foi encontrado Morto em ambiente Arenoso com o Cod de carcaca 4 e Não apresentava oleo.</b><br>"
1196;"<b>Indivíduo de numero 1196 registrado pela equipe do Trecho 05 na cidade de Itapoá (Santa Catarina), atraves de monitoramento do tipo Regular com a mare Enchente e vento Sudoeste. Espécie: Chelonia mydas, Juvenil Sim ,,,esta ameacada de extincao. Foi encontrado Morto em ambiente Arenoso com o Cod de carcaca 3 e Não apresentava oleo.</b><br>"
1197;"<b>Indivíduo de numero 1197 registrado pela equipe do Trecho 06 na cidade de Paranaguá (Paraná), atraves de monitoramento do tipo Regular com a mare Enchente e vento Oeste. Espécie: Puffinus puffinus, Indeterminado Não ,,,esta ameacada de extincao. Foi encontrado Morto em ambiente Arenoso com o Cod de carcaca 5 e Não apresentava oleo.</b><br>"
1198;"<b>Indivíduo de numero 1198 registrado pela equipe do Trecho 03 na cidade de Florianópolis (Santa Catarina), atraves de monitoramento do tipo Acionamento com a mare Vazante e vento Oeste. Espécie: Himantopus melanurus, Juvenil Não ,,,esta ameacada de extincao. Foi encontrado Vivo em ambiente Outros com o Cod de carcaca 1 e Não apresentava oleo.</b><br>"
1199;"<b>Indivíduo de numero 1199 registrado pela equipe do Trecho 05 na cidade de Itapoá (Santa Catarina), atraves de monitoramento do tipo Acionamento com a mare Enchente e vento Sudoeste. Espécie: Sula leucogaster, Adulto Não ,,,esta ameacada de extincao. Foi encontrado Vivo em ambiente Arenoso com o Cod de carcaca 1 e Não apresentava oleo.</b><br>"
1200;"<b>Indivíduo de numero 1200 registrado pela equipe do Trecho 03 na cidade de Florianópolis (Santa Catarina), atraves de monitoramento do tipo Regular com a mare Vazante e vento Sudoeste. Espécie: Chelonia mydas, Juvenil Sim ,,,esta ameacada de extincao. Foi encontrado Morto em ambiente Arenoso com o Cod de carcaca 4 e Não apresentava oleo.</b><br>"
1201;"<b>Indivíduo de numero 1201 registrado pela equipe do Trecho 05 na cidade de Itapoá (Santa Catarina), atraves de monitoramento do tipo Acionamento com a mare Vazante e vento Sudoeste. Espécie: Larus dominicanus, Juvenil Não ,,,esta ameacada de extincao. Foi encontrado Morto em ambiente Outros com o Cod de carcaca 2 e Não apresentava oleo.</b><br>"
1202;"<b>Indivíduo de numero 1202 registrado pela equipe do Trecho 06 na cidade de Guaratuba (Paraná), atraves de monitoramento do tipo Regular com a mare Vazante e vento Sudoeste. Espécie: Larus dominicanus, Juvenil Não ,,,esta ameacada de extincao. Foi encontrado Morto em ambiente Arenoso com o Cod de carcaca 4 e Não apresentava oleo.</b><br>"
1203;"<b>Indivíduo de numero 1203 registrado pela equipe do Trecho 06 na cidade de Guaratuba (Paraná), atraves de monitoramento do tipo Regular com a mare Vazante e vento Sudoeste. Espécie: Chelonia mydas, Juvenil Sim ,,,esta ameacada de extincao. Foi encontrado Morto em ambiente Arenoso com o Cod de carcaca 4 e Não apresentava oleo.</b><br>"
1204;"<b>Indivíduo de numero 1204 registrado pela equipe do Trecho 02 na cidade de Garopaba (Santa Catarina), atraves de monitoramento do tipo Regular com a mare Vazante e vento Sudoeste. Espécie: Pontoporia blainvillei, Filhote Sim ,,,esta ameacada de extincao. Foi encontrado Morto em ambiente Arenoso com o Cod de carcaca 4 e Não apresentava oleo.</b><br>"
1205;"<b>Indivíduo de numero 1205 registrado pela equipe do Trecho 02 na cidade de Imbituba (Santa Catarina), atraves de monitoramento do tipo Regular com a mare Vazante e vento N/A. Espécie: Larus dominicanus, Adulto Não ,,,esta ameacada de extincao. Foi encontrado Morto em ambiente Arenoso com o Cod de carcaca 3 e Não apresentava oleo.</b><br>"
1206;"<b>Indivíduo de numero 1206 registrado pela equipe do Trecho 06 na cidade de Matinhos,Pontal Do Paraná (Paraná), atraves de monitoramento do tipo Regular com a mare Vazante e vento Sul. Espécie: Chelonia mydas, Juvenil Sim ,,,esta ameacada de extincao. Foi encontrado Morto em ambiente Arenoso com o Cod de carcaca 4 e Não apresentava oleo.</b><br>"
1207;"<b>Indivíduo de numero 1207 registrado pela equipe do Trecho 06 na cidade de Matinhos,Pontal Do Paraná (Paraná), atraves de monitoramento do tipo Regular com a mare Vazante e vento Sudeste. Espécie: Chelonia mydas, Juvenil Sim ,,,esta ameacada de extincao. Foi encontrado Morto em ambiente Arenoso com o Cod de carcaca 4 e Não apresentava oleo.</b><br>"
1208;"<b>Indivíduo de numero 1208 registrado pela equipe do Trecho 06 na cidade de Matinhos,Pontal Do Paraná (Paraná), atraves de monitoramento do tipo Regular com a mare Vazante e vento Sudeste. Espécie: Puffinus puffinus, Indeterminado Não ,,,esta ameacada de extincao. Foi encontrado Morto em ambiente Arenoso com o Cod de carcaca 4 e Não apresentava oleo.</b><br>"
1209;"<b>Indivíduo de numero 1209 registrado pela equipe do Trecho 06 na cidade de Matinhos,Pontal Do Paraná (Paraná), atraves de monitoramento do tipo Regular com a mare Vazante e vento Sul. Espécie: Chelonia mydas, Juvenil Sim ,,,esta ameacada de extincao. Foi encontrado Morto em ambiente Arenoso com o Cod de carcaca 4 e Não apresentava oleo.</b><br>"
1210;"<b>Indivíduo de numero 1210 registrado pela equipe do Trecho 06 na cidade de Matinhos,Pontal Do Paraná (Paraná), atraves de monitoramento do tipo Regular com a mare Vazante e vento Sul. Espécie: Caretta caretta, Juvenil Sim ,,,esta ameacada de extincao. Foi encontrado Morto em ambiente Arenoso com o Cod de carcaca 4 e Não apresentava oleo.</b><br>"
1211;"<b>Indivíduo de numero 1211 registrado pela equipe do Trecho 06 na cidade de Matinhos,Pontal Do Paraná (Paraná), atraves de monitoramento do tipo Regular com a mare Cheia e vento Sul. Espécie: Caretta caretta, Juvenil Sim ,,,esta ameacada de extincao. Foi encontrado Morto em ambiente Arenoso com o Cod de carcaca 4 e Não apresentava oleo.</b><br>"
1212;"<b>Indivíduo de numero 1212 registrado pela equipe do Trecho 06 na cidade de Matinhos,Pontal Do Paraná (Paraná), atraves de monitoramento do tipo Regular com a mare Cheia e vento Sul. Espécie: Caretta caretta, Juvenil Sim ,,,esta ameacada de extincao. Foi encontrado Morto em ambiente Arenoso com o Cod de carcaca 4 e Não apresentava oleo.</b><br>"
1213;"<b>Indivíduo de numero 1213 registrado pela equipe do Trecho 05 na cidade de São Francisco Do Sul (Santa Catarina), atraves de monitoramento do tipo Regular com a mare Vazante e vento Sudeste. Espécie: Chelonia mydas, Indeterminado Sim ,,,esta ameacada de extincao. Foi encontrado Morto em ambiente Arenoso com o Cod de carcaca 4 e Não apresentava oleo.</b><br>"
1214;"<b>Indivíduo de numero 1214 registrado pela equipe do Trecho 05 na cidade de Itapoá (Santa Catarina), atraves de monitoramento do tipo Regular com a mare Vazante e vento Sul. Espécie: Phalacrocorax brasilianus, Indeterminado Não ,,,esta ameacada de extincao. Foi encontrado Morto em ambiente Arenoso com o Cod de carcaca 4 e Não apresentava oleo.</b><br>"
1215;"<b>Indivíduo de numero 1215 registrado pela equipe do Trecho 01 na cidade de Laguna (Santa Catarina), atraves de monitoramento do tipo Regular com a mare Enchente e vento Sudeste. Espécie: Larus dominicanus, Adulto Não ,,,esta ameacada de extincao. Foi encontrado Morto em ambiente Arenoso com o Cod de carcaca 5 e Não apresentava oleo.</b><br>"
1216;"<b>Indivíduo de numero 1216 registrado pela equipe do Trecho 01 na cidade de Imbituba (Santa Catarina), atraves de monitoramento do tipo Regular com a mare Cheia e vento Sudeste. Espécie: Larus dominicanus, Juvenil Não ,,,esta ameacada de extincao. Foi encontrado Morto em ambiente Arenoso com o Cod de carcaca 2 e Não apresentava oleo.</b><br>"
1217;"<b>Indivíduo de numero 1217 registrado pela equipe do Trecho 03 na cidade de Florianópolis (Santa Catarina), atraves de monitoramento do tipo Regular com a mare Enchente e vento Sudoeste. Espécie: Spheniscus magellanicus, Juvenil Não ,,,esta ameacada de extincao. Foi encontrado Morto em ambiente Arenoso com o Cod de carcaca 4 e Não apresentava oleo.</b><br>"
1218;"<b>Indivíduo de numero 1218 registrado pela equipe do Trecho 03 na cidade de Florianópolis (Santa Catarina), atraves de monitoramento do tipo Regular com a mare Enchente e vento Sudoeste. Espécie: Chelonia mydas, Juvenil Sim ,,,esta ameacada de extincao. Foi encontrado Morto em ambiente Arenoso com o Cod de carcaca 5 e Não apresentava oleo.</b><br>"
1219;"<b>Indivíduo de numero 1219 registrado pela equipe do Trecho 02 na cidade de Garopaba (Santa Catarina), atraves de monitoramento do tipo Regular com a mare Vazante e vento Leste. Espécie: Chelonia mydas, Juvenil Sim ,,,esta ameacada de extincao. Foi encontrado Morto em ambiente Arenoso com o Cod de carcaca 4 e Não apresentava oleo.</b><br>"
1220;"<b>Indivíduo de numero 1220 registrado pela equipe do Trecho 04 na cidade de Penha (Santa Catarina), atraves de monitoramento do tipo Regular com a mare Vazante e vento Sudoeste. Espécie: Chelonia mydas, Juvenil Sim ,,,esta ameacada de extincao. Foi encontrado Morto em ambiente Arenoso com o Cod de carcaca 4 e Não apresentava oleo.</b><br>"
1221;"<b>Indivíduo de numero 1221 registrado pela equipe do Trecho 04 na cidade de Barra Velha (Santa Catarina), atraves de monitoramento do tipo Regular com a mare Vazante e vento Sudoeste. Espécie: Chelonia mydas, Juvenil Sim ,,,esta ameacada de extincao. Foi encontrado Morto em ambiente Arenoso com o Cod de carcaca 4 e Não apresentava oleo.</b><br>"
1222;"<b>Indivíduo de numero 1222 registrado pela equipe do Trecho 04 na cidade de Barra Velha (Santa Catarina), atraves de monitoramento do tipo Regular com a mare Vazante e vento Sudoeste. Espécie: Chelonia mydas, Juvenil Sim ,,,esta ameacada de extincao. Foi encontrado Morto em ambiente Arenoso com o Cod de carcaca 4 e Não apresentava oleo.</b><br>"
1223;"<b>Indivíduo de numero 1223 registrado pela equipe do Trecho 04 na cidade de Barra Velha (Santa Catarina), atraves de monitoramento do tipo Regular com a mare Vazante e vento Sudoeste. Espécie: Chelonia mydas, Juvenil Sim ,,,esta ameacada de extincao. Foi encontrado Morto em ambiente Arenoso com o Cod de carcaca 4 e Não apresentava oleo.</b><br>"
1224;"<b>Indivíduo de numero 1224 registrado pela equipe do Trecho 06 na cidade de Guaraqueçaba (Paraná), atraves de monitoramento do tipo Regular com a mare Vazante e vento Sul. Espécie: Chelonia mydas, Juvenil Sim ,,,esta ameacada de extincao. Foi encontrado Morto em ambiente Arenoso com o Cod de carcaca 4 e Não apresentava oleo.</b><br>"
1225;"<b>Indivíduo de numero 1225 registrado pela equipe do Trecho 06 na cidade de Matinhos,Pontal Do Paraná (Paraná), atraves de monitoramento do tipo Acionamento com a mare Enchente e vento N/A. Espécie: Sula leucogaster, Adulto Não ,,,esta ameacada de extincao. Foi encontrado Vivo em ambiente Arenoso com o Cod de carcaca 1 e Não apresentava oleo.</b><br>"
1226;"<b>Indivíduo de numero 1226 registrado pela equipe do Trecho 06 na cidade de Matinhos,Pontal Do Paraná (Paraná), atraves de monitoramento do tipo Acionamento com a mare Enchente e vento N/A. Espécie: Sula leucogaster, Juvenil Não ,,,esta ameacada de extincao. Foi encontrado Vivo em ambiente Outros com o Cod de carcaca 1 e Não apresentava oleo.</b><br>"
1227;"<b>Indivíduo de numero 1227 registrado pela equipe do Trecho 05 na cidade de Araquari,Balneário Barra Do Sul,Barra Velha (Santa Catarina), atraves de monitoramento do tipo Regular com a mare Enchente e vento Sul. Espécie: Chelonia mydas, Indeterminado Sim ,,,esta ameacada de extincao. Foi encontrado Morto em ambiente Arenoso com o Cod de carcaca 4 e Não apresentava oleo.</b><br>"
1228;"<b>Indivíduo de numero 1228 registrado pela equipe do Trecho 05 na cidade de Araquari,Balneário Barra Do Sul,Barra Velha (Santa Catarina), atraves de monitoramento do tipo Regular com a mare Enchente e vento Sul. Espécie: Caretta caretta, Indeterminado Sim ,,,esta ameacada de extincao. Foi encontrado Morto em ambiente Arenoso com o Cod de carcaca 4 e Não apresentava oleo.</b><br>"
1229;"<b>Indivíduo de numero 1229 registrado pela equipe do Trecho 06 na cidade de Matinhos (Paraná), atraves de monitoramento do tipo Acionamento com a mare Enchente e vento Sudoeste. Espécie: Phalacrocorax brasilianus, Adulto Não ,,,esta ameacada de extincao. Foi encontrado Morto em ambiente Arenoso com o Cod de carcaca 3 e Não apresentava oleo.</b><br>"
1230;"<b>Indivíduo de numero 1230 registrado pela equipe do Trecho 01 na cidade de Imbituba (Santa Catarina), atraves de monitoramento do tipo Acionamento com a mare Vazante e vento Sudoeste. Espécie: Charadrius semipalmatus, Adulto Não ,,,esta ameacada de extincao. Foi encontrado Vivo em ambiente Arenoso com o Cod de carcaca 1 e Não apresentava oleo.</b><br>"
1231;"<b>Indivíduo de numero 1231 registrado pela equipe do Trecho 06 na cidade de Guaratuba (Paraná), atraves de monitoramento do tipo Regular com a mare Vazante e vento Sudoeste. Espécie: Fregata magnificens, Indeterminado Não ,,,esta ameacada de extincao. Foi encontrado Morto em ambiente Arenoso com o Cod de carcaca 5 e Não apresentava oleo.</b><br>"
1232;"<b>Indivíduo de numero 1232 registrado pela equipe do Trecho 04 na cidade de Barra Velha (Santa Catarina), atraves de monitoramento do tipo Regular com a mare Enchente e vento Sudeste. Espécie: Caretta caretta, Juvenil Sim ,,,esta ameacada de extincao. Foi encontrado Morto em ambiente Arenoso com o Cod de carcaca 4 e Não apresentava oleo.</b><br>"
1233;"<b>Indivíduo de numero 1233 registrado pela equipe do Trecho 06 na cidade de Matinhos,Pontal Do Paraná (Paraná), atraves de monitoramento do tipo Regular com a mare Enchente e vento Sul. Espécie: Caretta caretta, Juvenil Sim ,,,esta ameacada de extincao. Foi encontrado Morto em ambiente Arenoso com o Cod de carcaca 4 e Não apresentava oleo.</b><br>"
1234;"<b>Indivíduo de numero 1234 registrado pela equipe do Trecho 06 na cidade de Matinhos,Pontal Do Paraná (Paraná), atraves de monitoramento do tipo Regular com a mare Vazia e vento Sudeste. Espécie: Puffinus puffinus, Indeterminado Não ,,,esta ameacada de extincao. Foi encontrado Morto em ambiente Arenoso com o Cod de carcaca 4 e Não apresentava oleo.</b><br>"
1235;"<b>Indivíduo de numero 1235 registrado pela equipe do Trecho 06 na cidade de Matinhos,Pontal Do Paraná (Paraná), atraves de monitoramento do tipo Regular com a mare Vazia e vento Sudeste. Espécie: Chelonia mydas, Juvenil Sim ,,,esta ameacada de extincao. Foi encontrado Morto em ambiente Arenoso com o Cod de carcaca 4 e Não apresentava oleo.</b><br>"
1236;"<b>Indivíduo de numero 1236 registrado pela equipe do Trecho 06 na cidade de Matinhos,Pontal Do Paraná (Paraná), atraves de monitoramento do tipo Regular com a mare Vazante e vento Sul. Espécie: Caretta caretta, Juvenil Sim ,,,esta ameacada de extincao. Foi encontrado Morto em ambiente Arenoso com o Cod de carcaca 4 e Não apresentava oleo.</b><br>"
1237;"<b>Indivíduo de numero 1237 registrado pela equipe do Trecho 02 na cidade de Garopaba (Santa Catarina), atraves de monitoramento do tipo Regular com a mare Vazante e vento Sudoeste. Espécie: Sula leucogaster, Indeterminado Não ,,,esta ameacada de extincao. Foi encontrado Morto em ambiente Arenoso com o Cod de carcaca 4 e Não apresentava oleo.</b><br>"
1238;"<b>Indivíduo de numero 1238 registrado pela equipe do Trecho 05 na cidade de São Francisco Do Sul (Santa Catarina), atraves de monitoramento do tipo Acionamento com a mare Vazante e vento Sudeste. Espécie: Chelonia mydas, Juvenil Sim ,,,esta ameacada de extincao. Foi encontrado Morto em ambiente Arenoso com o Cod de carcaca 4 e Não apresentava oleo.</b><br>"
1239;"<b>Indivíduo de numero 1239 registrado pela equipe do Trecho 04 na cidade de Penha (Santa Catarina), atraves de monitoramento do tipo Acionamento com a mare Enchente e vento Sudeste. Espécie: Caretta caretta, Juvenil Sim ,,,esta ameacada de extincao. Foi encontrado Morto em ambiente Arenoso com o Cod de carcaca 2 e Não apresentava oleo.</b><br>"
1240;"<b>Indivíduo de numero 1240 registrado pela equipe do Trecho 05 na cidade de Araquari,Balneário Barra Do Sul,Barra Velha (Santa Catarina), atraves de monitoramento do tipo Regular com a mare Enchente e vento Sudoeste. Espécie: Chelonia mydas, Indeterminado Sim ,,,esta ameacada de extincao. Foi encontrado Morto em ambiente Arenoso com o Cod de carcaca 4 e Não apresentava oleo.</b><br>"
1241;"<b>Indivíduo de numero 1241 registrado pela equipe do Trecho 05 na cidade de Araquari,Balneário Barra Do Sul,Barra Velha (Santa Catarina), atraves de monitoramento do tipo Regular com a mare Enchente e vento Sudoeste. Espécie: Chelonia mydas, Indeterminado Sim ,,,esta ameacada de extincao. Foi encontrado Morto em ambiente Arenoso com o Cod de carcaca 4 e Não apresentava oleo.</b><br>"
1242;"<b>Indivíduo de numero 1242 registrado pela equipe do Trecho 05 na cidade de Araquari,Balneário Barra Do Sul,Barra Velha (Santa Catarina), atraves de monitoramento do tipo Regular com a mare Enchente e vento Sudoeste. Espécie: Chelonia mydas, Indeterminado Sim ,,,esta ameacada de extincao. Foi encontrado Morto em ambiente Arenoso com o Cod de carcaca 4 e Não apresentava oleo.</b><br>"
1243;"<b>Indivíduo de numero 1243 registrado pela equipe do Trecho 05 na cidade de São Francisco Do Sul (Santa Catarina), atraves de monitoramento do tipo Regular com a mare Vazante e vento Sul. Espécie: Chelonia mydas, Indeterminado Sim ,,,esta ameacada de extincao. Foi encontrado Morto em ambiente Rochoso com o Cod de carcaca 4 e Não apresentava oleo.</b><br>"
1244;"<b>Indivíduo de numero 1244 registrado pela equipe do Trecho 05 na cidade de São Francisco Do Sul (Santa Catarina), atraves de monitoramento do tipo Regular com a mare Enchente e vento N/A. Espécie: Pontoporia blainvillei, Indeterminado Sim ,,,esta ameacada de extincao. Foi encontrado Morto em ambiente Arenoso com o Cod de carcaca 4 e Não apresentava oleo.</b><br>"
1245;"<b>Indivíduo de numero 1245 registrado pela equipe do Trecho 06 na cidade de Guaratuba (Paraná), atraves de monitoramento do tipo Regular com a mare Vazante e vento Sul. Espécie: Sotalia guianensis, Adulto Sim ,,,esta ameacada de extincao. Foi encontrado Morto em ambiente Arenoso com o Cod de carcaca 4 e Não apresentava oleo.</b><br>"
1246;"<b>Indivíduo de numero 1246 registrado pela equipe do Trecho 03 na cidade de Florianópolis (Santa Catarina), atraves de monitoramento do tipo Regular com a mare Vazante e vento Sul. Espécie: Chelonia mydas, Juvenil Sim ,,,esta ameacada de extincao. Foi encontrado Morto em ambiente Arenoso com o Cod de carcaca 5 e Não apresentava oleo.</b><br>"
1247;"<b>Indivíduo de numero 1247 registrado pela equipe do Trecho 04 na cidade de Balneário Piçarras (Santa Catarina), atraves de monitoramento do tipo Regular com a mare Vazante e vento Noroeste. Espécie: Pontoporia blainvillei, Filhote Sim ,,,esta ameacada de extincao. Foi encontrado Morto em ambiente Arenoso com o Cod de carcaca 4 e Não apresentava oleo.</b><br>"
1248;"<b>Indivíduo de numero 1248 registrado pela equipe do Trecho 04 na cidade de Penha (Santa Catarina), atraves de monitoramento do tipo Regular com a mare Enchente e vento Oeste. Espécie: Procellaria aequinoctialis, Indeterminado Não ,,,esta ameacada de extincao. Foi encontrado Morto em ambiente Arenoso com o Cod de carcaca 4 e Não apresentava oleo.</b><br>"
1249;"<b>Indivíduo de numero 1249 registrado pela equipe do Trecho 04 na cidade de Balneário Piçarras (Santa Catarina), atraves de monitoramento do tipo Regular com a mare Vazante e vento Noroeste. Espécie: Chelonia mydas, Juvenil Sim ,,,esta ameacada de extincao. Foi encontrado Morto em ambiente Arenoso com o Cod de carcaca 4 e Não apresentava oleo.</b><br>"
1250;"<b>Indivíduo de numero 1250 registrado pela equipe do Trecho 04 na cidade de Balneário Piçarras (Santa Catarina), atraves de monitoramento do tipo Regular com a mare Vazante e vento Noroeste. Espécie: Chelonia mydas, Juvenil Sim ,,,esta ameacada de extincao. Foi encontrado Morto em ambiente Arenoso com o Cod de carcaca 4 e Não apresentava oleo.</b><br>"
1251;"<b>Indivíduo de numero 1251 registrado pela equipe do Trecho 06 na cidade de Paranaguá (Paraná), atraves de monitoramento do tipo Acionamento com a mare Vazante e vento Sul. Espécie: Larus dominicanus, Adulto Não ,,,esta ameacada de extincao. Foi encontrado Vivo em ambiente Outros com o Cod de carcaca 1 e Não apresentava oleo.</b><br>"
1252;"<b>Indivíduo de numero 1252 registrado pela equipe do Trecho 05 na cidade de Itapoá (Santa Catarina), atraves de monitoramento do tipo Acionamento com a mare Enchente e vento Sul. Espécie: Caretta caretta, Indeterminado Sim ,,,esta ameacada de extincao. Foi encontrado Morto em ambiente Arenoso com o Cod de carcaca 4 e Não apresentava oleo.</b><br>"
1253;"<b>Indivíduo de numero 1253 registrado pela equipe do Trecho 06 na cidade de Matinhos,Pontal Do Paraná (Paraná), atraves de monitoramento do tipo Regular com a mare Enchente e vento Leste. Espécie: Chelonia mydas, Juvenil Sim ,,,esta ameacada de extincao. Foi encontrado Morto em ambiente Arenoso com o Cod de carcaca 4 e Não apresentava oleo.</b><br>"
1254;"<b>Indivíduo de numero 1254 registrado pela equipe do Trecho 06 na cidade de Matinhos,Pontal Do Paraná (Paraná), atraves de monitoramento do tipo Regular com a mare Enchente e vento Leste. Espécie: Chelonia mydas, Juvenil Sim ,,,esta ameacada de extincao. Foi encontrado Morto em ambiente Arenoso com o Cod de carcaca 4 e Não apresentava oleo.</b><br>"
1255;"<b>Indivíduo de numero 1255 registrado pela equipe do Trecho 06 na cidade de Matinhos,Pontal Do Paraná (Paraná), atraves de monitoramento do tipo Regular com a mare Vazante e vento Sudeste. Espécie: Chelonia mydas, Juvenil Sim ,,,esta ameacada de extincao. Foi encontrado Morto em ambiente Arenoso com o Cod de carcaca 4 e Não apresentava oleo.</b><br>"
1256;"<b>Indivíduo de numero 1256 registrado pela equipe do Trecho 02 na cidade de Palhoça (Santa Catarina), atraves de monitoramento do tipo Regular com a mare Vazante e vento Sudeste. Espécie: Sula leucogaster, Juvenil Não ,,,esta ameacada de extincao. Foi encontrado Morto em ambiente Arenoso com o Cod de carcaca 3 e Não apresentava oleo.</b><br>"
1257;"<b>Indivíduo de numero 1257 registrado pela equipe do Trecho 02 na cidade de Garopaba (Santa Catarina), atraves de monitoramento do tipo Regular com a mare Vazante e vento Sudeste. Espécie: Spheniscus magellanicus, Juvenil Não ,,,esta ameacada de extincao. Foi encontrado Morto em ambiente Arenoso com o Cod de carcaca 3 e Não apresentava oleo.</b><br>"
1258;"<b>Indivíduo de numero 1258 registrado pela equipe do Trecho 06 na cidade de Guaraqueçaba (Paraná), atraves de monitoramento do tipo Regular com a mare Vazante e vento Oeste. Espécie: Dermochelys coriacea, Indeterminado Sim ,,,esta ameacada de extincao. Foi encontrado Morto em ambiente Arenoso com o Cod de carcaca 4 e Não apresentava oleo.</b><br>"
1259;"<b>Indivíduo de numero 1259 registrado pela equipe do Trecho 03 na cidade de Florianópolis (Santa Catarina), atraves de monitoramento do tipo Acionamento com a mare Enchente e vento Oeste. Espécie: Puffinus puffinus, Juvenil Não ,,,esta ameacada de extincao. Foi encontrado Vivo em ambiente Outros com o Cod de carcaca 1 e Não apresentava oleo.</b><br>"
1260;"<b>Indivíduo de numero 1260 registrado pela equipe do Trecho 02 na cidade de Garopaba (Santa Catarina), atraves de monitoramento do tipo Acionamento com a mare Enchente e vento Nordeste. Espécie: Eubalaena australis, Filhote Sim ,,,esta ameacada de extincao. Foi encontrado Morto em ambiente Água com o Cod de carcaca 4 e Não apresentava oleo.</b><br>"
1261;"<b>Indivíduo de numero 1261 registrado pela equipe do Trecho 04 na cidade de Bombinhas (Santa Catarina), atraves de monitoramento do tipo Regular com a mare Vazante e vento Nordeste. Espécie: Chelonia mydas, Juvenil Sim ,,,esta ameacada de extincao. Foi encontrado Morto em ambiente Arenoso com o Cod de carcaca 4 e Não apresentava oleo.</b><br>"
1262;"<b>Indivíduo de numero 1262 registrado pela equipe do Trecho 04 na cidade de Bombinhas (Santa Catarina), atraves de monitoramento do tipo Regular com a mare Vazante e vento Nordeste. Espécie: Chelonia mydas, Juvenil Sim ,,,esta ameacada de extincao. Foi encontrado Morto em ambiente Arenoso com o Cod de carcaca 4 e Não apresentava oleo.</b><br>"
1263;"<b>Indivíduo de numero 1263 registrado pela equipe do Trecho 06 na cidade de Guaratuba (Paraná), atraves de monitoramento do tipo Regular com a mare Vazante e vento Leste. Espécie: Caretta caretta, Juvenil Sim ,,,esta ameacada de extincao. Foi encontrado Morto em ambiente Arenoso com o Cod de carcaca 4 e Não apresentava oleo.</b><br>"
1264;"<b>Indivíduo de numero 1264 registrado pela equipe do Trecho 03 na cidade de Florianópolis (Santa Catarina), atraves de monitoramento do tipo Regular com a mare Vazante e vento Norte. Espécie: Pontoporia blainvillei, Indeterminado Sim ,,,esta ameacada de extincao. Foi encontrado Morto em ambiente Arenoso com o Cod de carcaca 5 e Não apresentava oleo.</b><br>"
1265;"<b>Indivíduo de numero 1265 registrado pela equipe do Trecho 05 na cidade de São Francisco Do Sul (Santa Catarina), atraves de monitoramento do tipo Regular com a mare Enchente e vento Sudeste. Espécie: Larus dominicanus, Indeterminado Não ,,,esta ameacada de extincao. Foi encontrado Morto em ambiente Arenoso com o Cod de carcaca 4 e Não apresentava oleo.</b><br>"
1266;"<b>Indivíduo de numero 1266 registrado pela equipe do Trecho 02 na cidade de Garopaba (Santa Catarina), atraves de monitoramento do tipo Regular com a mare Vazante e vento Nordeste. Espécie: Larus dominicanus, Juvenil Não ,,,esta ameacada de extincao. Foi encontrado Morto em ambiente Arenoso com o Cod de carcaca 4 e Não apresentava oleo.</b><br>"
1267;"<b>Indivíduo de numero 1267 registrado pela equipe do Trecho 02 na cidade de Garopaba (Santa Catarina), atraves de monitoramento do tipo Regular com a mare Vazante e vento Nordeste. Espécie: Larus dominicanus, Indeterminado Não ,,,esta ameacada de extincao. Foi encontrado Morto em ambiente Arenoso com o Cod de carcaca 5 e Não apresentava oleo.</b><br>"
1268;"<b>Indivíduo de numero 1268 registrado pela equipe do Trecho 02 na cidade de Garopaba (Santa Catarina), atraves de monitoramento do tipo Regular com a mare Vazante e vento Nordeste. Espécie: Larus dominicanus, Juvenil Não ,,,esta ameacada de extincao. Foi encontrado Morto em ambiente Arenoso com o Cod de carcaca 4 e Não apresentava oleo.</b><br>"
1269;"<b>Indivíduo de numero 1269 registrado pela equipe do Trecho 06 na cidade de Matinhos (Paraná), atraves de monitoramento do tipo Regular com a mare Enchente e vento Nordeste. Espécie: Chelonia mydas, Juvenil Sim ,,,esta ameacada de extincao. Foi encontrado Morto em ambiente Arenoso com o Cod de carcaca 4 e Não apresentava oleo.</b><br>"
1270;"<b>Indivíduo de numero 1270 registrado pela equipe do Trecho 06 na cidade de Matinhos,Pontal Do Paraná (Paraná), atraves de monitoramento do tipo Regular com a mare Vazante e vento Leste. Espécie: Chelonia mydas, Juvenil Sim ,,,esta ameacada de extincao. Foi encontrado Morto em ambiente Arenoso com o Cod de carcaca 4 e Não apresentava oleo.</b><br>"
1271;"<b>Indivíduo de numero 1271 registrado pela equipe do Trecho 06 na cidade de Matinhos,Pontal Do Paraná (Paraná), atraves de monitoramento do tipo Regular com a mare Vazante e vento Nordeste. Espécie: Caretta caretta, Adulto Sim ,,,esta ameacada de extincao. Foi encontrado Morto em ambiente Arenoso com o Cod de carcaca 4 e Não apresentava oleo.</b><br>"
1272;"<b>Indivíduo de numero 1272 registrado pela equipe do Trecho 06 na cidade de Matinhos,Pontal Do Paraná (Paraná), atraves de monitoramento do tipo Regular com a mare Vazante e vento N/A. Espécie: Puffinus puffinus, Indeterminado Não ,,,esta ameacada de extincao. Foi encontrado Morto em ambiente Arenoso com o Cod de carcaca 4 e Não apresentava oleo.</b><br>"
1273;"<b>Indivíduo de numero 1273 registrado pela equipe do Trecho 02 na cidade de Paulo Lopes (Santa Catarina), atraves de monitoramento do tipo Regular com a mare Vazante e vento Nordeste. Espécie: Chelonia mydas, Juvenil Sim ,,,esta ameacada de extincao. Foi encontrado Morto em ambiente Arenoso com o Cod de carcaca 5 e Não apresentava oleo.</b><br>"
1274;"<b>Indivíduo de numero 1274 registrado pela equipe do Trecho 02 na cidade de Palhoça (Santa Catarina), atraves de monitoramento do tipo Regular com a mare Vazante e vento Nordeste. Espécie: Sula leucogaster, Juvenil Não ,,,esta ameacada de extincao. Foi encontrado Morto em ambiente Arenoso com o Cod de carcaca 4 e Não apresentava oleo.</b><br>"
1275;"<b>Indivíduo de numero 1275 registrado pela equipe do Trecho 04 na cidade de Penha (Santa Catarina), atraves de monitoramento do tipo Acionamento com a mare Vazia e vento Sudeste. Espécie: Chelonia mydas, Juvenil Sim ,,,esta ameacada de extincao. Foi encontrado Morto em ambiente Arenoso com o Cod de carcaca 4 e Não apresentava oleo.</b><br>"
1276;"<b>Indivíduo de numero 1276 registrado pela equipe do Trecho 04 na cidade de Balneário Piçarras (Santa Catarina), atraves de monitoramento do tipo Regular com a mare Vazante e vento Sudeste. Espécie: Chelonia mydas, Juvenil Sim ,,,esta ameacada de extincao. Foi encontrado Morto em ambiente Arenoso com o Cod de carcaca 4 e Não apresentava oleo.</b><br>"
1277;"<b>Indivíduo de numero 1277 registrado pela equipe do Trecho 04 na cidade de Balneário Piçarras (Santa Catarina), atraves de monitoramento do tipo Regular com a mare Vazante e vento Sudeste. Espécie: Pontoporia blainvillei, Juvenil Sim ,,,esta ameacada de extincao. Foi encontrado Morto em ambiente Arenoso com o Cod de carcaca 4 e Não apresentava oleo.</b><br>"
1278;"<b>Indivíduo de numero 1278 registrado pela equipe do Trecho 04 na cidade de Balneário Piçarras (Santa Catarina), atraves de monitoramento do tipo Regular com a mare Vazante e vento Sudeste. Espécie: Chelonia mydas, Juvenil Sim ,,,esta ameacada de extincao. Foi encontrado Morto em ambiente Arenoso com o Cod de carcaca 4 e Não apresentava oleo.</b><br>"
1279;"<b>Indivíduo de numero 1279 registrado pela equipe do Trecho 04 na cidade de Barra Velha (Santa Catarina), atraves de monitoramento do tipo Regular com a mare Vazante e vento Sudoeste. Espécie: Sula leucogaster, Juvenil Não ,,,esta ameacada de extincao. Foi encontrado Morto em ambiente Arenoso com o Cod de carcaca 4 e Não apresentava oleo.</b><br>"
1280;"<b>Indivíduo de numero 1280 registrado pela equipe do Trecho 04 na cidade de Barra Velha (Santa Catarina), atraves de monitoramento do tipo Regular com a mare Vazante e vento Sudoeste. Espécie: Pontoporia blainvillei, Juvenil Sim ,,,esta ameacada de extincao. Foi encontrado Morto em ambiente Arenoso com o Cod de carcaca 4 e Não apresentava oleo.</b><br>"
1281;"<b>Indivíduo de numero 1281 registrado pela equipe do Trecho 04 na cidade de Barra Velha (Santa Catarina), atraves de monitoramento do tipo Regular com a mare Vazante e vento Sudoeste. Espécie: Chelonia mydas, Juvenil Sim ,,,esta ameacada de extincao. Foi encontrado Morto em ambiente Arenoso com o Cod de carcaca 4 e Não apresentava oleo.</b><br>"
1282;"<b>Indivíduo de numero 1282 registrado pela equipe do Trecho 04 na cidade de Barra Velha (Santa Catarina), atraves de monitoramento do tipo Regular com a mare Vazante e vento Sudoeste. Espécie: Chelonia mydas, Juvenil Sim ,,,esta ameacada de extincao. Foi encontrado Morto em ambiente Arenoso com o Cod de carcaca 4 e Não apresentava oleo.</b><br>"
1283;"<b>Indivíduo de numero 1283 registrado pela equipe do Trecho 04 na cidade de Barra Velha (Santa Catarina), atraves de monitoramento do tipo Regular com a mare Vazante e vento Sudoeste. Espécie: Chelonia mydas, Juvenil Sim ,,,esta ameacada de extincao. Foi encontrado Morto em ambiente Arenoso com o Cod de carcaca 4 e Não apresentava oleo.</b><br>"
1284;"<b>Indivíduo de numero 1284 registrado pela equipe do Trecho 04 na cidade de Navegantes (Santa Catarina), atraves de monitoramento do tipo Regular com a mare Vazante e vento Oeste. Espécie: Chelonia mydas, Juvenil Sim ,,,esta ameacada de extincao. Foi encontrado Morto em ambiente Arenoso com o Cod de carcaca 4 e Não apresentava oleo.</b><br>"
1285;"<b>Indivíduo de numero 1285 registrado pela equipe do Trecho 04 na cidade de Itajaí (Santa Catarina), atraves de monitoramento do tipo Regular com a mare Vazante e vento Oeste. Espécie: Chelonia mydas, Juvenil Sim ,,,esta ameacada de extincao. Foi encontrado Morto em ambiente Arenoso com o Cod de carcaca 4 e Não apresentava oleo.</b><br>"
1286;"<b>Indivíduo de numero 1286 registrado pela equipe do Trecho 03 na cidade de Florianópolis (Santa Catarina), atraves de monitoramento do tipo Regular com a mare Vazante e vento Norte. Espécie: Chelonia mydas, Juvenil Sim ,,,esta ameacada de extincao. Foi encontrado Morto em ambiente Arenoso com o Cod de carcaca 4 e Não apresentava oleo.</b><br>"
1287;"<b>Indivíduo de numero 1287 registrado pela equipe do Trecho 03 na cidade de Florianópolis (Santa Catarina), atraves de monitoramento do tipo Regular com a mare Vazante e vento Norte. Espécie: Chelonia mydas, Juvenil Sim ,,,esta ameacada de extincao. Foi encontrado Morto em ambiente Arenoso com o Cod de carcaca 4 e Não apresentava oleo.</b><br>"
1288;"<b>Indivíduo de numero 1288 registrado pela equipe do Trecho 03 na cidade de Florianópolis (Santa Catarina), atraves de monitoramento do tipo Regular com a mare Vazante e vento Norte. Espécie: Spheniscus magellanicus, Juvenil Não ,,,esta ameacada de extincao. Foi encontrado Morto em ambiente Arenoso com o Cod de carcaca 4 e Não apresentava oleo.</b><br>"
1289;"<b>Indivíduo de numero 1289 registrado pela equipe do Trecho 03 na cidade de Florianópolis (Santa Catarina), atraves de monitoramento do tipo Acionamento com a mare Indeterminado e vento N/A. Espécie: Phimosus infuscatus, Juvenil Não ,,,esta ameacada de extincao. Foi encontrado Vivo em ambiente Outros com o Cod de carcaca 1 e Não apresentava oleo.</b><br>"
1290;"<b>Indivíduo de numero 1290 registrado pela equipe do Trecho 03 na cidade de Florianópolis (Santa Catarina), atraves de monitoramento do tipo Acionamento com a mare Enchente e vento Sul. Espécie: Spheniscus magellanicus, Juvenil Não ,,,esta ameacada de extincao. Foi encontrado Vivo em ambiente Outros com o Cod de carcaca 1 e Não apresentava oleo.</b><br>"
1291;"<b>Indivíduo de numero 1291 registrado pela equipe do Trecho 06 na cidade de Guaratuba (Paraná), atraves de monitoramento do tipo Acionamento com a mare Indeterminado e vento N/A. Espécie: Phimosus infuscatus, Juvenil Não ,,,esta ameacada de extincao. Foi encontrado Morto em ambiente Outros com o Cod de carcaca 4 e Não apresentava oleo.</b><br>"
1292;"<b>Indivíduo de numero 1292 registrado pela equipe do Trecho 06 na cidade de Guaratuba (Paraná), atraves de monitoramento do tipo Regular com a mare Vazante e vento Sudoeste. Espécie: Chelonia mydas, Juvenil Sim ,,,esta ameacada de extincao. Foi encontrado Morto em ambiente Arenoso com o Cod de carcaca 4 e Não apresentava oleo.</b><br>"
1293;"<b>Indivíduo de numero 1293 registrado pela equipe do Trecho 06 na cidade de Guaratuba (Paraná), atraves de monitoramento do tipo Regular com a mare Vazante e vento Sudoeste. Espécie: Chelonia mydas, Juvenil Sim ,,,esta ameacada de extincao. Foi encontrado Morto em ambiente Arenoso com o Cod de carcaca 4 e Não apresentava oleo.</b><br>"
1294;"<b>Indivíduo de numero 1294 registrado pela equipe do Trecho 03 na cidade de Florianópolis (Santa Catarina), atraves de monitoramento do tipo Regular com a mare Enchente e vento Sudeste. Espécie: Larus dominicanus, Adulto Não ,,,esta ameacada de extincao. Foi encontrado Morto em ambiente Arenoso com o Cod de carcaca 4 e Não apresentava oleo.</b><br>"
1295;"<b>Indivíduo de numero 1295 registrado pela equipe do Trecho 03 na cidade de Florianópolis (Santa Catarina), atraves de monitoramento do tipo Regular com a mare Enchente e vento Sudeste. Espécie: Chelonia mydas, Juvenil Sim ,,,esta ameacada de extincao. Foi encontrado Morto em ambiente Arenoso com o Cod de carcaca 4 e Não apresentava oleo.</b><br>"
1296;"<b>Indivíduo de numero 1296 registrado pela equipe do Trecho 03 na cidade de Florianópolis (Santa Catarina), atraves de monitoramento do tipo Acionamento com a mare Enchente e vento Sudeste. Espécie: Larus dominicanus, Adulto Não ,,,esta ameacada de extincao. Foi encontrado Vivo em ambiente Arenoso com o Cod de carcaca 1 e Não apresentava oleo.</b><br>"
1297;"<b>Indivíduo de numero 1297 registrado pela equipe do Trecho 03 na cidade de Florianópolis (Santa Catarina), atraves de monitoramento do tipo Regular com a mare Vazante e vento Sul. Espécie: Chelonia mydas, Juvenil Sim ,,,esta ameacada de extincao. Foi encontrado Morto em ambiente Arenoso com o Cod de carcaca 4 e Não apresentava oleo.</b><br>"
1298;"<b>Indivíduo de numero 1298 registrado pela equipe do Trecho 03 na cidade de Florianópolis (Santa Catarina), atraves de monitoramento do tipo Regular com a mare Vazante e vento Sul. Espécie: Larus dominicanus, Juvenil Não ,,,esta ameacada de extincao. Foi encontrado Morto em ambiente Arenoso com o Cod de carcaca 4 e Não apresentava oleo.</b><br>"
1299;"<b>Indivíduo de numero 1299 registrado pela equipe do Trecho 03 na cidade de Florianópolis (Santa Catarina), atraves de monitoramento do tipo Regular com a mare Vazante e vento Sul. Espécie: Spheniscus magellanicus, Juvenil Não ,,,esta ameacada de extincao. Foi encontrado Morto em ambiente Arenoso com o Cod de carcaca 4 e Não apresentava oleo.</b><br>"
1300;"<b>Indivíduo de numero 1300 registrado pela equipe do Trecho 05 na cidade de São Francisco Do Sul (Santa Catarina), atraves de monitoramento do tipo Regular com a mare Enchente e vento Sul. Espécie: Caretta caretta, Indeterminado Sim ,,,esta ameacada de extincao. Foi encontrado Morto em ambiente Arenoso com o Cod de carcaca 4 e Não apresentava oleo.</b><br>"
1301;"<b>Indivíduo de numero 1301 registrado pela equipe do Trecho 05 na cidade de São Francisco Do Sul (Santa Catarina), atraves de monitoramento do tipo Regular com a mare Enchente e vento Sul. Espécie: Caretta caretta, Indeterminado Sim ,,,esta ameacada de extincao. Foi encontrado Morto em ambiente Arenoso com o Cod de carcaca 4 e Não apresentava oleo.</b><br>"
1302;"<b>Indivíduo de numero 1302 registrado pela equipe do Trecho 06 na cidade de Matinhos,Pontal Do Paraná (Paraná), atraves de monitoramento do tipo Acionamento com a mare Enchente e vento Sul. Espécie: Chelonia mydas, Juvenil Sim ,,,esta ameacada de extincao. Foi encontrado Morto em ambiente Arenoso com o Cod de carcaca 5 e Não apresentava oleo.</b><br>"
1303;"<b>Indivíduo de numero 1303 registrado pela equipe do Trecho 06 na cidade de Matinhos,Pontal Do Paraná (Paraná), atraves de monitoramento do tipo Acionamento com a mare Enchente e vento Sudeste. Espécie: Chelonia mydas, Juvenil Sim ,,,esta ameacada de extincao. Foi encontrado Morto em ambiente Arenoso com o Cod de carcaca 4 e Não apresentava oleo.</b><br>"
1304;"<b>Indivíduo de numero 1304 registrado pela equipe do Trecho 06 na cidade de Matinhos (Paraná), atraves de monitoramento do tipo Regular com a mare Vazia e vento Sudeste. Espécie: Caretta caretta, Indeterminado Sim ,,,esta ameacada de extincao. Foi encontrado Morto em ambiente Arenoso com o Cod de carcaca 4 e Não apresentava oleo.</b><br>"
1305;"<b>Indivíduo de numero 1305 registrado pela equipe do Trecho 06 na cidade de Matinhos,Pontal Do Paraná (Paraná), atraves de monitoramento do tipo Regular com a mare Vazante e vento Sudeste. Espécie: Caretta caretta, Juvenil Sim ,,,esta ameacada de extincao. Foi encontrado Morto em ambiente Arenoso com o Cod de carcaca 4 e Não apresentava oleo.</b><br>"
1306;"<b>Indivíduo de numero 1306 registrado pela equipe do Trecho 06 na cidade de Matinhos,Pontal Do Paraná (Paraná), atraves de monitoramento do tipo Regular com a mare Vazante e vento Sudeste. Espécie: Puffinus puffinus, Indeterminado Não ,,,esta ameacada de extincao. Foi encontrado Morto em ambiente Arenoso com o Cod de carcaca 4 e Não apresentava oleo.</b><br>"
1307;"<b>Indivíduo de numero 1307 registrado pela equipe do Trecho 06 na cidade de Matinhos,Pontal Do Paraná (Paraná), atraves de monitoramento do tipo Regular com a mare Vazante e vento Sudeste. Espécie: Chelonia mydas, Juvenil Sim ,,,esta ameacada de extincao. Foi encontrado Morto em ambiente Arenoso com o Cod de carcaca 5 e Não apresentava oleo.</b><br>"
1308;"<b>Indivíduo de numero 1308 registrado pela equipe do Trecho 06 na cidade de Matinhos,Pontal Do Paraná (Paraná), atraves de monitoramento do tipo Regular com a mare Vazante e vento Sudeste. Espécie: Chelonia mydas, Juvenil Sim ,,,esta ameacada de extincao. Foi encontrado Morto em ambiente Arenoso com o Cod de carcaca 4 e Não apresentava oleo.</b><br>"
1309;"<b>Indivíduo de numero 1309 registrado pela equipe do Trecho 06 na cidade de Matinhos,Pontal Do Paraná (Paraná), atraves de monitoramento do tipo Regular com a mare Vazante e vento Sul. Espécie: Chelonia mydas, Juvenil Sim ,,,esta ameacada de extincao. Foi encontrado Morto em ambiente Arenoso com o Cod de carcaca 4 e Não apresentava oleo.</b><br>"
1310;"<b>Indivíduo de numero 1310 registrado pela equipe do Trecho 03 na cidade de Florianópolis (Santa Catarina), atraves de monitoramento do tipo Acionamento com a mare Indeterminado e vento Sul. Espécie: Phimosus infuscatus, Adulto Não ,,,esta ameacada de extincao. Foi encontrado Vivo em ambiente Outros com o Cod de carcaca 1 e Não apresentava oleo.</b><br>"
1311;"<b>Indivíduo de numero 1311 registrado pela equipe do Trecho 04 na cidade de Itapema (Santa Catarina), atraves de monitoramento do tipo Regular com a mare Enchente e vento Sudeste. Espécie: Chelonia mydas, Juvenil Sim ,,,esta ameacada de extincao. Foi encontrado Morto em ambiente Arenoso com o Cod de carcaca 4 e Não apresentava oleo.</b><br>"
1312;"<b>Indivíduo de numero 1312 registrado pela equipe do Trecho 04 na cidade de Itapema (Santa Catarina), atraves de monitoramento do tipo Regular com a mare Enchente e vento Sudeste. Espécie: Pontoporia blainvillei, Filhote Sim ,,,esta ameacada de extincao. Foi encontrado Morto em ambiente Arenoso com o Cod de carcaca 4 e Não apresentava oleo.</b><br>"
1313;"<b>Indivíduo de numero 1313 registrado pela equipe do Trecho 01 na cidade de Imbituba (Santa Catarina), atraves de monitoramento do tipo Regular com a mare Enchente e vento Sudoeste. Espécie: Larus dominicanus, Adulto Não ,,,esta ameacada de extincao. Foi encontrado Vivo em ambiente Arenoso com o Cod de carcaca 1 e Não apresentava oleo.</b><br>"
1314;"<b>Indivíduo de numero 1314 registrado pela equipe do Trecho 04 na cidade de Balneário Piçarras (Santa Catarina), atraves de monitoramento do tipo Acionamento com a mare Enchente e vento Oeste. Espécie: Chelonia mydas, Juvenil Sim ,,,esta ameacada de extincao. Foi encontrado Morto em ambiente Arenoso com o Cod de carcaca 4 e Não apresentava oleo.</b><br>"
1315;"<b>Indivíduo de numero 1315 registrado pela equipe do Trecho 04 na cidade de Balneário Piçarras (Santa Catarina), atraves de monitoramento do tipo Acionamento com a mare Vazante e vento Sudeste. Espécie: Chelonia mydas, Juvenil Sim ,,,esta ameacada de extincao. Foi encontrado Morto em ambiente Arenoso com o Cod de carcaca 4 e Não apresentava oleo.</b><br>"
1316;"<b>Indivíduo de numero 1316 registrado pela equipe do Trecho 04 na cidade de Balneário Piçarras (Santa Catarina), atraves de monitoramento do tipo Regular com a mare Vazante e vento Sudeste. Espécie: Chelonia mydas, Juvenil Sim ,,,esta ameacada de extincao. Foi encontrado Morto em ambiente Arenoso com o Cod de carcaca 4 e Não apresentava oleo.</b><br>"
1317;"<b>Indivíduo de numero 1317 registrado pela equipe do Trecho 05 na cidade de Itapoá (Santa Catarina), atraves de monitoramento do tipo Regular com a mare Vazante e vento Sul. Espécie: Sotalia guianensis, Indeterminado Sim ,,,esta ameacada de extincao. Foi encontrado Morto em ambiente Rochoso com o Cod de carcaca 4 e Não apresentava oleo.</b><br>"
1318;"<b>Indivíduo de numero 1318 registrado pela equipe do Trecho 05 na cidade de Itapoá (Santa Catarina), atraves de monitoramento do tipo Acionamento com a mare Vazia e vento Sul. Espécie: Caretta caretta, Indeterminado Sim ,,,esta ameacada de extincao. Foi encontrado Morto em ambiente Arenoso com o Cod de carcaca 4 e Não apresentava oleo.</b><br>"
1319;"<b>Indivíduo de numero 1319 registrado pela equipe do Trecho 04 na cidade de Porto Belo (Santa Catarina), atraves de monitoramento do tipo Regular com a mare Vazante e vento Noroeste. Espécie: Chelonia mydas, Juvenil Sim ,,,esta ameacada de extincao. Foi encontrado Morto em ambiente Arenoso com o Cod de carcaca 4 e Não apresentava oleo.</b><br>"
1320;"<b>Indivíduo de numero 1320 registrado pela equipe do Trecho 06 na cidade de Matinhos (Paraná), atraves de monitoramento do tipo Acionamento com a mare Enchente e vento Sudeste. Espécie: Chelonia mydas, Juvenil Sim ,,,esta ameacada de extincao. Foi encontrado Morto em ambiente Arenoso com o Cod de carcaca 4 e Não apresentava oleo.</b><br>"
1321;"<b>Indivíduo de numero 1321 registrado pela equipe do Trecho 06 na cidade de Guaratuba (Paraná), atraves de monitoramento do tipo Regular com a mare Vazante e vento Norte. Espécie: Chelonia mydas, Juvenil Sim ,,,esta ameacada de extincao. Foi encontrado Morto em ambiente Arenoso com o Cod de carcaca 4 e Não apresentava oleo.</b><br>"
1322;"<b>Indivíduo de numero 1322 registrado pela equipe do Trecho 05 na cidade de São Francisco Do Sul (Santa Catarina), atraves de monitoramento do tipo Regular com a mare Enchente e vento Sudeste. Espécie: Caretta caretta, Indeterminado Sim ,,,esta ameacada de extincao. Foi encontrado Morto em ambiente Arenoso com o Cod de carcaca 4 e Não apresentava oleo.</b><br>"
1323;"<b>Indivíduo de numero 1323 registrado pela equipe do Trecho 05 na cidade de São Francisco Do Sul (Santa Catarina), atraves de monitoramento do tipo Regular com a mare Enchente e vento Sudeste. Espécie: Pontoporia blainvillei, Filhote Sim ,,,esta ameacada de extincao. Foi encontrado Morto em ambiente Arenoso com o Cod de carcaca 4 e Não apresentava oleo.</b><br>"
1324;"<b>Indivíduo de numero 1324 registrado pela equipe do Trecho 01 na cidade de Imbituba (Santa Catarina), atraves de monitoramento do tipo Regular com a mare Enchente e vento Nordeste. Espécie: Larus dominicanus, Adulto Não ,,,esta ameacada de extincao. Foi encontrado Morto em ambiente Arenoso com o Cod de carcaca 5 e Não apresentava oleo.</b><br>"
1325;"<b>Indivíduo de numero 1325 registrado pela equipe do Trecho 06 na cidade de Matinhos,Pontal Do Paraná (Paraná), atraves de monitoramento do tipo Regular com a mare Vazante e vento Nordeste. Espécie: Chelonia mydas, Juvenil Sim ,,,esta ameacada de extincao. Foi encontrado Morto em ambiente Arenoso com o Cod de carcaca 4 e Não apresentava oleo.</b><br>"
1326;"<b>Indivíduo de numero 1326 registrado pela equipe do Trecho 06 na cidade de Matinhos,Pontal Do Paraná (Paraná), atraves de monitoramento do tipo Regular com a mare Vazante e vento Nordeste. Espécie: Procellaria aequinoctialis, Indeterminado Não ,,,esta ameacada de extincao. Foi encontrado Morto em ambiente Arenoso com o Cod de carcaca 4 e Não apresentava oleo.</b><br>"
1327;"<b>Indivíduo de numero 1327 registrado pela equipe do Trecho 03 na cidade de Florianópolis (Santa Catarina), atraves de monitoramento do tipo Regular com a mare Vazante e vento Noroeste. Espécie: Chelonia mydas, Juvenil Sim ,,,esta ameacada de extincao. Foi encontrado Morto em ambiente Arenoso com o Cod de carcaca 4 e Não apresentava oleo.</b><br>"
1328;"<b>Indivíduo de numero 1328 registrado pela equipe do Trecho 06 na cidade de Matinhos,Pontal Do Paraná (Paraná), atraves de monitoramento do tipo Acionamento com a mare Enchente e vento Sudoeste. Espécie: Caretta caretta, Juvenil Sim ,,,esta ameacada de extincao. Foi encontrado Morto em ambiente Água com o Cod de carcaca 2 e Não apresentava oleo.</b><br>"
1329;"<b>Indivíduo de numero 1329 registrado pela equipe do Trecho 05 na cidade de Itapoá (Santa Catarina), atraves de monitoramento do tipo Acionamento com a mare Vazante e vento Sudeste. Espécie: Larus dominicanus, Juvenil Não ,,,esta ameacada de extincao. Foi encontrado Vivo em ambiente Outros com o Cod de carcaca 1 e Não apresentava oleo.</b><br>"
1330;"<b>Indivíduo de numero 1330 registrado pela equipe do Trecho 04 na cidade de Navegantes (Santa Catarina), atraves de monitoramento do tipo Regular com a mare Vazante e vento Sudeste. Espécie: Chelonia mydas, Indeterminado Sim ,,,esta ameacada de extincao. Foi encontrado Morto em ambiente Arenoso com o Cod de carcaca 4 e Não apresentava oleo.</b><br>"
1331;"<b>Indivíduo de numero 1331 registrado pela equipe do Trecho 04 na cidade de Penha (Santa Catarina), atraves de monitoramento do tipo Regular com a mare Enchente e vento Sudeste. Espécie: Chelonia mydas, Juvenil Sim ,,,esta ameacada de extincao. Foi encontrado Morto em ambiente Arenoso com o Cod de carcaca 4 e Não apresentava oleo.</b><br>"
1332;"<b>Indivíduo de numero 1332 registrado pela equipe do Trecho 04 na cidade de Balneário Piçarras (Santa Catarina), atraves de monitoramento do tipo Regular com a mare Vazante e vento Sudeste. Espécie: Pontoporia blainvillei, Filhote Sim ,,,esta ameacada de extincao. Foi encontrado Morto em ambiente Arenoso com o Cod de carcaca 4 e Não apresentava oleo.</b><br>"
1333;"<b>Indivíduo de numero 1333 registrado pela equipe do Trecho 05 na cidade de Itapoá (Santa Catarina), atraves de monitoramento do tipo Acionamento com a mare Enchente e vento Sudeste. Espécie: Chelonia mydas, Indeterminado Sim ,,,esta ameacada de extincao. Foi encontrado Morto em ambiente Arenoso com o Cod de carcaca 4 e Não apresentava oleo.</b><br>"
1334;"<b>Indivíduo de numero 1334 registrado pela equipe do Trecho 05 na cidade de Itapoá (Santa Catarina), atraves de monitoramento do tipo Regular com a mare Vazia e vento Sudeste. Espécie: Chelonia mydas, Juvenil Sim ,,,esta ameacada de extincao. Foi encontrado Morto em ambiente Arenoso com o Cod de carcaca 4 e Não apresentava oleo.</b><br>"
1335;"<b>Indivíduo de numero 1335 registrado pela equipe do Trecho 05 na cidade de Itapoá (Santa Catarina), atraves de monitoramento do tipo Acionamento com a mare Vazia e vento Sudoeste. Espécie: Caretta caretta, Indeterminado Sim ,,,esta ameacada de extincao. Foi encontrado Morto em ambiente Água com o Cod de carcaca 4 e Não apresentava oleo.</b><br>"
1336;"<b>Indivíduo de numero 1336 registrado pela equipe do Trecho 05 na cidade de Itapoá (Santa Catarina), atraves de monitoramento do tipo Acionamento com a mare Vazia e vento Sudeste. Espécie: Chelonia mydas, Juvenil Sim ,,,esta ameacada de extincao. Foi encontrado Morto em ambiente Arenoso com o Cod de carcaca 4 e Não apresentava oleo.</b><br>"
1337;"<b>Indivíduo de numero 1337 registrado pela equipe do Trecho 01 na cidade de Imbituba (Santa Catarina), atraves de monitoramento do tipo Acionamento com a mare Vazante e vento Nordeste. Espécie: Caretta caretta, Adulto Sim ,,,esta ameacada de extincao. Foi encontrado Morto em ambiente Arenoso com o Cod de carcaca 4 e Não apresentava oleo.</b><br>"
1338;"<b>Indivíduo de numero 1338 registrado pela equipe do Trecho 04 na cidade de Penha (Santa Catarina), atraves de monitoramento do tipo Acionamento com a mare Vazia e vento Nordeste. Espécie: Chelonia mydas, Juvenil Sim ,,,esta ameacada de extincao. Foi encontrado Morto em ambiente Arenoso com o Cod de carcaca 2 e Não apresentava oleo.</b><br>"
1339;"<b>Indivíduo de numero 1339 registrado pela equipe do Trecho 03 na cidade de Florianópolis (Santa Catarina), atraves de monitoramento do tipo Acionamento com a mare Enchente e vento Noroeste. Espécie: Chelonia mydas, Indeterminado Sim ,,,esta ameacada de extincao. Foi encontrado Morto em ambiente Arenoso com o Cod de carcaca 4 e Não apresentava oleo.</b><br>"
1340;"<b>Indivíduo de numero 1340 registrado pela equipe do Trecho 03 na cidade de Florianópolis (Santa Catarina), atraves de monitoramento do tipo Acionamento com a mare Enchente e vento Nordeste. Espécie: Chelonia mydas, Juvenil Sim ,,,esta ameacada de extincao. Foi encontrado Morto em ambiente Arenoso com o Cod de carcaca 2 e Não apresentava oleo.</b><br>"
1341;"<b>Indivíduo de numero 1341 registrado pela equipe do Trecho 04 na cidade de Itajaí (Santa Catarina), atraves de monitoramento do tipo Acionamento com a mare Enchente e vento Sudeste. Espécie: Chelonia mydas, Juvenil Sim ,,,esta ameacada de extincao. Foi encontrado Morto em ambiente Arenoso com o Cod de carcaca 4 e Não apresentava oleo.</b><br>"
1342;"<b>Indivíduo de numero 1342 registrado pela equipe do Trecho 05 na cidade de Araquari,Balneário Barra Do Sul,Barra Velha (Santa Catarina), atraves de monitoramento do tipo Regular com a mare Enchente e vento Leste. Espécie: Chelonia mydas, Juvenil Sim ,,,esta ameacada de extincao. Foi encontrado Morto em ambiente Arenoso com o Cod de carcaca 3 e Não apresentava oleo.</b><br>"
1343;"<b>Indivíduo de numero 1343 registrado pela equipe do Trecho 01 na cidade de Laguna (Santa Catarina), atraves de monitoramento do tipo Regular com a mare Enchente e vento Nordeste. Espécie: Larus dominicanus, Adulto Não ,,,esta ameacada de extincao. Foi encontrado Morto em ambiente Arenoso com o Cod de carcaca 5 e Não apresentava oleo.</b><br>"
1344;"<b>Indivíduo de numero 1344 registrado pela equipe do Trecho 01 na cidade de Laguna (Santa Catarina), atraves de monitoramento do tipo Regular com a mare Enchente e vento Nordeste. Espécie: Puffinus puffinus, Adulto Não ,,,esta ameacada de extincao. Foi encontrado Morto em ambiente Arenoso com o Cod de carcaca 4 e Não apresentava oleo.</b><br>"
1345;"<b>Indivíduo de numero 1345 registrado pela equipe do Trecho 03 na cidade de Florianópolis (Santa Catarina), atraves de monitoramento do tipo Regular com a mare Vazante e vento Noroeste. Espécie: Fregata magnificens, Adulto Não ,,,esta ameacada de extincao. Foi encontrado Morto em ambiente Arenoso com o Cod de carcaca 4 e Não apresentava oleo.</b><br>"
1346;"<b>Indivíduo de numero 1346 registrado pela equipe do Trecho 03 na cidade de Florianópolis (Santa Catarina), atraves de monitoramento do tipo Acionamento com a mare Indeterminado e vento N/A. Espécie: Phimosus infuscatus, Filhote Não ,,,esta ameacada de extincao. Foi encontrado Vivo em ambiente Outros com o Cod de carcaca 1 e Não apresentava oleo.</b><br>"
1347;"<b>Indivíduo de numero 1347 registrado pela equipe do Trecho 06 na cidade de Guaraqueçaba (Paraná), atraves de monitoramento do tipo Regular com a mare Vazante e vento Sul. Espécie: Chelonia mydas, Juvenil Sim ,,,esta ameacada de extincao. Foi encontrado Morto em ambiente Arenoso com o Cod de carcaca 4 e Não apresentava oleo.</b><br>"
1348;"<b>Indivíduo de numero 1348 registrado pela equipe do Trecho 06 na cidade de Guaraqueçaba (Paraná), atraves de monitoramento do tipo Regular com a mare Vazante e vento Sul. Espécie: Caretta caretta, Juvenil Sim ,,,esta ameacada de extincao. Foi encontrado Morto em ambiente Arenoso com o Cod de carcaca 4 e Não apresentava oleo.</b><br>"
1350;"<b>Indivíduo de numero 1350 registrado pela equipe do Trecho 06 na cidade de Guaraqueçaba (Paraná), atraves de monitoramento do tipo Regular com a mare Vazante e vento Sul. Espécie: Chelonia mydas, Juvenil Sim ,,,esta ameacada de extincao. Foi encontrado Morto em ambiente Arenoso com o Cod de carcaca 2 e Não apresentava oleo.</b><br>"
1351;"<b>Indivíduo de numero 1351 registrado pela equipe do Trecho 06 na cidade de Guaraqueçaba (Paraná), atraves de monitoramento do tipo Regular com a mare Vazante e vento Sul. Espécie: Phalacrocorax brasilianus, Indeterminado Não ,,,esta ameacada de extincao. Foi encontrado Morto em ambiente Arenoso com o Cod de carcaca 5 e Não apresentava oleo.</b><br>"
1352;"<b>Indivíduo de numero 1352 registrado pela equipe do Trecho 05 na cidade de São Francisco Do Sul (Santa Catarina), atraves de monitoramento do tipo Regular com a mare Enchente e vento Nordeste. Espécie: Puffinus puffinus, Indeterminado Não ,,,esta ameacada de extincao. Foi encontrado Morto em ambiente Arenoso com o Cod de carcaca 4 e Não apresentava oleo.</b><br>"
1353;"<b>Indivíduo de numero 1353 registrado pela equipe do Trecho 05 na cidade de São Francisco Do Sul (Santa Catarina), atraves de monitoramento do tipo Regular com a mare Enchente e vento Nordeste. Espécie: Sula leucogaster, Indeterminado Não ,,,esta ameacada de extincao. Foi encontrado Morto em ambiente Arenoso com o Cod de carcaca 4 e Não apresentava oleo.</b><br>"
1354;"<b>Indivíduo de numero 1354 registrado pela equipe do Trecho 06 na cidade de Matinhos,Pontal Do Paraná (Paraná), atraves de monitoramento do tipo Regular com a mare Vazia e vento Noroeste. Espécie: Caretta caretta, Juvenil Sim ,,,esta ameacada de extincao. Foi encontrado Morto em ambiente Arenoso com o Cod de carcaca 4 e Não apresentava oleo.</b><br>"
1355;"<b>Indivíduo de numero 1355 registrado pela equipe do Trecho 06 na cidade de Matinhos,Pontal Do Paraná (Paraná), atraves de monitoramento do tipo Regular com a mare Vazante e vento Nordeste. Espécie: Caretta caretta, Juvenil Sim ,,,esta ameacada de extincao. Foi encontrado Morto em ambiente Arenoso com o Cod de carcaca 4 e Não apresentava oleo.</b><br>"
1356;"<b>Indivíduo de numero 1356 registrado pela equipe do Trecho 03 na cidade de Florianópolis (Santa Catarina), atraves de monitoramento do tipo Regular com a mare Enchente e vento Norte. Espécie: Chelonia mydas, Juvenil Sim ,,,esta ameacada de extincao. Foi encontrado Morto em ambiente Arenoso com o Cod de carcaca 4 e Não apresentava oleo.</b><br>"
1357;"<b>Indivíduo de numero 1357 registrado pela equipe do Trecho 06 na cidade de Guaraqueçaba (Paraná), atraves de monitoramento do tipo Regular com a mare Enchente e vento N/A. Espécie: Chelonia mydas, Juvenil Sim ,,,esta ameacada de extincao. Foi encontrado Morto em ambiente Arenoso com o Cod de carcaca 4 e Não apresentava oleo.</b><br>"
1358;"<b>Indivíduo de numero 1358 registrado pela equipe do Trecho 02 na cidade de Garopaba (Santa Catarina), atraves de monitoramento do tipo Regular com a mare Enchente e vento Nordeste. Espécie: Chelonia mydas, Juvenil Sim ,,,esta ameacada de extincao. Foi encontrado Morto em ambiente Arenoso com o Cod de carcaca 4 e Não apresentava oleo.</b><br>"
1359;"<b>Indivíduo de numero 1359 registrado pela equipe do Trecho 01 na cidade de Laguna (Santa Catarina), atraves de monitoramento do tipo Acionamento com a mare Vazante e vento Nordeste. Espécie: Stercorarius parasiticus, Adulto Não ,,,esta ameacada de extincao. Foi encontrado Vivo em ambiente Arenoso com o Cod de carcaca 1 e Não apresentava oleo.</b><br>"
1360;"<b>Indivíduo de numero 1360 registrado pela equipe do Trecho 05 na cidade de São Francisco Do Sul (Santa Catarina), atraves de monitoramento do tipo Regular com a mare Enchente e vento Sudeste. Espécie: Chelonia mydas, Juvenil Sim ,,,esta ameacada de extincao. Foi encontrado Morto em ambiente Arenoso com o Cod de carcaca 3 e Não apresentava oleo.</b><br>"
1361;"<b>Indivíduo de numero 1361 registrado pela equipe do Trecho 05 na cidade de São Francisco Do Sul (Santa Catarina), atraves de monitoramento do tipo Regular com a mare Enchente e vento Sudeste. Espécie: Sula leucogaster, Adulto Não ,,,esta ameacada de extincao. Foi encontrado Vivo em ambiente Arenoso com o Cod de carcaca 1 e Não apresentava oleo.</b><br>"
1362;"<b>Indivíduo de numero 1362 registrado pela equipe do Trecho 03 na cidade de Florianópolis (Santa Catarina), atraves de monitoramento do tipo Regular com a mare Enchente e vento Sul. Espécie: Chelonia mydas, Juvenil Sim ,,,esta ameacada de extincao. Foi encontrado Morto em ambiente Arenoso com o Cod de carcaca 4 e Não apresentava oleo.</b><br>"
1363;"<b>Indivíduo de numero 1363 registrado pela equipe do Trecho 05 na cidade de São Francisco Do Sul (Santa Catarina), atraves de monitoramento do tipo Regular com a mare Enchente e vento Sudeste. Espécie: Chelonia mydas, Juvenil Sim ,,,esta ameacada de extincao. Foi encontrado Morto em ambiente Arenoso com o Cod de carcaca 4 e Não apresentava oleo.</b><br>"
1364;"<b>Indivíduo de numero 1364 registrado pela equipe do Trecho 04 na cidade de Bombinhas (Santa Catarina), atraves de monitoramento do tipo Acionamento com a mare Enchente e vento Sul. Espécie: Chelonia mydas, Juvenil Sim ,,,esta ameacada de extincao. Foi encontrado Vivo em ambiente Arenoso com o Cod de carcaca 1 e Não apresentava oleo.</b><br>"
1365;"<b>Indivíduo de numero 1365 registrado pela equipe do Trecho 04 na cidade de Porto Belo (Santa Catarina), atraves de monitoramento do tipo Acionamento com a mare Enchente e vento Sul. Espécie: Spheniscus magellanicus, Juvenil Não ,,,esta ameacada de extincao. Foi encontrado Morto em ambiente Arenoso com o Cod de carcaca 4 e Não apresentava oleo.</b><br>"
1366;"<b>Indivíduo de numero 1366 registrado pela equipe do Trecho 01 na cidade de Imbituba (Santa Catarina), atraves de monitoramento do tipo Regular com a mare Enchente e vento Sudoeste. Espécie: Larus dominicanus, Juvenil Não ,,,esta ameacada de extincao. Foi encontrado Morto em ambiente Arenoso com o Cod de carcaca 2 e Não apresentava oleo.</b><br>"
1367;"<b>Indivíduo de numero 1367 registrado pela equipe do Trecho 06 na cidade de Paranaguá (Paraná), atraves de monitoramento do tipo Regular com a mare Enchente e vento N/A. Espécie: Caretta caretta, Juvenil Sim ,,,esta ameacada de extincao. Foi encontrado Morto em ambiente Arenoso com o Cod de carcaca 4 e Não apresentava oleo.</b><br>"
1368;"<b>Indivíduo de numero 1368 registrado pela equipe do Trecho 06 na cidade de Paranaguá (Paraná), atraves de monitoramento do tipo Regular com a mare Enchente e vento N/A. Espécie: Chelonia mydas, Juvenil Sim ,,,esta ameacada de extincao. Foi encontrado Morto em ambiente Arenoso com o Cod de carcaca 4 e Não apresentava oleo.</b><br>"
1369;"<b>Indivíduo de numero 1369 registrado pela equipe do Trecho 06 na cidade de Guaraqueçaba (Paraná), atraves de monitoramento do tipo Acionamento com a mare Vazia e vento Sudoeste. Espécie: Sula leucogaster, Adulto Não ,,,esta ameacada de extincao. Foi encontrado Vivo em ambiente Arenoso com o Cod de carcaca 1 e Não apresentava oleo.</b><br>"
1370;"<b>Indivíduo de numero 1370 registrado pela equipe do Trecho 06 na cidade de Guaraqueçaba (Paraná), atraves de monitoramento do tipo Regular com a mare Vazante e vento Oeste. Espécie: Chelonia mydas, Juvenil Sim ,,,esta ameacada de extincao. Foi encontrado Morto em ambiente Arenoso com o Cod de carcaca 4 e Não apresentava oleo.</b><br>"
1371;"<b>Indivíduo de numero 1371 registrado pela equipe do Trecho 06 na cidade de Guaraqueçaba (Paraná), atraves de monitoramento do tipo Regular com a mare Vazante e vento Oeste. Espécie: Chelonia mydas, Juvenil Sim ,,,esta ameacada de extincao. Foi encontrado Morto em ambiente Arenoso com o Cod de carcaca 4 e Não apresentava oleo.</b><br>"
1372;"<b>Indivíduo de numero 1372 registrado pela equipe do Trecho 06 na cidade de Guaratuba (Paraná), atraves de monitoramento do tipo Regular com a mare Enchente e vento Sudeste. Espécie: Chelonia mydas, Juvenil Sim ,,,esta ameacada de extincao. Foi encontrado Morto em ambiente Arenoso com o Cod de carcaca 4 e Não apresentava oleo.</b><br>"
1373;"<b>Indivíduo de numero 1373 registrado pela equipe do Trecho 01 na cidade de Imbituba (Santa Catarina), atraves de monitoramento do tipo Regular com a mare Enchente e vento Nordeste. Espécie: Puffinus puffinus, Adulto Não ,,,esta ameacada de extincao. Foi encontrado Morto em ambiente Arenoso com o Cod de carcaca 4 e Não apresentava oleo.</b><br>"
1374;"<b>Indivíduo de numero 1374 registrado pela equipe do Trecho 01 na cidade de Imbituba (Santa Catarina), atraves de monitoramento do tipo Regular com a mare Enchente e vento Nordeste. Espécie: Chelonia mydas, Juvenil Sim ,,,esta ameacada de extincao. Foi encontrado Morto em ambiente Arenoso com o Cod de carcaca 4 e Não apresentava oleo.</b><br>"
1375;"<b>Indivíduo de numero 1375 registrado pela equipe do Trecho 01 na cidade de Imbituba (Santa Catarina), atraves de monitoramento do tipo Regular com a mare Enchente e vento Nordeste. Espécie: Chelonia mydas, Juvenil Sim ,,,esta ameacada de extincao. Foi encontrado Morto em ambiente Arenoso com o Cod de carcaca 4 e Não apresentava oleo.</b><br>"
1376;"<b>Indivíduo de numero 1376 registrado pela equipe do Trecho 01 na cidade de Imbituba (Santa Catarina), atraves de monitoramento do tipo Regular com a mare Enchente e vento Nordeste. Espécie: Chelonia mydas, Juvenil Sim ,,,esta ameacada de extincao. Foi encontrado Morto em ambiente Arenoso com o Cod de carcaca 4 e Não apresentava oleo.</b><br>"
1377;"<b>Indivíduo de numero 1377 registrado pela equipe do Trecho 05 na cidade de Itapoá (Santa Catarina), atraves de monitoramento do tipo Regular com a mare Enchente e vento Norte. Espécie: Chelonia mydas, Indeterminado Sim ,,,esta ameacada de extincao. Foi encontrado Morto em ambiente Arenoso com o Cod de carcaca 4 e Não apresentava oleo.</b><br>"
1378;"<b>Indivíduo de numero 1378 registrado pela equipe do Trecho 05 na cidade de Itapoá (Santa Catarina), atraves de monitoramento do tipo Regular com a mare Enchente e vento Norte. Espécie: Sula leucogaster, Indeterminado Não ,,,esta ameacada de extincao. Foi encontrado Morto em ambiente Arenoso com o Cod de carcaca 4 e Não apresentava oleo.</b><br>"
1379;"<b>Indivíduo de numero 1379 registrado pela equipe do Trecho 03 na cidade de Florianópolis (Santa Catarina), atraves de monitoramento do tipo Regular com a mare Enchente e vento Norte. Espécie: Chelonia mydas, Juvenil Sim ,,,esta ameacada de extincao. Foi encontrado Morto em ambiente Arenoso com o Cod de carcaca 4 e Não apresentava oleo.</b><br>"
1380;"<b>Indivíduo de numero 1380 registrado pela equipe do Trecho 01 na cidade de Laguna (Santa Catarina), atraves de monitoramento do tipo Regular com a mare Enchente e vento Nordeste. Espécie: Larus dominicanus, Adulto Não ,,,esta ameacada de extincao. Foi encontrado Morto em ambiente Arenoso com o Cod de carcaca 4 e Não apresentava oleo.</b><br>"
1381;"<b>Indivíduo de numero 1381 registrado pela equipe do Trecho 06 na cidade de Paranaguá (Paraná), atraves de monitoramento do tipo Regular com a mare Enchente e vento Sudeste. Espécie: Chelonia mydas, Juvenil Sim ,,,esta ameacada de extincao. Foi encontrado Morto em ambiente Arenoso com o Cod de carcaca 4 e Não apresentava oleo.</b><br>"
1382;"<b>Indivíduo de numero 1382 registrado pela equipe do Trecho 04 na cidade de Penha (Santa Catarina), atraves de monitoramento do tipo Acionamento com a mare Enchente e vento Norte. Espécie: Chelonia mydas, Juvenil Sim ,,,esta ameacada de extincao. Foi encontrado Morto em ambiente Arenoso com o Cod de carcaca 4 e Não apresentava oleo.</b><br>"
1383;"<b>Indivíduo de numero 1383 registrado pela equipe do Trecho 04 na cidade de Penha (Santa Catarina), atraves de monitoramento do tipo Regular com a mare Enchente e vento Norte. Espécie: Chelonia mydas, Juvenil Sim ,,,esta ameacada de extincao. Foi encontrado Morto em ambiente Arenoso com o Cod de carcaca 4 e Não apresentava oleo.</b><br>"
1384;"<b>Indivíduo de numero 1384 registrado pela equipe do Trecho 04 na cidade de Penha (Santa Catarina), atraves de monitoramento do tipo Acionamento com a mare Enchente e vento Norte. Espécie: Caretta caretta, Juvenil Sim ,,,esta ameacada de extincao. Foi encontrado Morto em ambiente Arenoso com o Cod de carcaca 4 e Não apresentava oleo.</b><br>"
1385;"<b>Indivíduo de numero 1385 registrado pela equipe do Trecho 04 na cidade de Penha (Santa Catarina), atraves de monitoramento do tipo Regular com a mare Enchente e vento Norte. Espécie: Chelonia mydas, Juvenil Sim ,,,esta ameacada de extincao. Foi encontrado Morto em ambiente Arenoso com o Cod de carcaca 4 e Não apresentava oleo.</b><br>"
1386;"<b>Indivíduo de numero 1386 registrado pela equipe do Trecho 06 na cidade de Matinhos,Pontal Do Paraná (Paraná), atraves de monitoramento do tipo Regular com a mare Vazante e vento Sul. Espécie: Caretta caretta, Adulto Sim ,,,esta ameacada de extincao. Foi encontrado Morto em ambiente Arenoso com o Cod de carcaca 4 e Não apresentava oleo.</b><br>"
1387;"<b>Indivíduo de numero 1387 registrado pela equipe do Trecho 04 na cidade de Bombinhas (Santa Catarina), atraves de monitoramento do tipo Acionamento com a mare Enchente e vento Sudoeste. Espécie: Larus dominicanus, Juvenil Não ,,,esta ameacada de extincao. Foi encontrado Vivo em ambiente Arenoso com o Cod de carcaca 1 e Não apresentava oleo.</b><br>"
1388;"<b>Indivíduo de numero 1388 registrado pela equipe do Trecho 05 na cidade de Itapoá (Santa Catarina), atraves de monitoramento do tipo Acionamento com a mare Vazante e vento Nordeste. Espécie: Pterodroma incerta, Adulto Sim ,,,esta ameacada de extincao. Foi encontrado Vivo em ambiente Arenoso com o Cod de carcaca 1 e Não apresentava oleo.</b><br>"
1389;"<b>Indivíduo de numero 1389 registrado pela equipe do Trecho 06 na cidade de Pontal Do Paraná (Paraná), atraves de monitoramento do tipo Acionamento com a mare Enchente e vento Noroeste. Espécie: Chelonia mydas, Juvenil Sim ,,,esta ameacada de extincao. Foi encontrado Morto em ambiente Arenoso com o Cod de carcaca 4 e Não apresentava oleo.</b><br>"
1390;"<b>Indivíduo de numero 1390 registrado pela equipe do Trecho 04 na cidade de Governador Celso Ramos (Santa Catarina), atraves de monitoramento do tipo Acionamento com a mare Vazante e vento Sudeste. Espécie: Sotalia guianensis, Feto Sim ,,,esta ameacada de extincao. Foi encontrado Morto em ambiente Arenoso com o Cod de carcaca 4 e Não apresentava oleo.</b><br>"
1391;"<b>Indivíduo de numero 1391 registrado pela equipe do Trecho 05 na cidade de São Francisco Do Sul (Santa Catarina), atraves de monitoramento do tipo Regular com a mare Enchente e vento N/A. Espécie: Spheniscus magellanicus, Indeterminado Não ,,,esta ameacada de extincao. Foi encontrado Morto em ambiente Arenoso com o Cod de carcaca 4 e Não apresentava oleo.</b><br>"
1392;"<b>Indivíduo de numero 1392 registrado pela equipe do Trecho 05 na cidade de São Francisco Do Sul (Santa Catarina), atraves de monitoramento do tipo Acionamento com a mare Enchente e vento N/A. Espécie: Lepidochelys olivacea, Indeterminado Sim ,,,esta ameacada de extincao. Foi encontrado Morto em ambiente Arenoso com o Cod de carcaca 4 e Não apresentava oleo.</b><br>"
1393;"<b>Indivíduo de numero 1393 registrado pela equipe do Trecho 05 na cidade de São Francisco Do Sul (Santa Catarina), atraves de monitoramento do tipo Regular com a mare Enchente e vento N/A. Espécie: Larus dominicanus, Adulto Não ,,,esta ameacada de extincao. Foi encontrado Morto em ambiente Arenoso com o Cod de carcaca 2 e Não apresentava oleo.</b><br>"
1394;"<b>Indivíduo de numero 1394 registrado pela equipe do Trecho 01 na cidade de Laguna (Santa Catarina), atraves de monitoramento do tipo Regular com a mare Vazante e vento Nordeste. Espécie: Puffinus puffinus, Indeterminado Não ,,,esta ameacada de extincao. Foi encontrado Morto em ambiente Arenoso com o Cod de carcaca 5 e Não apresentava oleo.</b><br>"
1395;"<b>Indivíduo de numero 1395 registrado pela equipe do Trecho 01 na cidade de Imbituba (Santa Catarina), atraves de monitoramento do tipo Regular com a mare Enchente e vento Nordeste. Espécie: Larus dominicanus, Adulto Não ,,,esta ameacada de extincao. Foi encontrado Vivo em ambiente Arenoso com o Cod de carcaca 1 e Não apresentava oleo.</b><br>"
1396;"<b>Indivíduo de numero 1396 registrado pela equipe do Trecho 01 na cidade de Imbituba (Santa Catarina), atraves de monitoramento do tipo Regular com a mare Enchente e vento Nordeste. Espécie: Puffinus puffinus, Indeterminado Não ,,,esta ameacada de extincao. Foi encontrado Morto em ambiente Arenoso com o Cod de carcaca 4 e Não apresentava oleo.</b><br>"
1397;"<b>Indivíduo de numero 1397 registrado pela equipe do Trecho 01 na cidade de Laguna (Santa Catarina), atraves de monitoramento do tipo Regular com a mare Enchente e vento Nordeste. Espécie: Larus dominicanus, Adulto Não ,,,esta ameacada de extincao. Foi encontrado Vivo em ambiente Arenoso com o Cod de carcaca 1 e Não apresentava oleo.</b><br>"
1398;"<b>Indivíduo de numero 1398 registrado pela equipe do Trecho 03 na cidade de Florianópolis (Santa Catarina), atraves de monitoramento do tipo Regular com a mare Vazia e vento Sul. Espécie: Phalacrocorax brasilianus, Adulto Não ,,,esta ameacada de extincao. Foi encontrado Morto em ambiente Arenoso com o Cod de carcaca 4 e Não apresentava oleo.</b><br>"
1399;"<b>Indivíduo de numero 1399 registrado pela equipe do Trecho 04 na cidade de Bombinhas (Santa Catarina), atraves de monitoramento do tipo Acionamento com a mare Enchente e vento Nordeste. Espécie: Larus dominicanus, Adulto Não ,,,esta ameacada de extincao. Foi encontrado Vivo em ambiente Arenoso com o Cod de carcaca 1 e Não apresentava oleo.</b><br>"
1400;"<b>Indivíduo de numero 1400 registrado pela equipe do Trecho 04 na cidade de Penha (Santa Catarina), atraves de monitoramento do tipo Regular com a mare Enchente e vento Nordeste. Espécie: Chelonia mydas, Juvenil Sim ,,,esta ameacada de extincao. Foi encontrado Morto em ambiente Arenoso com o Cod de carcaca 4 e Não apresentava oleo.</b><br>"
1401;"<b>Indivíduo de numero 1401 registrado pela equipe do Trecho 04 na cidade de Penha (Santa Catarina), atraves de monitoramento do tipo Regular com a mare Enchente e vento Nordeste. Espécie: Chelonia mydas, Juvenil Sim ,,,esta ameacada de extincao. Foi encontrado Morto em ambiente Arenoso com o Cod de carcaca 4 e Não apresentava oleo.</b><br>"
1402;"<b>Indivíduo de numero 1402 registrado pela equipe do Trecho 04 na cidade de Penha (Santa Catarina), atraves de monitoramento do tipo Regular com a mare Enchente e vento Nordeste. Espécie: Sula leucogaster, Adulto Não ,,,esta ameacada de extincao. Foi encontrado Morto em ambiente Arenoso com o Cod de carcaca 4 e Não apresentava oleo.</b><br>"
1403;"<b>Indivíduo de numero 1403 registrado pela equipe do Trecho 04 na cidade de Balneário Piçarras (Santa Catarina), atraves de monitoramento do tipo Regular com a mare Enchente e vento Noroeste. Espécie: Sula leucogaster, Adulto Não ,,,esta ameacada de extincao. Foi encontrado Morto em ambiente Arenoso com o Cod de carcaca 4 e Não apresentava oleo.</b><br>"
1405;"<b>Indivíduo de numero 1405 registrado pela equipe do Trecho 02 na cidade de Garopaba (Santa Catarina), atraves de monitoramento do tipo Regular com a mare Enchente e vento Nordeste. Espécie: Chelonia mydas, Juvenil Sim ,,,esta ameacada de extincao. Foi encontrado Morto em ambiente Arenoso com o Cod de carcaca 5 e Não apresentava oleo.</b><br>"
1406;"<b>Indivíduo de numero 1406 registrado pela equipe do Trecho 04 na cidade de Itajaí (Santa Catarina), atraves de monitoramento do tipo Acionamento com a mare Enchente e vento Sudoeste. Espécie: Larus dominicanus, Juvenil Não ,,,esta ameacada de extincao. Foi encontrado Vivo em ambiente Outros com o Cod de carcaca 1 e Não apresentava oleo.</b><br>"
1407;"<b>Indivíduo de numero 1407 registrado pela equipe do Trecho 04 na cidade de Itapema (Santa Catarina), atraves de monitoramento do tipo Regular com a mare Enchente e vento N/A. Espécie: Chelonia mydas, Juvenil Sim ,,,esta ameacada de extincao. Foi encontrado Morto em ambiente Arenoso com o Cod de carcaca 4 e Não apresentava oleo.</b><br>"
1408;"<b>Indivíduo de numero 1408 registrado pela equipe do Trecho 05 na cidade de Itapoá (Santa Catarina), atraves de monitoramento do tipo Regular com a mare Vazia e vento N/A. Espécie: Larus dominicanus, Indeterminado Não ,,,esta ameacada de extincao. Foi encontrado Morto em ambiente Arenoso com o Cod de carcaca 5 e Não apresentava oleo.</b><br>"
1409;"<b>Indivíduo de numero 1409 registrado pela equipe do Trecho 04 na cidade de Governador Celso Ramos (Santa Catarina), atraves de monitoramento do tipo Acionamento com a mare Vazante e vento Sudeste. Espécie: Sotalia guianensis, Adulto Sim ,,,esta ameacada de extincao. Foi encontrado Morto em ambiente Arenoso com o Cod de carcaca 4 e Não apresentava oleo.</b><br>"
1410;"<b>Indivíduo de numero 1410 registrado pela equipe do Trecho 01 na cidade de Imbituba (Santa Catarina), atraves de monitoramento do tipo Acionamento com a mare Vazante e vento Nordeste. Espécie: Chelonia mydas, Juvenil Sim ,,,esta ameacada de extincao. Foi encontrado Vivo em ambiente Arenoso com o Cod de carcaca 1 e Não apresentava oleo.</b><br>"
1411;"<b>Indivíduo de numero 1411 registrado pela equipe do Trecho 05 na cidade de São Francisco Do Sul (Santa Catarina), atraves de monitoramento do tipo Regular com a mare Enchente e vento Nordeste. Espécie: Chelonia mydas, Juvenil Sim ,,,esta ameacada de extincao. Foi encontrado Morto em ambiente Arenoso com o Cod de carcaca 4 e Não apresentava oleo.</b><br>"
1412;"<b>Indivíduo de numero 1412 registrado pela equipe do Trecho 05 na cidade de Araquari,Balneário Barra Do Sul,Barra Velha (Santa Catarina), atraves de monitoramento do tipo Regular com a mare Cheia e vento Nordeste. Espécie: Chelonia mydas, Indeterminado Sim ,,,esta ameacada de extincao. Foi encontrado Morto em ambiente Arenoso com o Cod de carcaca 4 e Não apresentava oleo.</b><br>"
1413;"<b>Indivíduo de numero 1413 registrado pela equipe do Trecho 05 na cidade de São Francisco Do Sul (Santa Catarina), atraves de monitoramento do tipo Regular com a mare Enchente e vento Nordeste. Espécie: Fregata magnificens, Adulto Não ,,,esta ameacada de extincao. Foi encontrado Vivo em ambiente Arenoso com o Cod de carcaca 1 e Não apresentava oleo.</b><br>"
1414;"<b>Indivíduo de numero 1414 registrado pela equipe do Trecho 03 na cidade de Florianópolis (Santa Catarina), atraves de monitoramento do tipo Regular com a mare Enchente e vento Sul. Espécie: Sterna hirundo, Juvenil Não ,,,esta ameacada de extincao. Foi encontrado Vivo em ambiente Arenoso com o Cod de carcaca 1 e Não apresentava oleo.</b><br>"
1415;"<b>Indivíduo de numero 1415 registrado pela equipe do Trecho 03 na cidade de Florianópolis (Santa Catarina), atraves de monitoramento do tipo Regular com a mare Enchente e vento Sul. Espécie: Chelonia mydas, Juvenil Sim ,,,esta ameacada de extincao. Foi encontrado Morto em ambiente Arenoso com o Cod de carcaca 4 e Não apresentava oleo.</b><br>"
1416;"<b>Indivíduo de numero 1416 registrado pela equipe do Trecho 05 na cidade de São Francisco Do Sul (Santa Catarina), atraves de monitoramento do tipo Regular com a mare Enchente e vento Nordeste. Espécie: Puffinus puffinus, Indeterminado Não ,,,esta ameacada de extincao. Foi encontrado Morto em ambiente Arenoso com o Cod de carcaca 4 e Não apresentava oleo.</b><br>"
1417;"<b>Indivíduo de numero 1417 registrado pela equipe do Trecho 05 na cidade de São Francisco Do Sul (Santa Catarina), atraves de monitoramento do tipo Regular com a mare Enchente e vento Nordeste. Espécie: Spheniscus magellanicus, Indeterminado Não ,,,esta ameacada de extincao. Foi encontrado Morto em ambiente Arenoso com o Cod de carcaca 4 e Não apresentava oleo.</b><br>"
1418;"<b>Indivíduo de numero 1418 registrado pela equipe do Trecho 05 na cidade de São Francisco Do Sul (Santa Catarina), atraves de monitoramento do tipo Regular com a mare Enchente e vento Nordeste. Espécie: Spheniscus magellanicus, Indeterminado Não ,,,esta ameacada de extincao. Foi encontrado Morto em ambiente Arenoso com o Cod de carcaca 4 e Não apresentava oleo.</b><br>"
1419;"<b>Indivíduo de numero 1419 registrado pela equipe do Trecho 05 na cidade de São Francisco Do Sul (Santa Catarina), atraves de monitoramento do tipo Regular com a mare Enchente e vento Nordeste. Espécie: Oceanites oceanicus, Adulto Não ,,,esta ameacada de extincao. Foi encontrado Vivo em ambiente Arenoso com o Cod de carcaca 1 e Não apresentava oleo.</b><br>"
1420;"<b>Indivíduo de numero 1420 registrado pela equipe do Trecho 05 na cidade de São Francisco Do Sul (Santa Catarina), atraves de monitoramento do tipo Regular com a mare Enchente e vento Nordeste. Espécie: Chelonia mydas, Indeterminado Sim ,,,esta ameacada de extincao. Foi encontrado Morto em ambiente Arenoso com o Cod de carcaca 4 e Não apresentava oleo.</b><br>"
1421;"<b>Indivíduo de numero 1421 registrado pela equipe do Trecho 05 na cidade de São Francisco Do Sul (Santa Catarina), atraves de monitoramento do tipo Regular com a mare Enchente e vento Nordeste. Espécie: Spheniscus magellanicus, Indeterminado Não ,,,esta ameacada de extincao. Foi encontrado Morto em ambiente Arenoso com o Cod de carcaca 4 e Não apresentava oleo.</b><br>"
1422;"<b>Indivíduo de numero 1422 registrado pela equipe do Trecho 05 na cidade de São Francisco Do Sul (Santa Catarina), atraves de monitoramento do tipo Regular com a mare Enchente e vento Nordeste. Espécie: Pontoporia blainvillei, Filhote Sim ,,,esta ameacada de extincao. Foi encontrado Morto em ambiente Arenoso com o Cod de carcaca 4 e Não apresentava oleo.</b><br>"
1423;"<b>Indivíduo de numero 1423 registrado pela equipe do Trecho 05 na cidade de São Francisco Do Sul (Santa Catarina), atraves de monitoramento do tipo Regular com a mare Enchente e vento Nordeste. Espécie: Chelonia mydas, Juvenil Sim ,,,esta ameacada de extincao. Foi encontrado Vivo em ambiente Arenoso com o Cod de carcaca 1 e Não apresentava oleo.</b><br>"
1424;"<b>Indivíduo de numero 1424 registrado pela equipe do Trecho 01 na cidade de Imbituba (Santa Catarina), atraves de monitoramento do tipo Regular com a mare Enchente e vento Nordeste. Espécie: Puffinus puffinus, Indeterminado Não ,,,esta ameacada de extincao. Foi encontrado Morto em ambiente Arenoso com o Cod de carcaca 5 e Não apresentava oleo.</b><br>"
1425;"<b>Indivíduo de numero 1425 registrado pela equipe do Trecho 01 na cidade de Imbituba (Santa Catarina), atraves de monitoramento do tipo Regular com a mare Enchente e vento Nordeste. Espécie: Larus dominicanus, Juvenil Não ,,,esta ameacada de extincao. Foi encontrado Morto em ambiente Arenoso com o Cod de carcaca 5 e Não apresentava oleo.</b><br>"
1426;"<b>Indivíduo de numero 1426 registrado pela equipe do Trecho 01 na cidade de Imbituba (Santa Catarina), atraves de monitoramento do tipo Regular com a mare Enchente e vento Nordeste. Espécie: Spheniscus magellanicus, Juvenil Não ,,,esta ameacada de extincao. Foi encontrado Morto em ambiente Arenoso com o Cod de carcaca 4 e Não apresentava oleo.</b><br>"
1427;"<b>Indivíduo de numero 1427 registrado pela equipe do Trecho 04 na cidade de Bombinhas (Santa Catarina), atraves de monitoramento do tipo Regular com a mare Enchente e vento Sudoeste. Espécie: Chelonia mydas, Juvenil Sim ,,,esta ameacada de extincao. Foi encontrado Morto em ambiente Arenoso com o Cod de carcaca 4 e Não apresentava oleo.</b><br>"
1428;"<b>Indivíduo de numero 1428 registrado pela equipe do Trecho 01 na cidade de Imbituba (Santa Catarina), atraves de monitoramento do tipo Acionamento com a mare Enchente e vento Sul. Espécie: Chelonia mydas, Juvenil Sim ,,,esta ameacada de extincao. Foi encontrado Morto em ambiente Outros com o Cod de carcaca 3 e Não apresentava oleo.</b><br>"
1429;"<b>Indivíduo de numero 1429 registrado pela equipe do Trecho 06 na cidade de Matinhos,Pontal Do Paraná (Paraná), atraves de monitoramento do tipo Regular com a mare Enchente e vento Sudoeste. Espécie: Procellaria aequinoctialis, Juvenil Não ,,,esta ameacada de extincao. Foi encontrado Morto em ambiente Arenoso com o Cod de carcaca 3 e Não apresentava oleo.</b><br>"
1430;"<b>Indivíduo de numero 1430 registrado pela equipe do Trecho 02 na cidade de Paulo Lopes (Santa Catarina), atraves de monitoramento do tipo Regular com a mare Enchente e vento Nordeste. Espécie: Spheniscus magellanicus, Juvenil Não ,,,esta ameacada de extincao. Foi encontrado Morto em ambiente Arenoso com o Cod de carcaca 4 e Não apresentava oleo.</b><br>"
1431;"<b>Indivíduo de numero 1431 registrado pela equipe do Trecho 05 na cidade de Itapoá (Santa Catarina), atraves de monitoramento do tipo Regular com a mare Enchente e vento N/A. Espécie: Caretta caretta, Indeterminado Sim ,,,esta ameacada de extincao. Foi encontrado Morto em ambiente Arenoso com o Cod de carcaca 4 e Não apresentava oleo.</b><br>"
1432;"<b>Indivíduo de numero 1432 registrado pela equipe do Trecho 04 na cidade de Governador Celso Ramos (Santa Catarina), atraves de monitoramento do tipo Regular com a mare Enchente e vento Noroeste. Espécie: Chelonia mydas, Juvenil Sim ,,,esta ameacada de extincao. Foi encontrado Morto em ambiente Arenoso com o Cod de carcaca 4 e Não apresentava oleo.</b><br>"
1433;"<b>Indivíduo de numero 1433 registrado pela equipe do Trecho 05 na cidade de São Francisco Do Sul (Santa Catarina), atraves de monitoramento do tipo Regular com a mare Enchente e vento Nordeste. Espécie: Larus dominicanus, Adulto Não ,,,esta ameacada de extincao. Foi encontrado Vivo em ambiente Arenoso com o Cod de carcaca 1 e Não apresentava oleo.</b><br>"
1434;"<b>Indivíduo de numero 1434 registrado pela equipe do Trecho 06 na cidade de Guaratuba (Paraná), atraves de monitoramento do tipo Acionamento com a mare Enchente e vento Sudeste. Espécie: Fregata magnificens, Adulto Não ,,,esta ameacada de extincao. Foi encontrado Vivo em ambiente Outros com o Cod de carcaca 1 e Não apresentava oleo.</b><br>"
1435;"<b>Indivíduo de numero 1435 registrado pela equipe do Trecho 03 na cidade de Florianópolis (Santa Catarina), atraves de monitoramento do tipo Acionamento com a mare Indeterminado e vento Sul. Espécie: Phimosus infuscatus, Adulto Não ,,,esta ameacada de extincao. Foi encontrado Morto em ambiente Outros com o Cod de carcaca 3 e Não apresentava oleo.</b><br>"
1436;"<b>Indivíduo de numero 1436 registrado pela equipe do Trecho 05 na cidade de Araquari,Balneário Barra Do Sul,Barra Velha (Santa Catarina), atraves de monitoramento do tipo Regular com a mare Enchente e vento Sudeste. Espécie: Lepidochelys olivacea, Adulto Sim ,,,esta ameacada de extincao. Foi encontrado Morto em ambiente Rochoso com o Cod de carcaca 4 e Não apresentava oleo.</b><br>"
1437;"<b>Indivíduo de numero 1437 registrado pela equipe do Trecho 06 na cidade de Pontal Do Paraná (Paraná), atraves de monitoramento do tipo Acionamento com a mare Vazante e vento Sudeste. Espécie: Chelonia mydas, Juvenil Sim ,,,esta ameacada de extincao. Foi encontrado Morto em ambiente Outros com o Cod de carcaca 4 e Não apresentava oleo.</b><br>"
1438;"<b>Indivíduo de numero 1438 registrado pela equipe do Trecho 03 na cidade de Florianópolis (Santa Catarina), atraves de monitoramento do tipo Regular com a mare Enchente e vento Sul. Espécie: Spheniscus magellanicus, Juvenil Não ,,,esta ameacada de extincao. Foi encontrado Morto em ambiente Arenoso com o Cod de carcaca 4 e Não apresentava oleo.</b><br>"
1439;"<b>Indivíduo de numero 1439 registrado pela equipe do Trecho 03 na cidade de Florianópolis (Santa Catarina), atraves de monitoramento do tipo Regular com a mare Enchente e vento Sul. Espécie: Chelonia mydas, Juvenil Sim ,,,esta ameacada de extincao. Foi encontrado Morto em ambiente Arenoso com o Cod de carcaca 4 e Não apresentava oleo.</b><br>"
1440;"<b>Indivíduo de numero 1440 registrado pela equipe do Trecho 03 na cidade de Florianópolis (Santa Catarina), atraves de monitoramento do tipo Regular com a mare Enchente e vento Sul. Espécie: Chelonia mydas, Juvenil Sim ,,,esta ameacada de extincao. Foi encontrado Morto em ambiente Arenoso com o Cod de carcaca 4 e Não apresentava oleo.</b><br>"
1441;"<b>Indivíduo de numero 1441 registrado pela equipe do Trecho 03 na cidade de Florianópolis (Santa Catarina), atraves de monitoramento do tipo Regular com a mare Enchente e vento Sul. Espécie: Spheniscus magellanicus, Juvenil Não ,,,esta ameacada de extincao. Foi encontrado Morto em ambiente Arenoso com o Cod de carcaca 4 e Não apresentava oleo.</b><br>"
1442;"<b>Indivíduo de numero 1442 registrado pela equipe do Trecho 05 na cidade de São Francisco Do Sul (Santa Catarina), atraves de monitoramento do tipo Acionamento com a mare Enchente e vento Sul. Espécie: Larus dominicanus, Indeterminado Não ,,,esta ameacada de extincao. Foi encontrado Vivo em ambiente Arenoso com o Cod de carcaca 1 e Não apresentava oleo.</b><br>"
1443;"<b>Indivíduo de numero 1443 registrado pela equipe do Trecho 05 na cidade de São Francisco Do Sul (Santa Catarina), atraves de monitoramento do tipo Acionamento com a mare Enchente e vento Sul. Espécie: Larus dominicanus, Juvenil Não ,,,esta ameacada de extincao. Foi encontrado Vivo em ambiente Arenoso com o Cod de carcaca 1 e Não apresentava oleo.</b><br>"
1444;"<b>Indivíduo de numero 1444 registrado pela equipe do Trecho 05 na cidade de São Francisco Do Sul (Santa Catarina), atraves de monitoramento do tipo Regular com a mare Enchente e vento Sudeste. Espécie: Caretta caretta, Indeterminado Sim ,,,esta ameacada de extincao. Foi encontrado Morto em ambiente Arenoso com o Cod de carcaca 4 e Não apresentava oleo.</b><br>"
1445;"<b>Indivíduo de numero 1445 registrado pela equipe do Trecho 06 na cidade de Paranaguá (Paraná), atraves de monitoramento do tipo Acionamento com a mare Vazante e vento Sudeste. Espécie: Sula leucogaster, Juvenil Não ,,,esta ameacada de extincao. Foi encontrado Vivo em ambiente Outros com o Cod de carcaca 1 e Não apresentava oleo.</b><br>"
1446;"<b>Indivíduo de numero 1446 registrado pela equipe do Trecho 06 na cidade de Matinhos,Pontal Do Paraná (Paraná), atraves de monitoramento do tipo Regular com a mare Enchente e vento Sul. Espécie: Chelonia mydas, Juvenil Sim ,,,esta ameacada de extincao. Foi encontrado Morto em ambiente Arenoso com o Cod de carcaca 3 e Não apresentava oleo.</b><br>"
1447;"<b>Indivíduo de numero 1447 registrado pela equipe do Trecho 04 na cidade de Bombinhas (Santa Catarina), atraves de monitoramento do tipo Regular com a mare Enchente e vento Sudeste. Espécie: Chelonia mydas, Juvenil Sim ,,,esta ameacada de extincao. Foi encontrado Morto em ambiente Arenoso com o Cod de carcaca 4 e Não apresentava oleo.</b><br>"
1448;"<b>Indivíduo de numero 1448 registrado pela equipe do Trecho 04 na cidade de Bombinhas (Santa Catarina), atraves de monitoramento do tipo Regular com a mare Enchente e vento Sudeste. Espécie: Chelonia mydas, Juvenil Sim ,,,esta ameacada de extincao. Foi encontrado Morto em ambiente Arenoso com o Cod de carcaca 4 e Não apresentava oleo.</b><br>"
1449;"<b>Indivíduo de numero 1449 registrado pela equipe do Trecho 04 na cidade de Barra Velha (Santa Catarina), atraves de monitoramento do tipo Regular com a mare Enchente e vento Noroeste. Espécie: Chelonia mydas, Juvenil Sim ,,,esta ameacada de extincao. Foi encontrado Morto em ambiente Arenoso com o Cod de carcaca 4 e Não apresentava oleo.</b><br>"
1451;"<b>Indivíduo de numero 1451 registrado pela equipe do Trecho 03 na cidade de Florianópolis (Santa Catarina), atraves de monitoramento do tipo Regular com a mare Enchente e vento Sul. Espécie: Otaria flavescens, Adulto Não ,,,esta ameacada de extincao. Foi encontrado Morto em ambiente Arenoso com o Cod de carcaca 4 e Não apresentava oleo.</b><br>"
1452;"<b>Indivíduo de numero 1452 registrado pela equipe do Trecho 01 na cidade de Laguna (Santa Catarina), atraves de monitoramento do tipo Regular com a mare Vazante e vento Sul. Espécie: Spheniscus magellanicus, Juvenil Não ,,,esta ameacada de extincao. Foi encontrado Morto em ambiente Arenoso com o Cod de carcaca 4 e Não apresentava oleo.</b><br>"
1453;"<b>Indivíduo de numero 1453 registrado pela equipe do Trecho 01 na cidade de Laguna (Santa Catarina), atraves de monitoramento do tipo Regular com a mare Vazante e vento Sul. Espécie: Larus dominicanus, Adulto Não ,,,esta ameacada de extincao. Foi encontrado Morto em ambiente Arenoso com o Cod de carcaca 4 e Não apresentava oleo.</b><br>"
1454;"<b>Indivíduo de numero 1454 registrado pela equipe do Trecho 01 na cidade de Imbituba (Santa Catarina), atraves de monitoramento do tipo Regular com a mare Cheia e vento Sul. Espécie: Spheniscus magellanicus, Juvenil Não ,,,esta ameacada de extincao. Foi encontrado Morto em ambiente Arenoso com o Cod de carcaca 4 e Não apresentava oleo.</b><br>"
1455;"<b>Indivíduo de numero 1455 registrado pela equipe do Trecho 01 na cidade de Imbituba (Santa Catarina), atraves de monitoramento do tipo Regular com a mare Cheia e vento Sul. Espécie: Puffinus puffinus, Adulto Não ,,,esta ameacada de extincao. Foi encontrado Morto em ambiente Arenoso com o Cod de carcaca 3 e Não apresentava oleo.</b><br>"
1456;"<b>Indivíduo de numero 1456 registrado pela equipe do Trecho 01 na cidade de Imbituba (Santa Catarina), atraves de monitoramento do tipo Regular com a mare Cheia e vento Sul. Espécie: Larus dominicanus, Adulto Não ,,,esta ameacada de extincao. Foi encontrado Morto em ambiente Arenoso com o Cod de carcaca 5 e Não apresentava oleo.</b><br>"
1457;"<b>Indivíduo de numero 1457 registrado pela equipe do Trecho 03 na cidade de Florianópolis (Santa Catarina), atraves de monitoramento do tipo Regular com a mare Enchente e vento Sul. Espécie: Caretta caretta, Juvenil Sim ,,,esta ameacada de extincao. Foi encontrado Morto em ambiente Arenoso com o Cod de carcaca 4 e Não apresentava oleo.</b><br>"
1458;"<b>Indivíduo de numero 1458 registrado pela equipe do Trecho 03 na cidade de Florianópolis (Santa Catarina), atraves de monitoramento do tipo Regular com a mare Enchente e vento Sul. Espécie: Procellaria aequinoctialis, Juvenil Não ,,,esta ameacada de extincao. Foi encontrado Morto em ambiente Arenoso com o Cod de carcaca 4 e Não apresentava oleo.</b><br>"
1459;"<b>Indivíduo de numero 1459 registrado pela equipe do Trecho 03 na cidade de Florianópolis (Santa Catarina), atraves de monitoramento do tipo Regular com a mare Enchente e vento Sul. Espécie: Spheniscus magellanicus, Juvenil Não ,,,esta ameacada de extincao. Foi encontrado Morto em ambiente Arenoso com o Cod de carcaca 4 e Não apresentava oleo.</b><br>"
1460;"<b>Indivíduo de numero 1460 registrado pela equipe do Trecho 03 na cidade de Florianópolis (Santa Catarina), atraves de monitoramento do tipo Regular com a mare Enchente e vento Sul. Espécie: Chelonia mydas, Juvenil Sim ,,,esta ameacada de extincao. Foi encontrado Morto em ambiente Arenoso com o Cod de carcaca 5 e Não apresentava oleo.</b><br>"
1461;"<b>Indivíduo de numero 1461 registrado pela equipe do Trecho 03 na cidade de Florianópolis (Santa Catarina), atraves de monitoramento do tipo Regular com a mare Enchente e vento Sul. Espécie: Caretta caretta, Juvenil Sim ,,,esta ameacada de extincao. Foi encontrado Morto em ambiente Arenoso com o Cod de carcaca 4 e Não apresentava oleo.</b><br>"
1462;"<b>Indivíduo de numero 1462 registrado pela equipe do Trecho 05 na cidade de Araquari,Balneário Barra Do Sul,Barra Velha (Santa Catarina), atraves de monitoramento do tipo Regular com a mare Vazante e vento Sul. Espécie: Spheniscus magellanicus, Indeterminado Não ,,,esta ameacada de extincao. Foi encontrado Morto em ambiente Arenoso com o Cod de carcaca 4 e Não apresentava oleo.</b><br>"
1463;"<b>Indivíduo de numero 1463 registrado pela equipe do Trecho 06 na cidade de Matinhos (Paraná), atraves de monitoramento do tipo Acionamento com a mare Indeterminado e vento Sul. Espécie: Chelonia mydas, Juvenil Sim ,,,esta ameacada de extincao. Foi encontrado Morto em ambiente Arenoso com o Cod de carcaca 4 e Não apresentava oleo.</b><br>"
1464;"<b>Indivíduo de numero 1464 registrado pela equipe do Trecho 06 na cidade de Guaratuba (Paraná), atraves de monitoramento do tipo Regular com a mare Cheia e vento Sul. Espécie: Chelonia mydas, Juvenil Sim ,,,esta ameacada de extincao. Foi encontrado Morto em ambiente Arenoso com o Cod de carcaca 4 e Não apresentava oleo.</b><br>"
1465;"<b>Indivíduo de numero 1465 registrado pela equipe do Trecho 06 na cidade de Guaraqueçaba (Paraná), atraves de monitoramento do tipo Regular com a mare Vazante e vento Sul. Espécie: Puffinus puffinus, Indeterminado Não ,,,esta ameacada de extincao. Foi encontrado Morto em ambiente Arenoso com o Cod de carcaca 4 e Não apresentava oleo.</b><br>"
1466;"<b>Indivíduo de numero 1466 registrado pela equipe do Trecho 06 na cidade de Guaraqueçaba (Paraná), atraves de monitoramento do tipo Regular com a mare Vazante e vento Sul. Espécie: Puffinus puffinus, Indeterminado Não ,,,esta ameacada de extincao. Foi encontrado Morto em ambiente Arenoso com o Cod de carcaca 4 e Não apresentava oleo.</b><br>"
1467;"<b>Indivíduo de numero 1467 registrado pela equipe do Trecho 06 na cidade de Guaraqueçaba (Paraná), atraves de monitoramento do tipo Regular com a mare Vazante e vento Sul. Espécie: Pontoporia blainvillei, Indeterminado Sim ,,,esta ameacada de extincao. Foi encontrado Morto em ambiente Arenoso com o Cod de carcaca 5 e Não apresentava oleo.</b><br>"
1468;"<b>Indivíduo de numero 1468 registrado pela equipe do Trecho 06 na cidade de Guaraqueçaba (Paraná), atraves de monitoramento do tipo Regular com a mare Vazante e vento Sul. Espécie: Dermochelys coriacea, Indeterminado Sim ,,,esta ameacada de extincao. Foi encontrado Morto em ambiente Arenoso com o Cod de carcaca 4 e Não apresentava oleo.</b><br>"
1469;"<b>Indivíduo de numero 1469 registrado pela equipe do Trecho 06 na cidade de Guaraqueçaba (Paraná), atraves de monitoramento do tipo Regular com a mare Vazante e vento Sul. Espécie: Puffinus puffinus, Indeterminado Não ,,,esta ameacada de extincao. Foi encontrado Morto em ambiente Arenoso com o Cod de carcaca 4 e Não apresentava oleo.</b><br>"
1470;"<b>Indivíduo de numero 1470 registrado pela equipe do Trecho 04 na cidade de Bombinhas (Santa Catarina), atraves de monitoramento do tipo Acionamento com a mare Enchente e vento Sul. Espécie: Chelonia mydas, Juvenil Sim ,,,esta ameacada de extincao. Foi encontrado Vivo em ambiente Outros com o Cod de carcaca 1 e Não apresentava oleo.</b><br>"
1471;"<b>Indivíduo de numero 1471 registrado pela equipe do Trecho 04 na cidade de Bombinhas (Santa Catarina), atraves de monitoramento do tipo Regular com a mare Enchente e vento Sul. Espécie: Chelonia mydas, Juvenil Sim ,,,esta ameacada de extincao. Foi encontrado Morto em ambiente Arenoso com o Cod de carcaca 4 e Não apresentava oleo.</b><br>"
1472;"<b>Indivíduo de numero 1472 registrado pela equipe do Trecho 04 na cidade de Bombinhas (Santa Catarina), atraves de monitoramento do tipo Regular com a mare Enchente e vento Sul. Espécie: Chelonia mydas, Juvenil Sim ,,,esta ameacada de extincao. Foi encontrado Morto em ambiente Arenoso com o Cod de carcaca 5 e Não apresentava oleo.</b><br>"
1473;"<b>Indivíduo de numero 1473 registrado pela equipe do Trecho 04 na cidade de Bombinhas (Santa Catarina), atraves de monitoramento do tipo Regular com a mare Enchente e vento Sul. Espécie: Chelonia mydas, Juvenil Sim ,,,esta ameacada de extincao. Foi encontrado Morto em ambiente Arenoso com o Cod de carcaca 4 e Não apresentava oleo.</b><br>"
1474;"<b>Indivíduo de numero 1474 registrado pela equipe do Trecho 04 na cidade de Bombinhas (Santa Catarina), atraves de monitoramento do tipo Regular com a mare Enchente e vento Sul. Espécie: Chelonia mydas, Juvenil Sim ,,,esta ameacada de extincao. Foi encontrado Morto em ambiente Arenoso com o Cod de carcaca 4 e Não apresentava oleo.</b><br>"
1475;"<b>Indivíduo de numero 1475 registrado pela equipe do Trecho 03 na cidade de Florianópolis (Santa Catarina), atraves de monitoramento do tipo Regular com a mare Enchente e vento Sul. Espécie: Arctocephalus australis, Filhote Não ,,,esta ameacada de extincao. Foi encontrado Morto em ambiente Arenoso com o Cod de carcaca 4 e Não apresentava oleo.</b><br>"
1476;"<b>Indivíduo de numero 1476 registrado pela equipe do Trecho 06 na cidade de Matinhos,Pontal Do Paraná (Paraná), atraves de monitoramento do tipo Regular com a mare Cheia e vento Sul. Espécie: Chelonia mydas, Juvenil Sim ,,,esta ameacada de extincao. Foi encontrado Morto em ambiente Arenoso com o Cod de carcaca 2 e Não apresentava oleo.</b><br>"
1477;"<b>Indivíduo de numero 1477 registrado pela equipe do Trecho 04 na cidade de Penha (Santa Catarina), atraves de monitoramento do tipo Regular com a mare Enchente e vento Sul. Espécie: Chelonia mydas, Juvenil Sim ,,,esta ameacada de extincao. Foi encontrado Morto em ambiente Arenoso com o Cod de carcaca 4 e Não apresentava oleo.</b><br>"
1478;"<b>Indivíduo de numero 1478 registrado pela equipe do Trecho 04 na cidade de Itajaí (Santa Catarina), atraves de monitoramento do tipo Regular com a mare Vazante e vento Sudeste. Espécie: Chelonia mydas, Juvenil Sim ,,,esta ameacada de extincao. Foi encontrado Morto em ambiente Arenoso com o Cod de carcaca 4 e Não apresentava oleo.</b><br>"
1479;"<b>Indivíduo de numero 1479 registrado pela equipe do Trecho 06 na cidade de Guaraqueçaba (Paraná), atraves de monitoramento do tipo Regular com a mare Enchente e vento Sudoeste. Espécie: Chelonia mydas, Juvenil Sim ,,,esta ameacada de extincao. Foi encontrado Morto em ambiente Arenoso com o Cod de carcaca 4 e Não apresentava oleo.</b><br>"
1480;"<b>Indivíduo de numero 1480 registrado pela equipe do Trecho 05 na cidade de São Francisco Do Sul (Santa Catarina), atraves de monitoramento do tipo Regular com a mare Vazante e vento Sudoeste. Espécie: Caretta caretta, Indeterminado Sim ,,,esta ameacada de extincao. Foi encontrado Morto em ambiente Arenoso com o Cod de carcaca 4 e Não apresentava oleo.</b><br>"
1481;"<b>Indivíduo de numero 1481 registrado pela equipe do Trecho 03 na cidade de Florianópolis (Santa Catarina), atraves de monitoramento do tipo Regular com a mare Vazante e vento Sul. Espécie: Caretta caretta, Juvenil Sim ,,,esta ameacada de extincao. Foi encontrado Morto em ambiente Arenoso com o Cod de carcaca 4 e Não apresentava oleo.</b><br>"
1482;"<b>Indivíduo de numero 1482 registrado pela equipe do Trecho 03 na cidade de Florianópolis (Santa Catarina), atraves de monitoramento do tipo Regular com a mare Vazante e vento Sul. Espécie: Spheniscus magellanicus, Juvenil Não ,,,esta ameacada de extincao. Foi encontrado Morto em ambiente Arenoso com o Cod de carcaca 4 e Não apresentava oleo.</b><br>"
1483;"<b>Indivíduo de numero 1483 registrado pela equipe do Trecho 05 na cidade de Itapoá (Santa Catarina), atraves de monitoramento do tipo Acionamento com a mare Enchente e vento Sudoeste. Espécie: Chelonia mydas, Juvenil Sim ,,,esta ameacada de extincao. Foi encontrado Morto em ambiente Arenoso com o Cod de carcaca 4 e Não apresentava oleo.</b><br>"
1484;"<b>Indivíduo de numero 1484 registrado pela equipe do Trecho 05 na cidade de Itapoá (Santa Catarina), atraves de monitoramento do tipo Regular com a mare Vazante e vento Sudoeste. Espécie: Chelonia mydas, Indeterminado Sim ,,,esta ameacada de extincao. Foi encontrado Morto em ambiente Arenoso com o Cod de carcaca 4 e Não apresentava oleo.</b><br>"
1485;"<b>Indivíduo de numero 1485 registrado pela equipe do Trecho 05 na cidade de Itapoá (Santa Catarina), atraves de monitoramento do tipo Regular com a mare Vazante e vento Sudoeste. Espécie: Chelonia mydas, Indeterminado Sim ,,,esta ameacada de extincao. Foi encontrado Morto em ambiente Arenoso com o Cod de carcaca 4 e Não apresentava oleo.</b><br>"
1486;"<b>Indivíduo de numero 1486 registrado pela equipe do Trecho 06 na cidade de Guaratuba (Paraná), atraves de monitoramento do tipo Regular com a mare Vazante e vento Sul. Espécie: Chelonia mydas, Juvenil Sim ,,,esta ameacada de extincao. Foi encontrado Morto em ambiente Arenoso com o Cod de carcaca 4 e Não apresentava oleo.</b><br>"
1487;"<b>Indivíduo de numero 1487 registrado pela equipe do Trecho 06 na cidade de Guaratuba (Paraná), atraves de monitoramento do tipo Regular com a mare Vazante e vento Sul. Espécie: Caretta caretta, Adulto Sim ,,,esta ameacada de extincao. Foi encontrado Morto em ambiente Arenoso com o Cod de carcaca 4 e Não apresentava oleo.</b><br>"
1488;"<b>Indivíduo de numero 1488 registrado pela equipe do Trecho 03 na cidade de Florianópolis (Santa Catarina), atraves de monitoramento do tipo Regular com a mare Enchente e vento Sul. Espécie: Haematopus palliatus, Adulto Não ,,,esta ameacada de extincao. Foi encontrado Vivo em ambiente Arenoso com o Cod de carcaca 1 e Não apresentava oleo.</b><br>"
1489;"<b>Indivíduo de numero 1489 registrado pela equipe do Trecho 06 na cidade de Matinhos,Pontal Do Paraná (Paraná), atraves de monitoramento do tipo Regular com a mare Vazante e vento Sul. Espécie: Fregata magnificens, Adulto Não ,,,esta ameacada de extincao. Foi encontrado Morto em ambiente Arenoso com o Cod de carcaca 3 e Não apresentava oleo.</b><br>"
1490;"<b>Indivíduo de numero 1490 registrado pela equipe do Trecho 06 na cidade de Matinhos,Pontal Do Paraná (Paraná), atraves de monitoramento do tipo Regular com a mare Vazante e vento Sudeste. Espécie: Caretta caretta, Indeterminado Sim ,,,esta ameacada de extincao. Foi encontrado Morto em ambiente Arenoso com o Cod de carcaca 4 e Não apresentava oleo.</b><br>"
1491;"<b>Indivíduo de numero 1491 registrado pela equipe do Trecho 06 na cidade de Matinhos,Pontal Do Paraná (Paraná), atraves de monitoramento do tipo Regular com a mare Vazante e vento Sudeste. Espécie: Caretta caretta, Indeterminado Sim ,,,esta ameacada de extincao. Foi encontrado Morto em ambiente Arenoso com o Cod de carcaca 4 e Não apresentava oleo.</b><br>"
1492;"<b>Indivíduo de numero 1492 registrado pela equipe do Trecho 06 na cidade de Matinhos,Pontal Do Paraná (Paraná), atraves de monitoramento do tipo Regular com a mare Vazante e vento Sudeste. Espécie: Caretta caretta, Juvenil Sim ,,,esta ameacada de extincao. Foi encontrado Morto em ambiente Arenoso com o Cod de carcaca 4 e Não apresentava oleo.</b><br>"
1493;"<b>Indivíduo de numero 1493 registrado pela equipe do Trecho 06 na cidade de Matinhos,Pontal Do Paraná (Paraná), atraves de monitoramento do tipo Regular com a mare Vazante e vento Sudeste. Espécie: Sula leucogaster, Adulto Não ,,,esta ameacada de extincao. Foi encontrado Morto em ambiente Arenoso com o Cod de carcaca 4 e Não apresentava oleo.</b><br>"
1494;"<b>Indivíduo de numero 1494 registrado pela equipe do Trecho 06 na cidade de Matinhos,Pontal Do Paraná (Paraná), atraves de monitoramento do tipo Regular com a mare Vazante e vento Sudeste. Espécie: Chelonia mydas, Juvenil Sim ,,,esta ameacada de extincao. Foi encontrado Morto em ambiente Arenoso com o Cod de carcaca 5 e Não apresentava oleo.</b><br>"
1495;"<b>Indivíduo de numero 1495 registrado pela equipe do Trecho 06 na cidade de Matinhos,Pontal Do Paraná (Paraná), atraves de monitoramento do tipo Regular com a mare Cheia e vento Leste. Espécie: Chelonia mydas, Juvenil Sim ,,,esta ameacada de extincao. Foi encontrado Morto em ambiente Arenoso com o Cod de carcaca 4 e Não apresentava oleo.</b><br>"
1496;"<b>Indivíduo de numero 1496 registrado pela equipe do Trecho 06 na cidade de Matinhos,Pontal Do Paraná (Paraná), atraves de monitoramento do tipo Regular com a mare Cheia e vento Leste. Espécie: Chelonia mydas, Juvenil Sim ,,,esta ameacada de extincao. Foi encontrado Morto em ambiente Arenoso com o Cod de carcaca 4 e Não apresentava oleo.</b><br>"
1497;"<b>Indivíduo de numero 1497 registrado pela equipe do Trecho 06 na cidade de Paranaguá (Paraná), atraves de monitoramento do tipo Regular com a mare Vazante e vento Sul. Espécie: Chelonia mydas, Juvenil Sim ,,,esta ameacada de extincao. Foi encontrado Morto em ambiente Arenoso com o Cod de carcaca 4 e Não apresentava oleo.</b><br>"
1499;"<b>Indivíduo de numero 1499 registrado pela equipe do Trecho 05 na cidade de São Francisco Do Sul (Santa Catarina), atraves de monitoramento do tipo Regular com a mare Enchente e vento Sul. Espécie: Larus dominicanus, Indeterminado Não ,,,esta ameacada de extincao. Foi encontrado Morto em ambiente Arenoso com o Cod de carcaca 4 e Não apresentava oleo.</b><br>"
1500;"<b>Indivíduo de numero 1500 registrado pela equipe do Trecho 05 na cidade de São Francisco Do Sul (Santa Catarina), atraves de monitoramento do tipo Regular com a mare Enchente e vento Sul. Espécie: Puffinus puffinus, Indeterminado Não ,,,esta ameacada de extincao. Foi encontrado Morto em ambiente Arenoso com o Cod de carcaca 4 e Não apresentava oleo.</b><br>"
1501;"<b>Indivíduo de numero 1501 registrado pela equipe do Trecho 05 na cidade de São Francisco Do Sul (Santa Catarina), atraves de monitoramento do tipo Regular com a mare Enchente e vento Sul. Espécie: Puffinus puffinus, Indeterminado Não ,,,esta ameacada de extincao. Foi encontrado Morto em ambiente Arenoso com o Cod de carcaca 4 e Não apresentava oleo.</b><br>"
1502;"<b>Indivíduo de numero 1502 registrado pela equipe do Trecho 03 na cidade de Florianópolis (Santa Catarina), atraves de monitoramento do tipo Acionamento com a mare Indeterminado e vento N/A. Espécie: Phimosus infuscatus, Filhote Não ,,,esta ameacada de extincao. Foi encontrado Vivo em ambiente Outros com o Cod de carcaca 1 e Não apresentava oleo.</b><br>"
1503;"<b>Indivíduo de numero 1503 registrado pela equipe do Trecho 06 na cidade de Guaraqueçaba (Paraná), atraves de monitoramento do tipo Regular com a mare Enchente e vento Sul. Espécie: Chelonia mydas, Juvenil Sim ,,,esta ameacada de extincao. Foi encontrado Morto em ambiente Arenoso com o Cod de carcaca 4 e Não apresentava oleo.</b><br>"
1504;"<b>Indivíduo de numero 1504 registrado pela equipe do Trecho 03 na cidade de Florianópolis (Santa Catarina), atraves de monitoramento do tipo Regular com a mare Cheia e vento Sul. Espécie: Spheniscus magellanicus, Juvenil Não ,,,esta ameacada de extincao. Foi encontrado Morto em ambiente Arenoso com o Cod de carcaca 4 e Não apresentava oleo.</b><br>"
1505;"<b>Indivíduo de numero 1505 registrado pela equipe do Trecho 03 na cidade de Florianópolis (Santa Catarina), atraves de monitoramento do tipo Regular com a mare Enchente e vento Sul. Espécie: Spheniscus magellanicus, Indeterminado Não ,,,esta ameacada de extincao. Foi encontrado Morto em ambiente Arenoso com o Cod de carcaca 5 e Não apresentava oleo.</b><br>"
1506;"<b>Indivíduo de numero 1506 registrado pela equipe do Trecho 04 na cidade de Bombinhas (Santa Catarina), atraves de monitoramento do tipo Acionamento com a mare Vazante e vento Oeste. Espécie: Chelonia mydas, Juvenil Sim ,,,esta ameacada de extincao. Foi encontrado Morto em ambiente Arenoso com o Cod de carcaca 4 e Não apresentava oleo.</b><br>"
1507;"<b>Indivíduo de numero 1507 registrado pela equipe do Trecho 05 na cidade de São Francisco Do Sul (Santa Catarina), atraves de monitoramento do tipo Regular com a mare Vazante e vento Sudeste. Espécie: Haematopus palliatus, Adulto Não ,,,esta ameacada de extincao. Foi encontrado Morto em ambiente Arenoso com o Cod de carcaca 3 e Não apresentava oleo.</b><br>"
1508;"<b>Indivíduo de numero 1508 registrado pela equipe do Trecho 01 na cidade de Imbituba (Santa Catarina), atraves de monitoramento do tipo Regular com a mare Enchente e vento Sul. Espécie: Larus dominicanus, Juvenil Não ,,,esta ameacada de extincao. Foi encontrado Morto em ambiente Arenoso com o Cod de carcaca 4 e Não apresentava oleo.</b><br>"
1509;"<b>Indivíduo de numero 1509 registrado pela equipe do Trecho 06 na cidade de Guaraqueçaba (Paraná), atraves de monitoramento do tipo Regular com a mare Vazante e vento N/A. Espécie: Puffinus puffinus, Indeterminado Não ,,,esta ameacada de extincao. Foi encontrado Morto em ambiente Arenoso com o Cod de carcaca 5 e Não apresentava oleo.</b><br>"
1510;"<b>Indivíduo de numero 1510 registrado pela equipe do Trecho 06 na cidade de Guaraqueçaba (Paraná), atraves de monitoramento do tipo Regular com a mare Vazante e vento N/A. Espécie: Caretta caretta, Juvenil Sim ,,,esta ameacada de extincao. Foi encontrado Morto em ambiente Arenoso com o Cod de carcaca 4 e Não apresentava oleo.</b><br>"
1511;"<b>Indivíduo de numero 1511 registrado pela equipe do Trecho 06 na cidade de Guaraqueçaba (Paraná), atraves de monitoramento do tipo Regular com a mare Vazante e vento N/A. Espécie: Sotalia guianensis, Adulto Sim ,,,esta ameacada de extincao. Foi encontrado Morto em ambiente Arenoso com o Cod de carcaca 4 e Não apresentava oleo.</b><br>"
1512;"<b>Indivíduo de numero 1512 registrado pela equipe do Trecho 06 na cidade de Guaraqueçaba (Paraná), atraves de monitoramento do tipo Regular com a mare Vazante e vento N/A. Espécie: Chelonia mydas, Juvenil Sim ,,,esta ameacada de extincao. Foi encontrado Morto em ambiente Arenoso com o Cod de carcaca 4 e Não apresentava oleo.</b><br>"
1513;"<b>Indivíduo de numero 1513 registrado pela equipe do Trecho 06 na cidade de Guaraqueçaba (Paraná), atraves de monitoramento do tipo Regular com a mare Vazante e vento N/A. Espécie: Caretta caretta, Juvenil Sim ,,,esta ameacada de extincao. Foi encontrado Morto em ambiente Arenoso com o Cod de carcaca 4 e Não apresentava oleo.</b><br>"
1514;"<b>Indivíduo de numero 1514 registrado pela equipe do Trecho 06 na cidade de Guaraqueçaba (Paraná), atraves de monitoramento do tipo Regular com a mare Vazante e vento N/A. Espécie: Chelonia mydas, Juvenil Sim ,,,esta ameacada de extincao. Foi encontrado Morto em ambiente Arenoso com o Cod de carcaca 4 e Não apresentava oleo.</b><br>"
1515;"<b>Indivíduo de numero 1515 registrado pela equipe do Trecho 06 na cidade de Guaraqueçaba (Paraná), atraves de monitoramento do tipo Regular com a mare Vazante e vento N/A. Espécie: Phalacrocorax brasilianus, Indeterminado Não ,,,esta ameacada de extincao. Foi encontrado Morto em ambiente Arenoso com o Cod de carcaca 5 e Não apresentava oleo.</b><br>"
1516;"<b>Indivíduo de numero 1516 registrado pela equipe do Trecho 05 na cidade de Itapoá (Santa Catarina), atraves de monitoramento do tipo Acionamento com a mare Enchente e vento Sudoeste. Espécie: Spheniscus magellanicus, Indeterminado Não ,,,esta ameacada de extincao. Foi encontrado Morto em ambiente Rochoso com o Cod de carcaca 4 e Não apresentava oleo.</b><br>"
1517;"<b>Indivíduo de numero 1517 registrado pela equipe do Trecho 05 na cidade de Itapoá (Santa Catarina), atraves de monitoramento do tipo Regular com a mare Vazante e vento Sudoeste. Espécie: Larus dominicanus, Adulto Não ,,,esta ameacada de extincao. Foi encontrado Morto em ambiente Arenoso com o Cod de carcaca 4 e Não apresentava oleo.</b><br>"
1518;"<b>Indivíduo de numero 1518 registrado pela equipe do Trecho 06 na cidade de Matinhos,Pontal Do Paraná (Paraná), atraves de monitoramento do tipo Regular com a mare Vazante e vento Sul. Espécie: Chelonia mydas, Juvenil Sim ,,,esta ameacada de extincao. Foi encontrado Morto em ambiente Arenoso com o Cod de carcaca 4 e Não apresentava oleo.</b><br>"
1519;"<b>Indivíduo de numero 1519 registrado pela equipe do Trecho 02 na cidade de Palhoça (Santa Catarina), atraves de monitoramento do tipo Regular com a mare Vazante e vento Sudoeste. Espécie: Spheniscus magellanicus, Juvenil Não ,,,esta ameacada de extincao. Foi encontrado Morto em ambiente Arenoso com o Cod de carcaca 4 e Não apresentava oleo.</b><br>"
1520;"<b>Indivíduo de numero 1520 registrado pela equipe do Trecho 02 na cidade de Garopaba (Santa Catarina), atraves de monitoramento do tipo Regular com a mare Vazante e vento Sul. Espécie: Chelonia mydas, Juvenil Sim ,,,esta ameacada de extincao. Foi encontrado Morto em ambiente Arenoso com o Cod de carcaca 4 e Não apresentava oleo.</b><br>"
1521;"<b>Indivíduo de numero 1521 registrado pela equipe do Trecho 03 na cidade de Florianópolis (Santa Catarina), atraves de monitoramento do tipo Regular com a mare Enchente e vento Norte. Espécie: Chelonia mydas, Juvenil Sim ,,,esta ameacada de extincao. Foi encontrado Morto em ambiente Arenoso com o Cod de carcaca 4 e Não apresentava oleo.</b><br>"
1522;"<b>Indivíduo de numero 1522 registrado pela equipe do Trecho 03 na cidade de Florianópolis (Santa Catarina), atraves de monitoramento do tipo Regular com a mare Vazante e vento Norte. Espécie: Spheniscus magellanicus, Juvenil Não ,,,esta ameacada de extincao. Foi encontrado Morto em ambiente Arenoso com o Cod de carcaca 4 e Não apresentava oleo.</b><br>"
1523;"<b>Indivíduo de numero 1523 registrado pela equipe do Trecho 03 na cidade de Florianópolis (Santa Catarina), atraves de monitoramento do tipo Acionamento com a mare Enchente e vento Nordeste. Espécie: Larus dominicanus, Adulto Não ,,,esta ameacada de extincao. Foi encontrado Vivo em ambiente Arenoso com o Cod de carcaca 1 e Não apresentava oleo.</b><br>"
1524;"<b>Indivíduo de numero 1524 registrado pela equipe do Trecho 06 na cidade de Matinhos,Pontal Do Paraná (Paraná), atraves de monitoramento do tipo Regular com a mare Vazante e vento Sudoeste. Espécie: Caretta caretta, Juvenil Sim ,,,esta ameacada de extincao. Foi encontrado Morto em ambiente Arenoso com o Cod de carcaca 4 e Não apresentava oleo.</b><br>"
1526;"<b>Indivíduo de numero 1526 registrado pela equipe do Trecho 04 na cidade de Porto Belo (Santa Catarina), atraves de monitoramento do tipo Regular com a mare Vazante e vento Nordeste. Espécie: Procellaria aequinoctialis, Indeterminado Não ,,,esta ameacada de extincao. Foi encontrado Morto em ambiente Arenoso com o Cod de carcaca 4 e Não apresentava oleo.</b><br>"
1527;"<b>Indivíduo de numero 1527 registrado pela equipe do Trecho 06 na cidade de Guaraqueçaba (Paraná), atraves de monitoramento do tipo Regular com a mare Vazante e vento Sul. Espécie: Chelonia mydas, Juvenil Sim ,,,esta ameacada de extincao. Foi encontrado Vivo em ambiente Arenoso com o Cod de carcaca 1 e Não apresentava oleo.</b><br>"
1528;"<b>Indivíduo de numero 1528 registrado pela equipe do Trecho 05 na cidade de Itapoá (Santa Catarina), atraves de monitoramento do tipo Regular com a mare Vazante e vento Norte. Espécie: Sula leucogaster, Indeterminado Não ,,,esta ameacada de extincao. Foi encontrado Morto em ambiente Arenoso com o Cod de carcaca 4 e Não apresentava oleo.</b><br>"
1529;"<b>Indivíduo de numero 1529 registrado pela equipe do Trecho 04 na cidade de Penha (Santa Catarina), atraves de monitoramento do tipo Regular com a mare Vazante e vento Sudeste. Espécie: Caretta caretta, Indeterminado Sim ,,,esta ameacada de extincao. Foi encontrado Morto em ambiente Água com o Cod de carcaca 4 e Não apresentava oleo.</b><br>"
1530;"<b>Indivíduo de numero 1530 registrado pela equipe do Trecho 03 na cidade de Florianópolis (Santa Catarina), atraves de monitoramento do tipo Acionamento com a mare Indeterminado e vento Nordeste. Espécie: Phalacrocorax brasilianus, Adulto Não ,,,esta ameacada de extincao. Foi encontrado Vivo em ambiente Outros com o Cod de carcaca 1 e Não apresentava oleo.</b><br>"
1531;"<b>Indivíduo de numero 1531 registrado pela equipe do Trecho 06 na cidade de Matinhos,Pontal Do Paraná (Paraná), atraves de monitoramento do tipo Regular com a mare Vazante e vento Norte. Espécie: Fregata magnificens, Adulto Não ,,,esta ameacada de extincao. Foi encontrado Vivo em ambiente Arenoso com o Cod de carcaca 1 e Não apresentava oleo.</b><br>"
1532;"<b>Indivíduo de numero 1532 registrado pela equipe do Trecho 02 na cidade de Biguaçu (Santa Catarina), atraves de monitoramento do tipo Acionamento com a mare Vazante e vento Nordeste. Espécie: Chelonia mydas, Juvenil Sim ,,,esta ameacada de extincao. Foi encontrado Morto em ambiente Outros com o Cod de carcaca 4 e Não apresentava oleo.</b><br>"
1533;"<b>Indivíduo de numero 1533 registrado pela equipe do Trecho 05 na cidade de Balneário Barra Do Sul (Santa Catarina), atraves de monitoramento do tipo Acionamento com a mare Enchente e vento Nordeste. Espécie: Chelonia mydas, Indeterminado Sim ,,,esta ameacada de extincao. Foi encontrado Morto em ambiente Arenoso com o Cod de carcaca 4 e Não apresentava oleo.</b><br>"
1534;"<b>Indivíduo de numero 1534 registrado pela equipe do Trecho 05 na cidade de Itapoá (Santa Catarina), atraves de monitoramento do tipo Acionamento com a mare Enchente e vento Nordeste. Espécie: Chelonia mydas, Juvenil Sim ,,,esta ameacada de extincao. Foi encontrado Morto em ambiente Arenoso com o Cod de carcaca 3 e Não apresentava oleo.</b><br>"
1535;"<b>Indivíduo de numero 1535 registrado pela equipe do Trecho 03 na cidade de Florianópolis (Santa Catarina), atraves de monitoramento do tipo Regular com a mare Enchente e vento Norte. Espécie: Spheniscus magellanicus, Juvenil Não ,,,esta ameacada de extincao. Foi encontrado Morto em ambiente Arenoso com o Cod de carcaca 4 e Não apresentava oleo.</b><br>"
1536;"<b>Indivíduo de numero 1536 registrado pela equipe do Trecho 03 na cidade de Florianópolis (Santa Catarina), atraves de monitoramento do tipo Regular com a mare Enchente e vento Norte. Espécie: Procellaria aequinoctialis, Adulto Não ,,,esta ameacada de extincao. Foi encontrado Morto em ambiente Arenoso com o Cod de carcaca 4 e Não apresentava oleo.</b><br>"
1537;"<b>Indivíduo de numero 1537 registrado pela equipe do Trecho 03 na cidade de Florianópolis (Santa Catarina), atraves de monitoramento do tipo Regular com a mare Enchente e vento Norte. Espécie: Chelonia mydas, Juvenil Sim ,,,esta ameacada de extincao. Foi encontrado Morto em ambiente Arenoso com o Cod de carcaca 4 e Não apresentava oleo.</b><br>"
1538;"<b>Indivíduo de numero 1538 registrado pela equipe do Trecho 03 na cidade de Florianópolis (Santa Catarina), atraves de monitoramento do tipo Regular com a mare Vazante e vento Norte. Espécie: Chelonia mydas, Juvenil Sim ,,,esta ameacada de extincao. Foi encontrado Morto em ambiente Arenoso com o Cod de carcaca 4 e Não apresentava oleo.</b><br>"
1539;"<b>Indivíduo de numero 1539 registrado pela equipe do Trecho 04 na cidade de Porto Belo (Santa Catarina), atraves de monitoramento do tipo Regular com a mare Vazante e vento Nordeste. Espécie: Chelonia mydas, Juvenil Sim ,,,esta ameacada de extincao. Foi encontrado Morto em ambiente Arenoso com o Cod de carcaca 4 e Não apresentava oleo.</b><br>"
1540;"<b>Indivíduo de numero 1540 registrado pela equipe do Trecho 06 na cidade de Guaratuba (Paraná), atraves de monitoramento do tipo Regular com a mare Vazante e vento Nordeste. Espécie: Caretta caretta, Juvenil Sim ,,,esta ameacada de extincao. Foi encontrado Morto em ambiente Arenoso com o Cod de carcaca 4 e Não apresentava oleo.</b><br>"
1541;"<b>Indivíduo de numero 1541 registrado pela equipe do Trecho 06 na cidade de Guaratuba (Paraná), atraves de monitoramento do tipo Regular com a mare Vazante e vento Norte. Espécie: Puffinus puffinus, Indeterminado Não ,,,esta ameacada de extincao. Foi encontrado Morto em ambiente Arenoso com o Cod de carcaca 4 e Não apresentava oleo.</b><br>"
1542;"<b>Indivíduo de numero 1542 registrado pela equipe do Trecho 06 na cidade de Guaratuba (Paraná), atraves de monitoramento do tipo Regular com a mare Vazante e vento Norte. Espécie: Chelonia mydas, Juvenil Sim ,,,esta ameacada de extincao. Foi encontrado Morto em ambiente Arenoso com o Cod de carcaca 4 e Não apresentava oleo.</b><br>"
1543;"<b>Indivíduo de numero 1543 registrado pela equipe do Trecho 06 na cidade de Guaratuba (Paraná), atraves de monitoramento do tipo Regular com a mare Vazante e vento Norte. Espécie: Sula leucogaster, Juvenil Não ,,,esta ameacada de extincao. Foi encontrado Morto em ambiente Arenoso com o Cod de carcaca 4 e Não apresentava oleo.</b><br>"
1544;"<b>Indivíduo de numero 1544 registrado pela equipe do Trecho 05 na cidade de São Francisco Do Sul (Santa Catarina), atraves de monitoramento do tipo Regular com a mare Enchente e vento Nordeste. Espécie: Lepidochelys olivacea, Indeterminado Sim ,,,esta ameacada de extincao. Foi encontrado Morto em ambiente Arenoso com o Cod de carcaca 4 e Não apresentava oleo.</b><br>"
1545;"<b>Indivíduo de numero 1545 registrado pela equipe do Trecho 05 na cidade de São Francisco Do Sul (Santa Catarina), atraves de monitoramento do tipo Regular com a mare Vazante e vento Nordeste. Espécie: Puffinus puffinus, Indeterminado Não ,,,esta ameacada de extincao. Foi encontrado Morto em ambiente Arenoso com o Cod de carcaca 4 e Não apresentava oleo.</b><br>"
1546;"<b>Indivíduo de numero 1546 registrado pela equipe do Trecho 05 na cidade de São Francisco Do Sul (Santa Catarina), atraves de monitoramento do tipo Regular com a mare Vazante e vento Nordeste. Espécie: Thalassarche chlororhynchos, Indeterminado Sim ,,,esta ameacada de extincao. Foi encontrado Morto em ambiente Arenoso com o Cod de carcaca 4 e Não apresentava oleo.</b><br>"
1547;"<b>Indivíduo de numero 1547 registrado pela equipe do Trecho 01 na cidade de Laguna (Santa Catarina), atraves de monitoramento do tipo Regular com a mare Vazia e vento Nordeste. Espécie: Larus dominicanus, Juvenil Não ,,,esta ameacada de extincao. Foi encontrado Morto em ambiente Arenoso com o Cod de carcaca 4 e Não apresentava oleo.</b><br>"
1548;"<b>Indivíduo de numero 1548 registrado pela equipe do Trecho 01 na cidade de Imbituba (Santa Catarina), atraves de monitoramento do tipo Regular com a mare Enchente e vento Nordeste. Espécie: Chelonia mydas, Juvenil Sim ,,,esta ameacada de extincao. Foi encontrado Morto em ambiente Arenoso com o Cod de carcaca 4 e Não apresentava oleo.</b><br>"
1549;"<b>Indivíduo de numero 1549 registrado pela equipe do Trecho 01 na cidade de Imbituba (Santa Catarina), atraves de monitoramento do tipo Regular com a mare Enchente e vento Nordeste. Espécie: Larus dominicanus, Adulto Não ,,,esta ameacada de extincao. Foi encontrado Morto em ambiente Arenoso com o Cod de carcaca 5 e Não apresentava oleo.</b><br>"
1550;"<b>Indivíduo de numero 1550 registrado pela equipe do Trecho 04 na cidade de Balneário Camboriú (Santa Catarina), atraves de monitoramento do tipo Acionamento com a mare Enchente e vento Leste. Espécie: Chelonia mydas, Juvenil Sim ,,,esta ameacada de extincao. Foi encontrado Morto em ambiente Arenoso com o Cod de carcaca 4 e Não apresentava oleo.</b><br>"
1551;"<b>Indivíduo de numero 1551 registrado pela equipe do Trecho 06 na cidade de Matinhos,Pontal Do Paraná (Paraná), atraves de monitoramento do tipo Regular com a mare Vazante e vento N/A. Espécie: Pontoporia blainvillei, Adulto Sim ,,,esta ameacada de extincao. Foi encontrado Morto em ambiente Arenoso com o Cod de carcaca 4 e Não apresentava oleo.</b><br>"
1552;"<b>Indivíduo de numero 1552 registrado pela equipe do Trecho 06 na cidade de Matinhos,Pontal Do Paraná (Paraná), atraves de monitoramento do tipo Regular com a mare Vazante e vento Sudeste. Espécie: Chelonia mydas, Juvenil Sim ,,,esta ameacada de extincao. Foi encontrado Morto em ambiente Arenoso com o Cod de carcaca 2 e Não apresentava oleo.</b><br>"
1553;"<b>Indivíduo de numero 1553 registrado pela equipe do Trecho 04 na cidade de Penha (Santa Catarina), atraves de monitoramento do tipo Regular com a mare Vazante e vento Nordeste. Espécie: Pontoporia blainvillei, Filhote Sim ,,,esta ameacada de extincao. Foi encontrado Morto em ambiente Arenoso com o Cod de carcaca 4 e Não apresentava oleo.</b><br>"
1555;"<b>Indivíduo de numero 1555 registrado pela equipe do Trecho 04 na cidade de Penha (Santa Catarina), atraves de monitoramento do tipo Regular com a mare Vazante e vento Nordeste. Espécie: Spheniscus magellanicus, Juvenil Não ,,,esta ameacada de extincao. Foi encontrado Morto em ambiente Arenoso com o Cod de carcaca 4 e Não apresentava oleo.</b><br>"
1556;"<b>Indivíduo de numero 1556 registrado pela equipe do Trecho 05 na cidade de Itapoá (Santa Catarina), atraves de monitoramento do tipo Regular com a mare Vazante e vento Nordeste. Espécie: Chelonia mydas, Indeterminado Sim ,,,esta ameacada de extincao. Foi encontrado Morto em ambiente Arenoso com o Cod de carcaca 4 e Não apresentava oleo.</b><br>"
1557;"<b>Indivíduo de numero 1557 registrado pela equipe do Trecho 05 na cidade de Itapoá (Santa Catarina), atraves de monitoramento do tipo Regular com a mare Vazante e vento Nordeste. Espécie: Spheniscus magellanicus, Indeterminado Não ,,,esta ameacada de extincao. Foi encontrado Morto em ambiente Arenoso com o Cod de carcaca 4 e Não apresentava oleo.</b><br>"
1558;"<b>Indivíduo de numero 1558 registrado pela equipe do Trecho 04 na cidade de Porto Belo (Santa Catarina), atraves de monitoramento do tipo Regular com a mare Vazante e vento Nordeste. Espécie: Puffinus puffinus, Indeterminado Não ,,,esta ameacada de extincao. Foi encontrado Morto em ambiente Arenoso com o Cod de carcaca 4 e Não apresentava oleo.</b><br>"
1559;"<b>Indivíduo de numero 1559 registrado pela equipe do Trecho 04 na cidade de Porto Belo (Santa Catarina), atraves de monitoramento do tipo Regular com a mare Vazante e vento Nordeste. Espécie: Puffinus puffinus, Indeterminado Não ,,,esta ameacada de extincao. Foi encontrado Morto em ambiente Arenoso com o Cod de carcaca 4 e Não apresentava oleo.</b><br>"
1560;"<b>Indivíduo de numero 1560 registrado pela equipe do Trecho 06 na cidade de Paranaguá (Paraná), atraves de monitoramento do tipo Regular com a mare Vazante e vento Norte. Espécie: Pontoporia blainvillei, Indeterminado Sim ,,,esta ameacada de extincao. Foi encontrado Morto em ambiente Arenoso com o Cod de carcaca 5 e Não apresentava oleo.</b><br>"
1561;"<b>Indivíduo de numero 1561 registrado pela equipe do Trecho 02 na cidade de Palhoça (Santa Catarina), atraves de monitoramento do tipo Regular com a mare Vazante e vento Nordeste. Espécie: Phalacrocorax brasilianus, Indeterminado Não ,,,esta ameacada de extincao. Foi encontrado Morto em ambiente Arenoso com o Cod de carcaca 5 e Não apresentava oleo.</b><br>"
1562;"<b>Indivíduo de numero 1562 registrado pela equipe do Trecho 04 na cidade de Governador Celso Ramos (Santa Catarina), atraves de monitoramento do tipo Regular com a mare Vazante e vento Nordeste. Espécie: Chelonia mydas, Juvenil Sim ,,,esta ameacada de extincao. Foi encontrado Morto em ambiente Arenoso com o Cod de carcaca 4 e Não apresentava oleo.</b><br>"
1563;"<b>Indivíduo de numero 1563 registrado pela equipe do Trecho 04 na cidade de Governador Celso Ramos (Santa Catarina), atraves de monitoramento do tipo Regular com a mare Vazante e vento Nordeste. Espécie: Fregata magnificens, Adulto Não ,,,esta ameacada de extincao. Foi encontrado Morto em ambiente Arenoso com o Cod de carcaca 4 e Não apresentava oleo.</b><br>"
1564;"<b>Indivíduo de numero 1564 registrado pela equipe do Trecho 04 na cidade de Governador Celso Ramos (Santa Catarina), atraves de monitoramento do tipo Regular com a mare Vazante e vento Nordeste. Espécie: Chelonia mydas, Juvenil Sim ,,,esta ameacada de extincao. Foi encontrado Morto em ambiente Arenoso com o Cod de carcaca 4 e Não apresentava oleo.</b><br>"
1565;"<b>Indivíduo de numero 1565 registrado pela equipe do Trecho 06 na cidade de Paranaguá (Paraná), atraves de monitoramento do tipo Acionamento com a mare Vazante e vento Nordeste. Espécie: Pontoporia blainvillei, Filhote Sim ,,,esta ameacada de extincao. Foi encontrado Vivo em ambiente Água com o Cod de carcaca 1 e Não apresentava oleo.</b><br>"
1566;"<b>Indivíduo de numero 1566 registrado pela equipe do Trecho 01 na cidade de Laguna (Santa Catarina), atraves de monitoramento do tipo Acionamento com a mare Enchente e vento Nordeste. Espécie: Pontoporia blainvillei, Adulto Sim ,,,esta ameacada de extincao. Foi encontrado Morto em ambiente Arenoso com o Cod de carcaca 4 e Não apresentava oleo.</b><br>"
1567;"<b>Indivíduo de numero 1567 registrado pela equipe do Trecho 06 na cidade de Guaratuba (Paraná), atraves de monitoramento do tipo Regular com a mare Enchente e vento Nordeste. Espécie: Chelonia mydas, Juvenil Sim ,,,esta ameacada de extincao. Foi encontrado Morto em ambiente Arenoso com o Cod de carcaca 3 e Não apresentava oleo.</b><br>"
1568;"<b>Indivíduo de numero 1568 registrado pela equipe do Trecho 03 na cidade de Florianópolis (Santa Catarina), atraves de monitoramento do tipo Regular com a mare Vazante e vento Nordeste. Espécie: Chelonia mydas, Juvenil Sim ,,,esta ameacada de extincao. Foi encontrado Morto em ambiente Arenoso com o Cod de carcaca 4 e Não apresentava oleo.</b><br>"
1569;"<b>Indivíduo de numero 1569 registrado pela equipe do Trecho 03 na cidade de Florianópolis (Santa Catarina), atraves de monitoramento do tipo Regular com a mare Enchente e vento Norte. Espécie: Caretta caretta, Adulto Sim ,,,esta ameacada de extincao. Foi encontrado Morto em ambiente Arenoso com o Cod de carcaca 4 e Não apresentava oleo.</b><br>"
1570;"<b>Indivíduo de numero 1570 registrado pela equipe do Trecho 03 na cidade de Florianópolis (Santa Catarina), atraves de monitoramento do tipo Regular com a mare Vazante e vento Norte. Espécie: Caretta caretta, Juvenil Sim ,,,esta ameacada de extincao. Foi encontrado Morto em ambiente Arenoso com o Cod de carcaca 4 e Não apresentava oleo.</b><br>"
1571;"<b>Indivíduo de numero 1571 registrado pela equipe do Trecho 03 na cidade de Florianópolis (Santa Catarina), atraves de monitoramento do tipo Regular com a mare Vazante e vento Norte. Espécie: Caretta caretta, Adulto Sim ,,,esta ameacada de extincao. Foi encontrado Morto em ambiente Arenoso com o Cod de carcaca 4 e Não apresentava oleo.</b><br>"
1572;"<b>Indivíduo de numero 1572 registrado pela equipe do Trecho 05 na cidade de Itapoá (Santa Catarina), atraves de monitoramento do tipo Acionamento com a mare Enchente e vento Nordeste. Espécie: Chelonia mydas, Juvenil Sim ,,,esta ameacada de extincao. Foi encontrado Vivo em ambiente Arenoso com o Cod de carcaca 1 e Não apresentava oleo.</b><br>"
1573;"<b>Indivíduo de numero 1573 registrado pela equipe do Trecho 05 na cidade de Itapoá (Santa Catarina), atraves de monitoramento do tipo Regular com a mare Enchente e vento Nordeste. Espécie: Chelonia mydas, Juvenil Sim ,,,esta ameacada de extincao. Foi encontrado Morto em ambiente Arenoso com o Cod de carcaca 4 e Não apresentava oleo.</b><br>"
1574;"<b>Indivíduo de numero 1574 registrado pela equipe do Trecho 05 na cidade de Itapoá (Santa Catarina), atraves de monitoramento do tipo Regular com a mare Enchente e vento Nordeste. Espécie: Puffinus puffinus, Juvenil Não ,,,esta ameacada de extincao. Foi encontrado Morto em ambiente Arenoso com o Cod de carcaca 4 e Não apresentava oleo.</b><br>"
1575;"<b>Indivíduo de numero 1575 registrado pela equipe do Trecho 05 na cidade de Itapoá (Santa Catarina), atraves de monitoramento do tipo Regular com a mare Vazante e vento Nordeste. Espécie: Caretta caretta, Indeterminado Sim ,,,esta ameacada de extincao. Foi encontrado Morto em ambiente Arenoso com o Cod de carcaca 4 e Não apresentava oleo.</b><br>"
1576;"<b>Indivíduo de numero 1576 registrado pela equipe do Trecho 06 na cidade de Matinhos,Pontal Do Paraná (Paraná), atraves de monitoramento do tipo Regular com a mare Vazante e vento Norte. Espécie: Sula leucogaster, Adulto Não ,,,esta ameacada de extincao. Foi encontrado Morto em ambiente Arenoso com o Cod de carcaca 3 e Não apresentava oleo.</b><br>"
1577;"<b>Indivíduo de numero 1577 registrado pela equipe do Trecho 06 na cidade de Matinhos,Pontal Do Paraná (Paraná), atraves de monitoramento do tipo Regular com a mare Vazante e vento Noroeste. Espécie: Chelonia mydas, Juvenil Sim ,,,esta ameacada de extincao. Foi encontrado Morto em ambiente Arenoso com o Cod de carcaca 4 e Não apresentava oleo.</b><br>"
1578;"<b>Indivíduo de numero 1578 registrado pela equipe do Trecho 05 na cidade de São Francisco Do Sul (Santa Catarina), atraves de monitoramento do tipo Regular com a mare Enchente e vento Nordeste. Espécie: Caretta caretta, Indeterminado Sim ,,,esta ameacada de extincao. Foi encontrado Morto em ambiente Arenoso com o Cod de carcaca 4 e Não apresentava oleo.</b><br>"
1579;"<b>Indivíduo de numero 1579 registrado pela equipe do Trecho 05 na cidade de São Francisco Do Sul (Santa Catarina), atraves de monitoramento do tipo Regular com a mare Vazia e vento Nordeste. Espécie: Spheniscus magellanicus, Indeterminado Não ,,,esta ameacada de extincao. Foi encontrado Morto em ambiente Arenoso com o Cod de carcaca 4 e Não apresentava oleo.</b><br>"
1580;"<b>Indivíduo de numero 1580 registrado pela equipe do Trecho 05 na cidade de São Francisco Do Sul (Santa Catarina), atraves de monitoramento do tipo Regular com a mare Vazia e vento Nordeste. Espécie: Spheniscus magellanicus, Indeterminado Não ,,,esta ameacada de extincao. Foi encontrado Morto em ambiente Arenoso com o Cod de carcaca 4 e Não apresentava oleo.</b><br>"
1581;"<b>Indivíduo de numero 1581 registrado pela equipe do Trecho 05 na cidade de São Francisco Do Sul (Santa Catarina), atraves de monitoramento do tipo Regular com a mare Vazia e vento Nordeste. Espécie: Puffinus puffinus, Indeterminado Não ,,,esta ameacada de extincao. Foi encontrado Morto em ambiente Arenoso com o Cod de carcaca 4 e Não apresentava oleo.</b><br>"
1582;"<b>Indivíduo de numero 1582 registrado pela equipe do Trecho 05 na cidade de São Francisco Do Sul (Santa Catarina), atraves de monitoramento do tipo Regular com a mare Vazia e vento Nordeste. Espécie: Caretta caretta, Indeterminado Sim ,,,esta ameacada de extincao. Foi encontrado Morto em ambiente Arenoso com o Cod de carcaca 4 e Não apresentava oleo.</b><br>"
1583;"<b>Indivíduo de numero 1583 registrado pela equipe do Trecho 04 na cidade de Balneário Camboriú (Santa Catarina), atraves de monitoramento do tipo Acionamento com a mare Enchente e vento Nordeste. Espécie: Chelonia mydas, Juvenil Sim ,,,esta ameacada de extincao. Foi encontrado Morto em ambiente Arenoso com o Cod de carcaca 4 e Não apresentava oleo.</b><br>"
1584;"<b>Indivíduo de numero 1584 registrado pela equipe do Trecho 04 na cidade de Itapema (Santa Catarina), atraves de monitoramento do tipo Regular com a mare Enchente e vento Nordeste. Espécie: Puffinus puffinus, Indeterminado Não ,,,esta ameacada de extincao. Foi encontrado Morto em ambiente Arenoso com o Cod de carcaca 4 e Não apresentava oleo.</b><br>"
1585;"<b>Indivíduo de numero 1585 registrado pela equipe do Trecho 04 na cidade de Porto Belo (Santa Catarina), atraves de monitoramento do tipo Regular com a mare Enchente e vento Nordeste. Espécie: Spheniscus magellanicus, Juvenil Não ,,,esta ameacada de extincao. Foi encontrado Morto em ambiente Arenoso com o Cod de carcaca 4 e Não apresentava oleo.</b><br>"
1586;"<b>Indivíduo de numero 1586 registrado pela equipe do Trecho 03 na cidade de Florianópolis (Santa Catarina), atraves de monitoramento do tipo Regular com a mare Vazante e vento Norte. Espécie: Caretta caretta, Indeterminado Sim ,,,esta ameacada de extincao. Foi encontrado Morto em ambiente Arenoso com o Cod de carcaca 4 e Não apresentava oleo.</b><br>"
1587;"<b>Indivíduo de numero 1587 registrado pela equipe do Trecho 03 na cidade de Florianópolis (Santa Catarina), atraves de monitoramento do tipo Regular com a mare Vazante e vento Norte. Espécie: Spheniscus magellanicus, Juvenil Não ,,,esta ameacada de extincao. Foi encontrado Morto em ambiente Arenoso com o Cod de carcaca 4 e Não apresentava oleo.</b><br>"
1588;"<b>Indivíduo de numero 1588 registrado pela equipe do Trecho 03 na cidade de Florianópolis (Santa Catarina), atraves de monitoramento do tipo Regular com a mare Vazante e vento Norte. Espécie: Chelonia mydas, Juvenil Sim ,,,esta ameacada de extincao. Foi encontrado Morto em ambiente Arenoso com o Cod de carcaca 5 e Não apresentava oleo.</b><br>"
1589;"<b>Indivíduo de numero 1589 registrado pela equipe do Trecho 05 na cidade de São Francisco Do Sul (Santa Catarina), atraves de monitoramento do tipo Acionamento com a mare Indeterminado e vento N/A. Espécie: Fregata magnificens, Adulto Não ,,,esta ameacada de extincao. Foi encontrado Vivo em ambiente Outros com o Cod de carcaca 1 e Não apresentava oleo.</b><br>"
1590;"<b>Indivíduo de numero 1590 registrado pela equipe do Trecho 04 na cidade de Penha (Santa Catarina), atraves de monitoramento do tipo Acionamento com a mare Enchente e vento Nordeste. Espécie: Chelonia mydas, Juvenil Sim ,,,esta ameacada de extincao. Foi encontrado Vivo em ambiente Arenoso com o Cod de carcaca 1 e Não apresentava oleo.</b><br>"
1591;"<b>Indivíduo de numero 1591 registrado pela equipe do Trecho 04 na cidade de Penha (Santa Catarina), atraves de monitoramento do tipo Regular com a mare Vazia e vento Nordeste. Espécie: Spheniscus magellanicus, Juvenil Não ,,,esta ameacada de extincao. Foi encontrado Morto em ambiente Arenoso com o Cod de carcaca 4 e Não apresentava oleo.</b><br>"
1592;"<b>Indivíduo de numero 1592 registrado pela equipe do Trecho 04 na cidade de Penha (Santa Catarina), atraves de monitoramento do tipo Regular com a mare Vazante e vento Nordeste. Espécie: Sula leucogaster, Juvenil Não ,,,esta ameacada de extincao. Foi encontrado Morto em ambiente Arenoso com o Cod de carcaca 4 e Não apresentava oleo.</b><br>"
1593;"<b>Indivíduo de numero 1593 registrado pela equipe do Trecho 01 na cidade de Laguna (Santa Catarina), atraves de monitoramento do tipo Regular com a mare Enchente e vento Nordeste. Espécie: Larus dominicanus, Adulto Não ,,,esta ameacada de extincao. Foi encontrado Vivo em ambiente Arenoso com o Cod de carcaca 1 e Não apresentava oleo.</b><br>"
1594;"<b>Indivíduo de numero 1594 registrado pela equipe do Trecho 02 na cidade de Palhoça (Santa Catarina), atraves de monitoramento do tipo Regular com a mare Enchente e vento Nordeste. Espécie: Chelonia mydas, Juvenil Sim ,,,esta ameacada de extincao. Foi encontrado Morto em ambiente Arenoso com o Cod de carcaca 3 e Não apresentava oleo.</b><br>"
1595;"<b>Indivíduo de numero 1595 registrado pela equipe do Trecho 04 na cidade de Governador Celso Ramos (Santa Catarina), atraves de monitoramento do tipo Acionamento com a mare Enchente e vento Nordeste. Espécie: Phalacrocorax brasilianus, Juvenil Não ,,,esta ameacada de extincao. Foi encontrado Vivo em ambiente Arenoso com o Cod de carcaca 1 e Não apresentava oleo.</b><br>"
1596;"<b>Indivíduo de numero 1596 registrado pela equipe do Trecho 04 na cidade de Penha (Santa Catarina), atraves de monitoramento do tipo Acionamento com a mare Indeterminado e vento N/A. Espécie: Chelonia mydas, Juvenil Sim ,,,esta ameacada de extincao. Foi encontrado Vivo em ambiente Água com o Cod de carcaca 1 e Não apresentava oleo.</b><br>"
1597;"<b>Indivíduo de numero 1597 registrado pela equipe do Trecho 04 na cidade de Governador Celso Ramos (Santa Catarina), atraves de monitoramento do tipo Acionamento com a mare Enchente e vento Nordeste. Espécie: Caretta caretta, Juvenil Sim ,,,esta ameacada de extincao. Foi encontrado Morto em ambiente Arenoso com o Cod de carcaca 4 e Não apresentava oleo.</b><br>"
1598;"<b>Indivíduo de numero 1598 registrado pela equipe do Trecho 05 na cidade de Araquari,Balneário Barra Do Sul,Barra Velha (Santa Catarina), atraves de monitoramento do tipo Regular com a mare Enchente e vento N/A. Espécie: Caretta caretta, Indeterminado Sim ,,,esta ameacada de extincao. Foi encontrado Morto em ambiente Arenoso com o Cod de carcaca 4 e Não apresentava oleo.</b><br>"
1599;"<b>Indivíduo de numero 1599 registrado pela equipe do Trecho 05 na cidade de Araquari,Balneário Barra Do Sul,Barra Velha (Santa Catarina), atraves de monitoramento do tipo Regular com a mare Enchente e vento N/A. Espécie: Puffinus puffinus, Indeterminado Não ,,,esta ameacada de extincao. Foi encontrado Morto em ambiente Arenoso com o Cod de carcaca 4 e Não apresentava oleo.</b><br>"
1600;"<b>Indivíduo de numero 1600 registrado pela equipe do Trecho 05 na cidade de São Francisco Do Sul (Santa Catarina), atraves de monitoramento do tipo Regular com a mare Enchente e vento Nordeste. Espécie: Procellaria aequinoctialis, Indeterminado Não ,,,esta ameacada de extincao. Foi encontrado Morto em ambiente Arenoso com o Cod de carcaca 4 e Não apresentava oleo.</b><br>"
1601;"<b>Indivíduo de numero 1601 registrado pela equipe do Trecho 05 na cidade de São Francisco Do Sul (Santa Catarina), atraves de monitoramento do tipo Regular com a mare Vazante e vento Nordeste. Espécie: Spheniscus magellanicus, Indeterminado Não ,,,esta ameacada de extincao. Foi encontrado Morto em ambiente Arenoso com o Cod de carcaca 4 e Não apresentava oleo.</b><br>"
1602;"<b>Indivíduo de numero 1602 registrado pela equipe do Trecho 05 na cidade de São Francisco Do Sul (Santa Catarina), atraves de monitoramento do tipo Regular com a mare Vazante e vento Nordeste. Espécie: Thalassarche chlororhynchos, Juvenil Sim ,,,esta ameacada de extincao. Foi encontrado Morto em ambiente Arenoso com o Cod de carcaca 4 e Não apresentava oleo.</b><br>"
1603;"<b>Indivíduo de numero 1603 registrado pela equipe do Trecho 05 na cidade de São Francisco Do Sul (Santa Catarina), atraves de monitoramento do tipo Regular com a mare Vazante e vento Nordeste. Espécie: Macronectes giganteus, Juvenil Não ,,,esta ameacada de extincao. Foi encontrado Morto em ambiente Arenoso com o Cod de carcaca 4 e Não apresentava oleo.</b><br>"
1604;"<b>Indivíduo de numero 1604 registrado pela equipe do Trecho 05 na cidade de Itapoá (Santa Catarina), atraves de monitoramento do tipo Regular com a mare Enchente e vento Nordeste. Espécie: Stenella frontalis, Indeterminado Não ,,,esta ameacada de extincao. Foi encontrado Morto em ambiente Outros com o Cod de carcaca 4 e Não apresentava oleo.</b><br>"
1605;"<b>Indivíduo de numero 1605 registrado pela equipe do Trecho 05 na cidade de Itapoá (Santa Catarina), atraves de monitoramento do tipo Regular com a mare Enchente e vento Nordeste. Espécie: Pterodroma mollis, Adulto Não ,,,esta ameacada de extincao. Foi encontrado Vivo em ambiente Outros com o Cod de carcaca 1 e Não apresentava oleo.</b><br>"
1606;"<b>Indivíduo de numero 1606 registrado pela equipe do Trecho 05 na cidade de Itapoá (Santa Catarina), atraves de monitoramento do tipo Regular com a mare Vazante e vento Sudeste. Espécie: Dermochelys coriacea, Indeterminado Sim ,,,esta ameacada de extincao. Foi encontrado Morto em ambiente Arenoso com o Cod de carcaca 4 e Não apresentava oleo.</b><br>"
1607;"<b>Indivíduo de numero 1607 registrado pela equipe do Trecho 05 na cidade de Itapoá (Santa Catarina), atraves de monitoramento do tipo Regular com a mare Vazante e vento Sudeste. Espécie: Puffinus puffinus, Indeterminado Não ,,,esta ameacada de extincao. Foi encontrado Morto em ambiente Arenoso com o Cod de carcaca 4 e Não apresentava oleo.</b><br>"
1608;"<b>Indivíduo de numero 1608 registrado pela equipe do Trecho 05 na cidade de Itapoá (Santa Catarina), atraves de monitoramento do tipo Regular com a mare Vazante e vento Sudeste. Espécie: Procellaria aequinoctialis, Indeterminado Não ,,,esta ameacada de extincao. Foi encontrado Morto em ambiente Arenoso com o Cod de carcaca 4 e Não apresentava oleo.</b><br>"
1609;"<b>Indivíduo de numero 1609 registrado pela equipe do Trecho 05 na cidade de Itapoá (Santa Catarina), atraves de monitoramento do tipo Regular com a mare Vazante e vento Sudeste. Espécie: Puffinus puffinus, Juvenil Não ,,,esta ameacada de extincao. Foi encontrado Morto em ambiente Arenoso com o Cod de carcaca 4 e Não apresentava oleo.</b><br>"
1610;"<b>Indivíduo de numero 1610 registrado pela equipe do Trecho 06 na cidade de Matinhos,Pontal Do Paraná (Paraná), atraves de monitoramento do tipo Regular com a mare Enchente e vento Nordeste. Espécie: Puffinus puffinus, Indeterminado Não ,,,esta ameacada de extincao. Foi encontrado Morto em ambiente Arenoso com o Cod de carcaca 5 e Não apresentava oleo.</b><br>"
1611;"<b>Indivíduo de numero 1611 registrado pela equipe do Trecho 06 na cidade de Matinhos,Pontal Do Paraná (Paraná), atraves de monitoramento do tipo Regular com a mare Vazante e vento Leste. Espécie: Sotalia guianensis, Adulto Sim ,,,esta ameacada de extincao. Foi encontrado Morto em ambiente Arenoso com o Cod de carcaca 4 e Não apresentava oleo.</b><br>"
1612;"<b>Indivíduo de numero 1612 registrado pela equipe do Trecho 06 na cidade de Matinhos,Pontal Do Paraná (Paraná), atraves de monitoramento do tipo Regular com a mare Vazante e vento Leste. Espécie: Chelonia mydas, Juvenil Sim ,,,esta ameacada de extincao. Foi encontrado Morto em ambiente Arenoso com o Cod de carcaca 4 e Não apresentava oleo.</b><br>"
1613;"<b>Indivíduo de numero 1613 registrado pela equipe do Trecho 06 na cidade de Matinhos,Pontal Do Paraná (Paraná), atraves de monitoramento do tipo Regular com a mare Vazante e vento Leste. Espécie: Chelonia mydas, Juvenil Sim ,,,esta ameacada de extincao. Foi encontrado Morto em ambiente Arenoso com o Cod de carcaca 4 e Não apresentava oleo.</b><br>"
1614;"<b>Indivíduo de numero 1614 registrado pela equipe do Trecho 06 na cidade de Guaraqueçaba (Paraná), atraves de monitoramento do tipo Regular com a mare Vazante e vento Norte. Espécie: Chelonia mydas, Juvenil Sim ,,,esta ameacada de extincao. Foi encontrado Morto em ambiente Arenoso com o Cod de carcaca 4 e Não apresentava oleo.</b><br>"
1615;"<b>Indivíduo de numero 1615 registrado pela equipe do Trecho 06 na cidade de Guaraqueçaba (Paraná), atraves de monitoramento do tipo Regular com a mare Vazante e vento Norte. Espécie: Caretta caretta, Indeterminado Sim ,,,esta ameacada de extincao. Foi encontrado Morto em ambiente Arenoso com o Cod de carcaca 4 e Não apresentava oleo.</b><br>"
1616;"<b>Indivíduo de numero 1616 registrado pela equipe do Trecho 06 na cidade de Guaraqueçaba (Paraná), atraves de monitoramento do tipo Regular com a mare Vazante e vento Norte. Espécie: Caretta caretta, Juvenil Sim ,,,esta ameacada de extincao. Foi encontrado Morto em ambiente Arenoso com o Cod de carcaca 4 e Não apresentava oleo.</b><br>"
1617;"<b>Indivíduo de numero 1617 registrado pela equipe do Trecho 06 na cidade de Paranaguá (Paraná), atraves de monitoramento do tipo Regular com a mare Vazante e vento Noroeste. Espécie: Caretta caretta, Juvenil Sim ,,,esta ameacada de extincao. Foi encontrado Morto em ambiente Arenoso com o Cod de carcaca 4 e Não apresentava oleo.</b><br>"
1619;"<b>Indivíduo de numero 1619 registrado pela equipe do Trecho 01 na cidade de Laguna (Santa Catarina), atraves de monitoramento do tipo Regular com a mare Enchente e vento Nordeste. Espécie: Larus dominicanus, Adulto Não ,,,esta ameacada de extincao. Foi encontrado Vivo em ambiente Arenoso com o Cod de carcaca 1 e Não apresentava oleo.</b><br>"
1620;"<b>Indivíduo de numero 1620 registrado pela equipe do Trecho 03 na cidade de Florianópolis (Santa Catarina), atraves de monitoramento do tipo Regular com a mare Vazante e vento Sul. Espécie: Caretta caretta, Juvenil Sim ,,,esta ameacada de extincao. Foi encontrado Morto em ambiente Arenoso com o Cod de carcaca 4 e Não apresentava oleo.</b><br>"
1621;"<b>Indivíduo de numero 1621 registrado pela equipe do Trecho 03 na cidade de Florianópolis (Santa Catarina), atraves de monitoramento do tipo Regular com a mare Vazante e vento Sul. Espécie: Chelonia mydas, Juvenil Sim ,,,esta ameacada de extincao. Foi encontrado Morto em ambiente Arenoso com o Cod de carcaca 5 e Não apresentava oleo.</b><br>"
1622;"<b>Indivíduo de numero 1622 registrado pela equipe do Trecho 04 na cidade de Bombinhas (Santa Catarina), atraves de monitoramento do tipo Acionamento com a mare Vazia e vento Nordeste. Espécie: Chelonia mydas, Juvenil Sim ,,,esta ameacada de extincao. Foi encontrado Vivo em ambiente Arenoso com o Cod de carcaca 1 e Não apresentava oleo.</b><br>"
1623;"<b>Indivíduo de numero 1623 registrado pela equipe do Trecho 04 na cidade de Bombinhas (Santa Catarina), atraves de monitoramento do tipo Acionamento com a mare Vazante e vento Nordeste. Espécie: Spheniscus magellanicus, Juvenil Não ,,,esta ameacada de extincao. Foi encontrado Morto em ambiente Arenoso com o Cod de carcaca 4 e Não apresentava oleo.</b><br>"
1624;"<b>Indivíduo de numero 1624 registrado pela equipe do Trecho 04 na cidade de Navegantes (Santa Catarina), atraves de monitoramento do tipo Acionamento com a mare Enchente e vento Nordeste. Espécie: Phimosus infuscatus, Juvenil Não ,,,esta ameacada de extincao. Foi encontrado Vivo em ambiente Arenoso com o Cod de carcaca 1 e Não apresentava oleo.</b><br>"
1625;"<b>Indivíduo de numero 1625 registrado pela equipe do Trecho 04 na cidade de Navegantes (Santa Catarina), atraves de monitoramento do tipo Regular com a mare Enchente e vento Nordeste. Espécie: Thalassarche chlororhynchos, Juvenil Sim ,,,esta ameacada de extincao. Foi encontrado Morto em ambiente Arenoso com o Cod de carcaca 4 e Não apresentava oleo.</b><br>"
1626;"<b>Indivíduo de numero 1626 registrado pela equipe do Trecho 04 na cidade de Navegantes (Santa Catarina), atraves de monitoramento do tipo Regular com a mare Enchente e vento Nordeste. Espécie: Chelonia mydas, Juvenil Sim ,,,esta ameacada de extincao. Foi encontrado Morto em ambiente Arenoso com o Cod de carcaca 4 e Não apresentava oleo.</b><br>"
1627;"<b>Indivíduo de numero 1627 registrado pela equipe do Trecho 04 na cidade de Penha (Santa Catarina), atraves de monitoramento do tipo Regular com a mare Enchente e vento Leste. Espécie: Chelonia mydas, Juvenil Sim ,,,esta ameacada de extincao. Foi encontrado Morto em ambiente Arenoso com o Cod de carcaca 4 e Não apresentava oleo.</b><br>"
1628;"<b>Indivíduo de numero 1628 registrado pela equipe do Trecho 04 na cidade de Balneário Piçarras (Santa Catarina), atraves de monitoramento do tipo Regular com a mare Enchente e vento Nordeste. Espécie: Chelonia mydas, Juvenil Sim ,,,esta ameacada de extincao. Foi encontrado Morto em ambiente Arenoso com o Cod de carcaca 4 e Não apresentava oleo.</b><br>"
1629;"<b>Indivíduo de numero 1629 registrado pela equipe do Trecho 04 na cidade de Balneário Piçarras (Santa Catarina), atraves de monitoramento do tipo Regular com a mare Enchente e vento Nordeste. Espécie: Pontoporia blainvillei, Filhote Sim ,,,esta ameacada de extincao. Foi encontrado Morto em ambiente Arenoso com o Cod de carcaca 4 e Não apresentava oleo.</b><br>"
1630;"<b>Indivíduo de numero 1630 registrado pela equipe do Trecho 04 na cidade de Barra Velha (Santa Catarina), atraves de monitoramento do tipo Regular com a mare Vazante e vento Nordeste. Espécie: Chelonia mydas, Juvenil Sim ,,,esta ameacada de extincao. Foi encontrado Morto em ambiente Arenoso com o Cod de carcaca 4 e Não apresentava oleo.</b><br>"
1631;"<b>Indivíduo de numero 1631 registrado pela equipe do Trecho 04 na cidade de Itajaí (Santa Catarina), atraves de monitoramento do tipo Acionamento com a mare Enchente e vento Nordeste. Espécie: Chelonia mydas, Juvenil Sim ,,,esta ameacada de extincao. Foi encontrado Morto em ambiente Arenoso com o Cod de carcaca 4 e Não apresentava oleo.</b><br>"
1632;"<b>Indivíduo de numero 1632 registrado pela equipe do Trecho 04 na cidade de Itapema (Santa Catarina), atraves de monitoramento do tipo Acionamento com a mare Vazante e vento Nordeste. Espécie: Caretta caretta, Juvenil Sim ,,,esta ameacada de extincao. Foi encontrado Morto em ambiente Arenoso com o Cod de carcaca 4 e Não apresentava oleo.</b><br>"
1633;"<b>Indivíduo de numero 1633 registrado pela equipe do Trecho 04 na cidade de Itapema (Santa Catarina), atraves de monitoramento do tipo Regular com a mare Vazante e vento Nordeste. Espécie: Caretta caretta, Indeterminado Sim ,,,esta ameacada de extincao. Foi encontrado Morto em ambiente Arenoso com o Cod de carcaca 4 e Não apresentava oleo.</b><br>"
1634;"<b>Indivíduo de numero 1634 registrado pela equipe do Trecho 05 na cidade de São Francisco Do Sul (Santa Catarina), atraves de monitoramento do tipo Acionamento com a mare Indeterminado e vento Noroeste. Espécie: Puffinus puffinus, Juvenil Não ,,,esta ameacada de extincao. Foi encontrado Vivo em ambiente Arenoso com o Cod de carcaca 1 e Não apresentava oleo.</b><br>"
1635;"<b>Indivíduo de numero 1635 registrado pela equipe do Trecho 06 na cidade de Matinhos,Pontal Do Paraná (Paraná), atraves de monitoramento do tipo Acionamento com a mare Enchente e vento Sul. Espécie: Pontoporia blainvillei, Adulto Sim ,,,esta ameacada de extincao. Foi encontrado Morto em ambiente Arenoso com o Cod de carcaca 4 e Não apresentava oleo.</b><br>"
1636;"<b>Indivíduo de numero 1636 registrado pela equipe do Trecho 01 na cidade de Imbituba (Santa Catarina), atraves de monitoramento do tipo Acionamento com a mare Vazante e vento Nordeste. Espécie: Spheniscus magellanicus, Juvenil Não ,,,esta ameacada de extincao. Foi encontrado Morto em ambiente Arenoso com o Cod de carcaca 4 e Não apresentava oleo.</b><br>"
1637;"<b>Indivíduo de numero 1637 registrado pela equipe do Trecho 01 na cidade de Laguna (Santa Catarina), atraves de monitoramento do tipo Regular com a mare Enchente e vento Nordeste. Espécie: Spheniscus magellanicus, Juvenil Não ,,,esta ameacada de extincao. Foi encontrado Morto em ambiente Arenoso com o Cod de carcaca 4 e Não apresentava oleo.</b><br>"
1638;"<b>Indivíduo de numero 1638 registrado pela equipe do Trecho 01 na cidade de Imbituba (Santa Catarina), atraves de monitoramento do tipo Regular com a mare Enchente e vento Nordeste. Espécie: Larus dominicanus, Adulto Não ,,,esta ameacada de extincao. Foi encontrado Morto em ambiente Arenoso com o Cod de carcaca 5 e Não apresentava oleo.</b><br>"
1639;"<b>Indivíduo de numero 1639 registrado pela equipe do Trecho 01 na cidade de Imbituba (Santa Catarina), atraves de monitoramento do tipo Regular com a mare Enchente e vento Nordeste. Espécie: Spheniscus magellanicus, Adulto Não ,,,esta ameacada de extincao. Foi encontrado Morto em ambiente Arenoso com o Cod de carcaca 4 e Não apresentava oleo.</b><br>"
1640;"<b>Indivíduo de numero 1640 registrado pela equipe do Trecho 06 na cidade de Guaratuba (Paraná), atraves de monitoramento do tipo Acionamento com a mare Enchente e vento Norte. Espécie: Caretta caretta, Juvenil Sim ,,,esta ameacada de extincao. Foi encontrado Morto em ambiente Arenoso com o Cod de carcaca 4 e Não apresentava oleo.</b><br>"
1641;"<b>Indivíduo de numero 1641 registrado pela equipe do Trecho 06 na cidade de Guaraqueçaba (Paraná), atraves de monitoramento do tipo Regular com a mare Enchente e vento Nordeste. Espécie: Pontoporia blainvillei, Indeterminado Sim ,,,esta ameacada de extincao. Foi encontrado Morto em ambiente Arenoso com o Cod de carcaca 5 e Não apresentava oleo.</b><br>"
1642;"<b>Indivíduo de numero 1642 registrado pela equipe do Trecho 06 na cidade de Guaratuba (Paraná), atraves de monitoramento do tipo Regular com a mare Vazia e vento Noroeste. Espécie: Chelonia mydas, Juvenil Sim ,,,esta ameacada de extincao. Foi encontrado Morto em ambiente Arenoso com o Cod de carcaca 4 e Não apresentava oleo.</b><br>"
1643;"<b>Indivíduo de numero 1643 registrado pela equipe do Trecho 06 na cidade de Guaratuba (Paraná), atraves de monitoramento do tipo Regular com a mare Vazia e vento Noroeste. Espécie: Chelonia mydas, Juvenil Sim ,,,esta ameacada de extincao. Foi encontrado Morto em ambiente Arenoso com o Cod de carcaca 4 e Não apresentava oleo.</b><br>"
1644;"<b>Indivíduo de numero 1644 registrado pela equipe do Trecho 06 na cidade de Guaratuba (Paraná), atraves de monitoramento do tipo Regular com a mare Vazia e vento Noroeste. Espécie: Sula leucogaster, Indeterminado Não ,,,esta ameacada de extincao. Foi encontrado Morto em ambiente Arenoso com o Cod de carcaca 5 e Não apresentava oleo.</b><br>"
1645;"<b>Indivíduo de numero 1645 registrado pela equipe do Trecho 05 na cidade de São Francisco Do Sul (Santa Catarina), atraves de monitoramento do tipo Acionamento com a mare Enchente e vento Sudeste. Espécie: Spheniscus magellanicus, Indeterminado Não ,,,esta ameacada de extincao. Foi encontrado Morto em ambiente Arenoso com o Cod de carcaca 4 e Não apresentava oleo.</b><br>"
1646;"<b>Indivíduo de numero 1646 registrado pela equipe do Trecho 03 na cidade de Florianópolis (Santa Catarina), atraves de monitoramento do tipo Regular com a mare Enchente e vento Nordeste. Espécie: Chelonia mydas, Juvenil Sim ,,,esta ameacada de extincao. Foi encontrado Morto em ambiente Arenoso com o Cod de carcaca 4 e Não apresentava oleo.</b><br>"
1647;"<b>Indivíduo de numero 1647 registrado pela equipe do Trecho 03 na cidade de Florianópolis (Santa Catarina), atraves de monitoramento do tipo Regular com a mare Enchente e vento Nordeste. Espécie: Spheniscus magellanicus, Juvenil Não ,,,esta ameacada de extincao. Foi encontrado Morto em ambiente Arenoso com o Cod de carcaca 4 e Não apresentava oleo.</b><br>"
1648;"<b>Indivíduo de numero 1648 registrado pela equipe do Trecho 05 na cidade de São Francisco Do Sul (Santa Catarina), atraves de monitoramento do tipo Regular com a mare Vazante e vento Sudeste. Espécie: Puffinus gravis, Adulto Não ,,,esta ameacada de extincao. Foi encontrado Vivo em ambiente Rochoso com o Cod de carcaca 1 e Não apresentava oleo.</b><br>"
1649;"<b>Indivíduo de numero 1649 registrado pela equipe do Trecho 02 na cidade de Imbituba (Santa Catarina), atraves de monitoramento do tipo Acionamento com a mare Vazante e vento Nordeste. Espécie: Pontoporia blainvillei, Juvenil Sim ,,,esta ameacada de extincao. Foi encontrado Morto em ambiente Arenoso com o Cod de carcaca 5 e Não apresentava oleo.</b><br>"
1650;"<b>Indivíduo de numero 1650 registrado pela equipe do Trecho 06 na cidade de Matinhos (Paraná), atraves de monitoramento do tipo Regular com a mare Enchente e vento Nordeste. Espécie: Dermochelys coriacea, Adulto Sim ,,,esta ameacada de extincao. Foi encontrado Morto em ambiente Arenoso com o Cod de carcaca 4 e Não apresentava oleo.</b><br>"
1651;"<b>Indivíduo de numero 1651 registrado pela equipe do Trecho 06 na cidade de Matinhos,Pontal Do Paraná (Paraná), atraves de monitoramento do tipo Regular com a mare Vazia e vento Nordeste. Espécie: Spheniscus magellanicus, Juvenil Não ,,,esta ameacada de extincao. Foi encontrado Morto em ambiente Arenoso com o Cod de carcaca 4 e Não apresentava oleo.</b><br>"
1652;"<b>Indivíduo de numero 1652 registrado pela equipe do Trecho 06 na cidade de Matinhos,Pontal Do Paraná (Paraná), atraves de monitoramento do tipo Regular com a mare Vazante e vento Nordeste. Espécie: Puffinus puffinus, Indeterminado Não ,,,esta ameacada de extincao. Foi encontrado Morto em ambiente Arenoso com o Cod de carcaca 4 e Não apresentava oleo.</b><br>"
1653;"<b>Indivíduo de numero 1653 registrado pela equipe do Trecho 06 na cidade de Matinhos,Pontal Do Paraná (Paraná), atraves de monitoramento do tipo Regular com a mare Vazante e vento Nordeste. Espécie: Chelonia mydas, Juvenil Sim ,,,esta ameacada de extincao. Foi encontrado Morto em ambiente Arenoso com o Cod de carcaca 4 e Não apresentava oleo.</b><br>"
1654;"<b>Indivíduo de numero 1654 registrado pela equipe do Trecho 04 na cidade de Itapema (Santa Catarina), atraves de monitoramento do tipo Regular com a mare Vazante e vento Nordeste. Espécie: Spheniscus magellanicus, Juvenil Não ,,,esta ameacada de extincao. Foi encontrado Morto em ambiente Arenoso com o Cod de carcaca 4 e Não apresentava oleo.</b><br>"
1655;"<b>Indivíduo de numero 1655 registrado pela equipe do Trecho 06 na cidade de Paranaguá (Paraná), atraves de monitoramento do tipo Regular com a mare Vazante e vento Sul. Espécie: Pontoporia blainvillei, Indeterminado Sim ,,,esta ameacada de extincao. Foi encontrado Morto em ambiente Arenoso com o Cod de carcaca 4 e Não apresentava oleo.</b><br>"
1656;"<b>Indivíduo de numero 1656 registrado pela equipe do Trecho 05 na cidade de São Francisco Do Sul (Santa Catarina), atraves de monitoramento do tipo Regular com a mare Vazante e vento Nordeste. Espécie: Spheniscus magellanicus, Indeterminado Não ,,,esta ameacada de extincao. Foi encontrado Morto em ambiente Arenoso com o Cod de carcaca 4 e Não apresentava oleo.</b><br>"
1657;"<b>Indivíduo de numero 1657 registrado pela equipe do Trecho 01 na cidade de Laguna (Santa Catarina), atraves de monitoramento do tipo Regular com a mare Enchente e vento Nordeste. Espécie: Spheniscus magellanicus, Juvenil Não ,,,esta ameacada de extincao. Foi encontrado Morto em ambiente Arenoso com o Cod de carcaca 4 e Não apresentava oleo.</b><br>"
1658;"<b>Indivíduo de numero 1658 registrado pela equipe do Trecho 01 na cidade de Laguna (Santa Catarina), atraves de monitoramento do tipo Regular com a mare Enchente e vento Nordeste. Espécie: Spheniscus magellanicus, Juvenil Não ,,,esta ameacada de extincao. Foi encontrado Morto em ambiente Arenoso com o Cod de carcaca 4 e Não apresentava oleo.</b><br>"
1659;"<b>Indivíduo de numero 1659 registrado pela equipe do Trecho 01 na cidade de Laguna (Santa Catarina), atraves de monitoramento do tipo Regular com a mare Enchente e vento Nordeste. Espécie: Spheniscus magellanicus, Juvenil Não ,,,esta ameacada de extincao. Foi encontrado Morto em ambiente Arenoso com o Cod de carcaca 4 e Não apresentava oleo.</b><br>"
1660;"<b>Indivíduo de numero 1660 registrado pela equipe do Trecho 01 na cidade de Laguna (Santa Catarina), atraves de monitoramento do tipo Regular com a mare Enchente e vento Nordeste. Espécie: Spheniscus magellanicus, Juvenil Não ,,,esta ameacada de extincao. Foi encontrado Morto em ambiente Arenoso com o Cod de carcaca 4 e Não apresentava oleo.</b><br>"
1661;"<b>Indivíduo de numero 1661 registrado pela equipe do Trecho 01 na cidade de Laguna (Santa Catarina), atraves de monitoramento do tipo Regular com a mare Enchente e vento Nordeste. Espécie: Spheniscus magellanicus, Juvenil Não ,,,esta ameacada de extincao. Foi encontrado Morto em ambiente Arenoso com o Cod de carcaca 4 e Não apresentava oleo.</b><br>"
1662;"<b>Indivíduo de numero 1662 registrado pela equipe do Trecho 01 na cidade de Laguna (Santa Catarina), atraves de monitoramento do tipo Regular com a mare Enchente e vento Nordeste. Espécie: Spheniscus magellanicus, Juvenil Não ,,,esta ameacada de extincao. Foi encontrado Morto em ambiente Arenoso com o Cod de carcaca 4 e Não apresentava oleo.</b><br>"
1663;"<b>Indivíduo de numero 1663 registrado pela equipe do Trecho 01 na cidade de Laguna (Santa Catarina), atraves de monitoramento do tipo Regular com a mare Enchente e vento Nordeste. Espécie: Spheniscus magellanicus, Juvenil Não ,,,esta ameacada de extincao. Foi encontrado Morto em ambiente Arenoso com o Cod de carcaca 4 e Não apresentava oleo.</b><br>"
1664;"<b>Indivíduo de numero 1664 registrado pela equipe do Trecho 01 na cidade de Laguna (Santa Catarina), atraves de monitoramento do tipo Regular com a mare Enchente e vento Nordeste. Espécie: Spheniscus magellanicus, Juvenil Não ,,,esta ameacada de extincao. Foi encontrado Morto em ambiente Arenoso com o Cod de carcaca 4 e Não apresentava oleo.</b><br>"
1665;"<b>Indivíduo de numero 1665 registrado pela equipe do Trecho 01 na cidade de Laguna (Santa Catarina), atraves de monitoramento do tipo Regular com a mare Enchente e vento Nordeste. Espécie: Spheniscus magellanicus, Juvenil Não ,,,esta ameacada de extincao. Foi encontrado Morto em ambiente Arenoso com o Cod de carcaca 4 e Não apresentava oleo.</b><br>"
1666;"<b>Indivíduo de numero 1666 registrado pela equipe do Trecho 01 na cidade de Laguna (Santa Catarina), atraves de monitoramento do tipo Regular com a mare Enchente e vento Nordeste. Espécie: Spheniscus magellanicus, Juvenil Não ,,,esta ameacada de extincao. Foi encontrado Morto em ambiente Arenoso com o Cod de carcaca 4 e Não apresentava oleo.</b><br>"
1667;"<b>Indivíduo de numero 1667 registrado pela equipe do Trecho 03 na cidade de Florianópolis (Santa Catarina), atraves de monitoramento do tipo Regular com a mare Vazante e vento Nordeste. Espécie: Chelonia mydas, Juvenil Sim ,,,esta ameacada de extincao. Foi encontrado Morto em ambiente Arenoso com o Cod de carcaca 4 e Não apresentava oleo.</b><br>"
1668;"<b>Indivíduo de numero 1668 registrado pela equipe do Trecho 03 na cidade de Florianópolis (Santa Catarina), atraves de monitoramento do tipo Regular com a mare Vazante e vento Nordeste. Espécie: Caretta caretta, Juvenil Sim ,,,esta ameacada de extincao. Foi encontrado Morto em ambiente Arenoso com o Cod de carcaca 4 e Não apresentava oleo.</b><br>"
1669;"<b>Indivíduo de numero 1669 registrado pela equipe do Trecho 04 na cidade de Governador Celso Ramos (Santa Catarina), atraves de monitoramento do tipo Regular com a mare Enchente e vento Nordeste. Espécie: Spheniscus magellanicus, Juvenil Não ,,,esta ameacada de extincao. Foi encontrado Morto em ambiente Arenoso com o Cod de carcaca 4 e Não apresentava oleo.</b><br>"
1670;"<b>Indivíduo de numero 1670 registrado pela equipe do Trecho 04 na cidade de Navegantes (Santa Catarina), atraves de monitoramento do tipo Regular com a mare Enchente e vento Nordeste. Espécie: Chelonia mydas, Juvenil Sim ,,,esta ameacada de extincao. Foi encontrado Morto em ambiente Arenoso com o Cod de carcaca 4 e Não apresentava oleo.</b><br>"
1671;"<b>Indivíduo de numero 1671 registrado pela equipe do Trecho 04 na cidade de Navegantes (Santa Catarina), atraves de monitoramento do tipo Regular com a mare Enchente e vento Nordeste. Espécie: Sula leucogaster, Juvenil Não ,,,esta ameacada de extincao. Foi encontrado Morto em ambiente Arenoso com o Cod de carcaca 4 e Não apresentava oleo.</b><br>"
1672;"<b>Indivíduo de numero 1672 registrado pela equipe do Trecho 05 na cidade de Itapoá (Santa Catarina), atraves de monitoramento do tipo Regular com a mare Enchente e vento Norte. Espécie: Procellaria aequinoctialis, Indeterminado Não ,,,esta ameacada de extincao. Foi encontrado Morto em ambiente Arenoso com o Cod de carcaca 4 e Não apresentava oleo.</b><br>"
1673;"<b>Indivíduo de numero 1673 registrado pela equipe do Trecho 05 na cidade de Itapoá (Santa Catarina), atraves de monitoramento do tipo Regular com a mare Vazia e vento Norte. Espécie: Caretta caretta, Indeterminado Sim ,,,esta ameacada de extincao. Foi encontrado Morto em ambiente Arenoso com o Cod de carcaca 5 e Não apresentava oleo.</b><br>"
1674;"<b>Indivíduo de numero 1674 registrado pela equipe do Trecho 05 na cidade de Itapoá (Santa Catarina), atraves de monitoramento do tipo Regular com a mare Vazia e vento Norte. Espécie: Puffinus puffinus, Indeterminado Não ,,,esta ameacada de extincao. Foi encontrado Morto em ambiente Arenoso com o Cod de carcaca 4 e Não apresentava oleo.</b><br>"
1675;"<b>Indivíduo de numero 1675 registrado pela equipe do Trecho 05 na cidade de Itapoá (Santa Catarina), atraves de monitoramento do tipo Regular com a mare Vazante e vento Nordeste. Espécie: Spheniscus magellanicus, Indeterminado Não ,,,esta ameacada de extincao. Foi encontrado Morto em ambiente Arenoso com o Cod de carcaca 4 e Não apresentava oleo.</b><br>"
1676;"<b>Indivíduo de numero 1676 registrado pela equipe do Trecho 05 na cidade de Itapoá (Santa Catarina), atraves de monitoramento do tipo Regular com a mare Vazante e vento Nordeste. Espécie: Chelonia mydas, Indeterminado Sim ,,,esta ameacada de extincao. Foi encontrado Morto em ambiente Arenoso com o Cod de carcaca 4 e Não apresentava oleo.</b><br>"
1677;"<b>Indivíduo de numero 1677 registrado pela equipe do Trecho 05 na cidade de Itapoá (Santa Catarina), atraves de monitoramento do tipo Regular com a mare Vazante e vento Nordeste. Espécie: Spheniscus magellanicus, Indeterminado Não ,,,esta ameacada de extincao. Foi encontrado Morto em ambiente Arenoso com o Cod de carcaca 4 e Não apresentava oleo.</b><br>"
1678;"<b>Indivíduo de numero 1678 registrado pela equipe do Trecho 04 na cidade de Barra Velha (Santa Catarina), atraves de monitoramento do tipo Regular com a mare Enchente e vento Leste. Espécie: Eretmochelys imbricata, Juvenil Sim ,,,esta ameacada de extincao. Foi encontrado Morto em ambiente Arenoso com o Cod de carcaca 4 e Não apresentava oleo.</b><br>"
1679;"<b>Indivíduo de numero 1679 registrado pela equipe do Trecho 02 na cidade de Garopaba (Santa Catarina), atraves de monitoramento do tipo Regular com a mare Enchente e vento Nordeste. Espécie: Spheniscus magellanicus, Juvenil Não ,,,esta ameacada de extincao. Foi encontrado Morto em ambiente Arenoso com o Cod de carcaca 4 e Não apresentava oleo.</b><br>"
1680;"<b>Indivíduo de numero 1680 registrado pela equipe do Trecho 02 na cidade de Garopaba (Santa Catarina), atraves de monitoramento do tipo Regular com a mare Enchente e vento Nordeste. Espécie: Phalacrocorax brasilianus, Indeterminado Não ,,,esta ameacada de extincao. Foi encontrado Morto em ambiente Arenoso com o Cod de carcaca 5 e Não apresentava oleo.</b><br>"
1681;"<b>Indivíduo de numero 1681 registrado pela equipe do Trecho 02 na cidade de Garopaba (Santa Catarina), atraves de monitoramento do tipo Regular com a mare Enchente e vento Nordeste. Espécie: Pontoporia blainvillei, Juvenil Sim ,,,esta ameacada de extincao. Foi encontrado Morto em ambiente Arenoso com o Cod de carcaca 5 e Não apresentava oleo.</b><br>"
1682;"<b>Indivíduo de numero 1682 registrado pela equipe do Trecho 02 na cidade de Palhoça (Santa Catarina), atraves de monitoramento do tipo Regular com a mare Vazante e vento Nordeste. Espécie: Spheniscus magellanicus, Juvenil Não ,,,esta ameacada de extincao. Foi encontrado Morto em ambiente Arenoso com o Cod de carcaca 4 e Não apresentava oleo.</b><br>"
1683;"<b>Indivíduo de numero 1683 registrado pela equipe do Trecho 02 na cidade de Palhoça (Santa Catarina), atraves de monitoramento do tipo Regular com a mare Vazante e vento Nordeste. Espécie: Spheniscus magellanicus, Juvenil Não ,,,esta ameacada de extincao. Foi encontrado Morto em ambiente Arenoso com o Cod de carcaca 4 e Não apresentava oleo.</b><br>"
1684;"<b>Indivíduo de numero 1684 registrado pela equipe do Trecho 06 na cidade de Pontal Do Paraná (Paraná), atraves de monitoramento do tipo Acionamento com a mare Vazia e vento N/A. Espécie: Sotalia guianensis, Juvenil Sim ,,,esta ameacada de extincao. Foi encontrado Morto em ambiente Arenoso com o Cod de carcaca 4 e Não apresentava oleo.</b><br>"
1685;"<b>Indivíduo de numero 1685 registrado pela equipe do Trecho 05 na cidade de Balneário Barra Do Sul (Santa Catarina), atraves de monitoramento do tipo Acionamento com a mare Indeterminado e vento N/A. Espécie: Spheniscus magellanicus, Indeterminado Não ,,,esta ameacada de extincao. Foi encontrado Vivo em ambiente Outros com o Cod de carcaca 1 e Não apresentava oleo.</b><br>"
1686;"<b>Indivíduo de numero 1686 registrado pela equipe do Trecho 05 na cidade de São Francisco Do Sul (Santa Catarina), atraves de monitoramento do tipo Acionamento com a mare Indeterminado e vento N/A. Espécie: Puffinus puffinus, Indeterminado Não ,,,esta ameacada de extincao. Foi encontrado Vivo em ambiente Outros com o Cod de carcaca 1 e Não apresentava oleo.</b><br>"
1687;"<b>Indivíduo de numero 1687 registrado pela equipe do Trecho 01 na cidade de Laguna (Santa Catarina), atraves de monitoramento do tipo Regular com a mare Enchente e vento Nordeste. Espécie: Spheniscus magellanicus, Juvenil Não ,,,esta ameacada de extincao. Foi encontrado Morto em ambiente Arenoso com o Cod de carcaca 4 e Não apresentava oleo.</b><br>"
1688;"<b>Indivíduo de numero 1688 registrado pela equipe do Trecho 01 na cidade de Laguna (Santa Catarina), atraves de monitoramento do tipo Regular com a mare Enchente e vento Nordeste. Espécie: Spheniscus magellanicus, Juvenil Não ,,,esta ameacada de extincao. Foi encontrado Morto em ambiente Arenoso com o Cod de carcaca 4 e Não apresentava oleo.</b><br>"
1689;"<b>Indivíduo de numero 1689 registrado pela equipe do Trecho 01 na cidade de Laguna (Santa Catarina), atraves de monitoramento do tipo Regular com a mare Enchente e vento Nordeste. Espécie: Spheniscus magellanicus, Juvenil Não ,,,esta ameacada de extincao. Foi encontrado Morto em ambiente Arenoso com o Cod de carcaca 4 e Não apresentava oleo.</b><br>"
1690;"<b>Indivíduo de numero 1690 registrado pela equipe do Trecho 01 na cidade de Laguna (Santa Catarina), atraves de monitoramento do tipo Regular com a mare Enchente e vento Nordeste. Espécie: Spheniscus magellanicus, Juvenil Não ,,,esta ameacada de extincao. Foi encontrado Morto em ambiente Arenoso com o Cod de carcaca 4 e Não apresentava oleo.</b><br>"
1691;"<b>Indivíduo de numero 1691 registrado pela equipe do Trecho 01 na cidade de Laguna (Santa Catarina), atraves de monitoramento do tipo Regular com a mare Enchente e vento Nordeste. Espécie: Spheniscus magellanicus, Juvenil Não ,,,esta ameacada de extincao. Foi encontrado Morto em ambiente Arenoso com o Cod de carcaca 4 e Não apresentava oleo.</b><br>"
1692;"<b>Indivíduo de numero 1692 registrado pela equipe do Trecho 01 na cidade de Laguna (Santa Catarina), atraves de monitoramento do tipo Regular com a mare Enchente e vento Nordeste. Espécie: Spheniscus magellanicus, Juvenil Não ,,,esta ameacada de extincao. Foi encontrado Morto em ambiente Arenoso com o Cod de carcaca 4 e Não apresentava oleo.</b><br>"
1693;"<b>Indivíduo de numero 1693 registrado pela equipe do Trecho 01 na cidade de Laguna (Santa Catarina), atraves de monitoramento do tipo Regular com a mare Enchente e vento Nordeste. Espécie: Spheniscus magellanicus, Juvenil Não ,,,esta ameacada de extincao. Foi encontrado Morto em ambiente Arenoso com o Cod de carcaca 4 e Não apresentava oleo.</b><br>"
1694;"<b>Indivíduo de numero 1694 registrado pela equipe do Trecho 01 na cidade de Laguna (Santa Catarina), atraves de monitoramento do tipo Regular com a mare Enchente e vento Nordeste. Espécie: Spheniscus magellanicus, Juvenil Não ,,,esta ameacada de extincao. Foi encontrado Morto em ambiente Arenoso com o Cod de carcaca 4 e Não apresentava oleo.</b><br>"
1695;"<b>Indivíduo de numero 1695 registrado pela equipe do Trecho 01 na cidade de Laguna (Santa Catarina), atraves de monitoramento do tipo Regular com a mare Enchente e vento Nordeste. Espécie: Spheniscus magellanicus, Juvenil Não ,,,esta ameacada de extincao. Foi encontrado Morto em ambiente Arenoso com o Cod de carcaca 4 e Não apresentava oleo.</b><br>"
1696;"<b>Indivíduo de numero 1696 registrado pela equipe do Trecho 01 na cidade de Laguna (Santa Catarina), atraves de monitoramento do tipo Regular com a mare Enchente e vento Nordeste. Espécie: Spheniscus magellanicus, Juvenil Não ,,,esta ameacada de extincao. Foi encontrado Morto em ambiente Arenoso com o Cod de carcaca 4 e Não apresentava oleo.</b><br>"
1697;"<b>Indivíduo de numero 1697 registrado pela equipe do Trecho 01 na cidade de Laguna (Santa Catarina), atraves de monitoramento do tipo Regular com a mare Enchente e vento Nordeste. Espécie: Spheniscus magellanicus, Juvenil Não ,,,esta ameacada de extincao. Foi encontrado Morto em ambiente Arenoso com o Cod de carcaca 4 e Não apresentava oleo.</b><br>"
1698;"<b>Indivíduo de numero 1698 registrado pela equipe do Trecho 01 na cidade de Laguna (Santa Catarina), atraves de monitoramento do tipo Regular com a mare Enchente e vento Nordeste. Espécie: Spheniscus magellanicus, Juvenil Não ,,,esta ameacada de extincao. Foi encontrado Morto em ambiente Arenoso com o Cod de carcaca 4 e Não apresentava oleo.</b><br>"
1699;"<b>Indivíduo de numero 1699 registrado pela equipe do Trecho 01 na cidade de Laguna (Santa Catarina), atraves de monitoramento do tipo Regular com a mare Enchente e vento Nordeste. Espécie: Spheniscus magellanicus, Juvenil Não ,,,esta ameacada de extincao. Foi encontrado Morto em ambiente Arenoso com o Cod de carcaca 4 e Não apresentava oleo.</b><br>"
1700;"<b>Indivíduo de numero 1700 registrado pela equipe do Trecho 01 na cidade de Laguna (Santa Catarina), atraves de monitoramento do tipo Regular com a mare Enchente e vento Nordeste. Espécie: Spheniscus magellanicus, Adulto Não ,,,esta ameacada de extincao. Foi encontrado Morto em ambiente Arenoso com o Cod de carcaca 4 e Não apresentava oleo.</b><br>"
1701;"<b>Indivíduo de numero 1701 registrado pela equipe do Trecho 01 na cidade de Laguna (Santa Catarina), atraves de monitoramento do tipo Regular com a mare Enchente e vento Nordeste. Espécie: Spheniscus magellanicus, Juvenil Não ,,,esta ameacada de extincao. Foi encontrado Morto em ambiente Arenoso com o Cod de carcaca 4 e Não apresentava oleo.</b><br>"
1702;"<b>Indivíduo de numero 1702 registrado pela equipe do Trecho 01 na cidade de Imbituba (Santa Catarina), atraves de monitoramento do tipo Regular com a mare Enchente e vento Nordeste. Espécie: Spheniscus magellanicus, Juvenil Não ,,,esta ameacada de extincao. Foi encontrado Morto em ambiente Arenoso com o Cod de carcaca 4 e Não apresentava oleo.</b><br>"
1703;"<b>Indivíduo de numero 1703 registrado pela equipe do Trecho 01 na cidade de Imbituba (Santa Catarina), atraves de monitoramento do tipo Regular com a mare Enchente e vento Nordeste. Espécie: Spheniscus magellanicus, Juvenil Não ,,,esta ameacada de extincao. Foi encontrado Morto em ambiente Arenoso com o Cod de carcaca 4 e Não apresentava oleo.</b><br>"
1704;"<b>Indivíduo de numero 1704 registrado pela equipe do Trecho 01 na cidade de Imbituba (Santa Catarina), atraves de monitoramento do tipo Regular com a mare Enchente e vento Nordeste. Espécie: Spheniscus magellanicus, Juvenil Não ,,,esta ameacada de extincao. Foi encontrado Morto em ambiente Arenoso com o Cod de carcaca 4 e Não apresentava oleo.</b><br>"
1705;"<b>Indivíduo de numero 1705 registrado pela equipe do Trecho 01 na cidade de Imbituba (Santa Catarina), atraves de monitoramento do tipo Regular com a mare Enchente e vento Nordeste. Espécie: Spheniscus magellanicus, Juvenil Não ,,,esta ameacada de extincao. Foi encontrado Morto em ambiente Arenoso com o Cod de carcaca 4 e Não apresentava oleo.</b><br>"
1706;"<b>Indivíduo de numero 1706 registrado pela equipe do Trecho 01 na cidade de Imbituba (Santa Catarina), atraves de monitoramento do tipo Regular com a mare Enchente e vento Nordeste. Espécie: Spheniscus magellanicus, Juvenil Não ,,,esta ameacada de extincao. Foi encontrado Morto em ambiente Arenoso com o Cod de carcaca 4 e Não apresentava oleo.</b><br>"
1707;"<b>Indivíduo de numero 1707 registrado pela equipe do Trecho 01 na cidade de Imbituba (Santa Catarina), atraves de monitoramento do tipo Regular com a mare Enchente e vento Nordeste. Espécie: Spheniscus magellanicus, Juvenil Não ,,,esta ameacada de extincao. Foi encontrado Morto em ambiente Arenoso com o Cod de carcaca 4 e Não apresentava oleo.</b><br>"
1708;"<b>Indivíduo de numero 1708 registrado pela equipe do Trecho 01 na cidade de Imbituba (Santa Catarina), atraves de monitoramento do tipo Regular com a mare Enchente e vento Nordeste. Espécie: Spheniscus magellanicus, Juvenil Não ,,,esta ameacada de extincao. Foi encontrado Morto em ambiente Arenoso com o Cod de carcaca 4 e Não apresentava oleo.</b><br>"
1709;"<b>Indivíduo de numero 1709 registrado pela equipe do Trecho 01 na cidade de Imbituba (Santa Catarina), atraves de monitoramento do tipo Regular com a mare Enchente e vento Nordeste. Espécie: Spheniscus magellanicus, Juvenil Não ,,,esta ameacada de extincao. Foi encontrado Morto em ambiente Arenoso com o Cod de carcaca 4 e Não apresentava oleo.</b><br>"
1710;"<b>Indivíduo de numero 1710 registrado pela equipe do Trecho 01 na cidade de Imbituba (Santa Catarina), atraves de monitoramento do tipo Regular com a mare Enchente e vento Nordeste. Espécie: Spheniscus magellanicus, Juvenil Não ,,,esta ameacada de extincao. Foi encontrado Morto em ambiente Arenoso com o Cod de carcaca 4 e Não apresentava oleo.</b><br>"
1711;"<b>Indivíduo de numero 1711 registrado pela equipe do Trecho 01 na cidade de Imbituba (Santa Catarina), atraves de monitoramento do tipo Regular com a mare Enchente e vento Nordeste. Espécie: Spheniscus magellanicus, Juvenil Não ,,,esta ameacada de extincao. Foi encontrado Morto em ambiente Arenoso com o Cod de carcaca 4 e Não apresentava oleo.</b><br>"
1712;"<b>Indivíduo de numero 1712 registrado pela equipe do Trecho 01 na cidade de Imbituba (Santa Catarina), atraves de monitoramento do tipo Regular com a mare Enchente e vento Nordeste. Espécie: Pontoporia blainvillei, Adulto Sim ,,,esta ameacada de extincao. Foi encontrado Morto em ambiente Arenoso com o Cod de carcaca 4 e Não apresentava oleo.</b><br>"
1713;"<b>Indivíduo de numero 1713 registrado pela equipe do Trecho 01 na cidade de Imbituba (Santa Catarina), atraves de monitoramento do tipo Regular com a mare Enchente e vento Nordeste. Espécie: Pontoporia blainvillei, Adulto Sim ,,,esta ameacada de extincao. Foi encontrado Morto em ambiente Arenoso com o Cod de carcaca 4 e Não apresentava oleo.</b><br>"
1714;"<b>Indivíduo de numero 1714 registrado pela equipe do Trecho 01 na cidade de Imbituba (Santa Catarina), atraves de monitoramento do tipo Regular com a mare Enchente e vento Nordeste. Espécie: Sterna hirundinacea, Adulto Não ,,,esta ameacada de extincao. Foi encontrado Morto em ambiente Arenoso com o Cod de carcaca 4 e Não apresentava oleo.</b><br>"
1715;"<b>Indivíduo de numero 1715 registrado pela equipe do Trecho 01 na cidade de Imbituba (Santa Catarina), atraves de monitoramento do tipo Regular com a mare Enchente e vento Nordeste. Espécie: Spheniscus magellanicus, Juvenil Não ,,,esta ameacada de extincao. Foi encontrado Morto em ambiente Arenoso com o Cod de carcaca 4 e Não apresentava oleo.</b><br>"
1716;"<b>Indivíduo de numero 1716 registrado pela equipe do Trecho 01 na cidade de Imbituba (Santa Catarina), atraves de monitoramento do tipo Regular com a mare Enchente e vento Nordeste. Espécie: Larus dominicanus, Adulto Não ,,,esta ameacada de extincao. Foi encontrado Morto em ambiente Arenoso com o Cod de carcaca 5 e Não apresentava oleo.</b><br>"
1717;"<b>Indivíduo de numero 1717 registrado pela equipe do Trecho 06 na cidade de Guaratuba (Paraná), atraves de monitoramento do tipo Regular com a mare Enchente e vento Norte. Espécie: Caretta caretta, Indeterminado Sim ,,,esta ameacada de extincao. Foi encontrado Morto em ambiente Arenoso com o Cod de carcaca 4 e Não apresentava oleo.</b><br>"
1718;"<b>Indivíduo de numero 1718 registrado pela equipe do Trecho 06 na cidade de Guaratuba (Paraná), atraves de monitoramento do tipo Regular com a mare Vazia e vento Noroeste. Espécie: Pontoporia blainvillei, Filhote Sim ,,,esta ameacada de extincao. Foi encontrado Morto em ambiente Arenoso com o Cod de carcaca 4 e Não apresentava oleo.</b><br>"
1719;"<b>Indivíduo de numero 1719 registrado pela equipe do Trecho 06 na cidade de Pontal Do Paraná (Paraná), atraves de monitoramento do tipo Acionamento com a mare Enchente e vento N/A. Espécie: Puffinus puffinus, Juvenil Não ,,,esta ameacada de extincao. Foi encontrado Vivo em ambiente Arenoso com o Cod de carcaca 1 e Não apresentava oleo.</b><br>"
1720;"<b>Indivíduo de numero 1720 registrado pela equipe do Trecho 04 na cidade de Penha (Santa Catarina), atraves de monitoramento do tipo Acionamento com a mare Enchente e vento Leste. Espécie: Caretta caretta, Juvenil Sim ,,,esta ameacada de extincao. Foi encontrado Morto em ambiente Arenoso com o Cod de carcaca 4 e Não apresentava oleo.</b><br>"
1721;"<b>Indivíduo de numero 1721 registrado pela equipe do Trecho 06 na cidade de Matinhos,Pontal Do Paraná (Paraná), atraves de monitoramento do tipo Regular com a mare Enchente e vento Sul. Espécie: Caretta caretta, Juvenil Sim ,,,esta ameacada de extincao. Foi encontrado Morto em ambiente Arenoso com o Cod de carcaca 4 e Não apresentava oleo.</b><br>"
1722;"<b>Indivíduo de numero 1722 registrado pela equipe do Trecho 06 na cidade de Matinhos,Pontal Do Paraná (Paraná), atraves de monitoramento do tipo Regular com a mare Enchente e vento Sul. Espécie: Caretta caretta, Juvenil Sim ,,,esta ameacada de extincao. Foi encontrado Morto em ambiente Arenoso com o Cod de carcaca 4 e Não apresentava oleo.</b><br>"
1723;"<b>Indivíduo de numero 1723 registrado pela equipe do Trecho 06 na cidade de Matinhos,Pontal Do Paraná (Paraná), atraves de monitoramento do tipo Regular com a mare Enchente e vento Sul. Espécie: Chelonia mydas, Juvenil Sim ,,,esta ameacada de extincao. Foi encontrado Morto em ambiente Arenoso com o Cod de carcaca 4 e Não apresentava oleo.</b><br>"
1724;"<b>Indivíduo de numero 1724 registrado pela equipe do Trecho 06 na cidade de Matinhos,Pontal Do Paraná (Paraná), atraves de monitoramento do tipo Regular com a mare Enchente e vento Sul. Espécie: Puffinus puffinus, Indeterminado Não ,,,esta ameacada de extincao. Foi encontrado Morto em ambiente Arenoso com o Cod de carcaca 4 e Não apresentava oleo.</b><br>"
1725;"<b>Indivíduo de numero 1725 registrado pela equipe do Trecho 06 na cidade de Matinhos,Pontal Do Paraná (Paraná), atraves de monitoramento do tipo Regular com a mare Enchente e vento Sul. Espécie: Puffinus puffinus, Indeterminado Não ,,,esta ameacada de extincao. Foi encontrado Morto em ambiente Arenoso com o Cod de carcaca 4 e Não apresentava oleo.</b><br>"
1726;"<b>Indivíduo de numero 1726 registrado pela equipe do Trecho 06 na cidade de Matinhos,Pontal Do Paraná (Paraná), atraves de monitoramento do tipo Regular com a mare Vazante e vento Sul. Espécie: Caretta caretta, Juvenil Sim ,,,esta ameacada de extincao. Foi encontrado Morto em ambiente Arenoso com o Cod de carcaca 4 e Não apresentava oleo.</b><br>"
1727;"<b>Indivíduo de numero 1727 registrado pela equipe do Trecho 06 na cidade de Matinhos,Pontal Do Paraná (Paraná), atraves de monitoramento do tipo Regular com a mare Vazante e vento Sul. Espécie: Caretta caretta, Juvenil Sim ,,,esta ameacada de extincao. Foi encontrado Morto em ambiente Arenoso com o Cod de carcaca 4 e Não apresentava oleo.</b><br>"
1728;"<b>Indivíduo de numero 1728 registrado pela equipe do Trecho 06 na cidade de Matinhos,Pontal Do Paraná (Paraná), atraves de monitoramento do tipo Regular com a mare Vazante e vento Sul. Espécie: Chelonia mydas, Juvenil Sim ,,,esta ameacada de extincao. Foi encontrado Morto em ambiente Arenoso com o Cod de carcaca 4 e Não apresentava oleo.</b><br>"
1729;"<b>Indivíduo de numero 1729 registrado pela equipe do Trecho 06 na cidade de Matinhos,Pontal Do Paraná (Paraná), atraves de monitoramento do tipo Regular com a mare Vazante e vento Sul. Espécie: Sotalia guianensis, Adulto Sim ,,,esta ameacada de extincao. Foi encontrado Morto em ambiente Arenoso com o Cod de carcaca 3 e Não apresentava oleo.</b><br>"
1730;"<b>Indivíduo de numero 1730 registrado pela equipe do Trecho 05 na cidade de São Francisco Do Sul (Santa Catarina), atraves de monitoramento do tipo Acionamento com a mare Enchente e vento Nordeste. Espécie: Chelonia mydas, Indeterminado Sim ,,,esta ameacada de extincao. Foi encontrado Morto em ambiente Arenoso com o Cod de carcaca 4 e Não apresentava oleo.</b><br>"
1731;"<b>Indivíduo de numero 1731 registrado pela equipe do Trecho 05 na cidade de São Francisco Do Sul (Santa Catarina), atraves de monitoramento do tipo Acionamento com a mare Enchente e vento Sudeste. Espécie: Chelonia mydas, Indeterminado Sim ,,,esta ameacada de extincao. Foi encontrado Vivo em ambiente Água com o Cod de carcaca 1 e Não apresentava oleo.</b><br>"
1732;"<b>Indivíduo de numero 1732 registrado pela equipe do Trecho 04 na cidade de Balneário Camboriú (Santa Catarina), atraves de monitoramento do tipo Acionamento com a mare Enchente e vento Sudeste. Espécie: Chelonia mydas, Juvenil Sim ,,,esta ameacada de extincao. Foi encontrado Morto em ambiente Arenoso com o Cod de carcaca 4 e Não apresentava oleo.</b><br>"
1735;"<b>Indivíduo de numero 1735 registrado pela equipe do Trecho 02 na cidade de Garopaba (Santa Catarina), atraves de monitoramento do tipo Regular com a mare Enchente e vento Nordeste. Espécie: Spheniscus magellanicus, Juvenil Não ,,,esta ameacada de extincao. Foi encontrado Morto em ambiente Arenoso com o Cod de carcaca 4 e Não apresentava oleo.</b><br>"
1736;"<b>Indivíduo de numero 1736 registrado pela equipe do Trecho 02 na cidade de Garopaba (Santa Catarina), atraves de monitoramento do tipo Regular com a mare Enchente e vento Nordeste. Espécie: Thalassarche chlororhynchos, Juvenil Sim ,,,esta ameacada de extincao. Foi encontrado Morto em ambiente Arenoso com o Cod de carcaca 5 e Não apresentava oleo.</b><br>"
1737;"<b>Indivíduo de numero 1737 registrado pela equipe do Trecho 02 na cidade de Garopaba (Santa Catarina), atraves de monitoramento do tipo Regular com a mare Enchente e vento Nordeste. Espécie: Spheniscus magellanicus, Juvenil Não ,,,esta ameacada de extincao. Foi encontrado Morto em ambiente Arenoso com o Cod de carcaca 4 e Não apresentava oleo.</b><br>"
1739;"<b>Indivíduo de numero 1739 registrado pela equipe do Trecho 02 na cidade de Garopaba (Santa Catarina), atraves de monitoramento do tipo Regular com a mare Enchente e vento Nordeste. Espécie: Pontoporia blainvillei, Indeterminado Sim ,,,esta ameacada de extincao. Foi encontrado Morto em ambiente Arenoso com o Cod de carcaca 5 e Não apresentava oleo.</b><br>"
1740;"<b>Indivíduo de numero 1740 registrado pela equipe do Trecho 01 na cidade de Laguna (Santa Catarina), atraves de monitoramento do tipo Regular com a mare Enchente e vento Nordeste. Espécie: Caretta caretta, Adulto Sim ,,,esta ameacada de extincao. Foi encontrado Morto em ambiente Arenoso com o Cod de carcaca 4 e Não apresentava oleo.</b><br>"
1741;"<b>Indivíduo de numero 1741 registrado pela equipe do Trecho 01 na cidade de Laguna (Santa Catarina), atraves de monitoramento do tipo Regular com a mare Enchente e vento Nordeste. Espécie: Spheniscus magellanicus, Juvenil Não ,,,esta ameacada de extincao. Foi encontrado Morto em ambiente Arenoso com o Cod de carcaca 4 e Não apresentava oleo.</b><br>"
1742;"<b>Indivíduo de numero 1742 registrado pela equipe do Trecho 01 na cidade de Laguna (Santa Catarina), atraves de monitoramento do tipo Regular com a mare Enchente e vento Nordeste. Espécie: Procellaria aequinoctialis, Indeterminado Não ,,,esta ameacada de extincao. Foi encontrado Morto em ambiente Arenoso com o Cod de carcaca 4 e Não apresentava oleo.</b><br>"
1743;"<b>Indivíduo de numero 1743 registrado pela equipe do Trecho 01 na cidade de Laguna (Santa Catarina), atraves de monitoramento do tipo Regular com a mare Enchente e vento Nordeste. Espécie: Larus dominicanus, Adulto Não ,,,esta ameacada de extincao. Foi encontrado Vivo em ambiente Arenoso com o Cod de carcaca 1 e Não apresentava oleo.</b><br>"
1744;"<b>Indivíduo de numero 1744 registrado pela equipe do Trecho 01 na cidade de Laguna (Santa Catarina), atraves de monitoramento do tipo Regular com a mare Enchente e vento Nordeste. Espécie: Larus dominicanus, Juvenil Não ,,,esta ameacada de extincao. Foi encontrado Morto em ambiente Arenoso com o Cod de carcaca 5 e Não apresentava oleo.</b><br>"
1745;"<b>Indivíduo de numero 1745 registrado pela equipe do Trecho 01 na cidade de Laguna (Santa Catarina), atraves de monitoramento do tipo Regular com a mare Enchente e vento Nordeste. Espécie: Larus dominicanus, Juvenil Não ,,,esta ameacada de extincao. Foi encontrado Morto em ambiente Arenoso com o Cod de carcaca 4 e Não apresentava oleo.</b><br>"
1746;"<b>Indivíduo de numero 1746 registrado pela equipe do Trecho 01 na cidade de Laguna (Santa Catarina), atraves de monitoramento do tipo Regular com a mare Enchente e vento Nordeste. Espécie: Spheniscus magellanicus, Juvenil Não ,,,esta ameacada de extincao. Foi encontrado Morto em ambiente Arenoso com o Cod de carcaca 4 e Não apresentava oleo.</b><br>"
1747;"<b>Indivíduo de numero 1747 registrado pela equipe do Trecho 04 na cidade de Governador Celso Ramos (Santa Catarina), atraves de monitoramento do tipo Regular com a mare Enchente e vento Leste. Espécie: Chelonia mydas, Juvenil Sim ,,,esta ameacada de extincao. Foi encontrado Morto em ambiente Arenoso com o Cod de carcaca 4 e Não apresentava oleo.</b><br>"
1748;"<b>Indivíduo de numero 1748 registrado pela equipe do Trecho 03 na cidade de Florianópolis (Santa Catarina), atraves de monitoramento do tipo Regular com a mare Enchente e vento Nordeste. Espécie: Spheniscus magellanicus, Juvenil Não ,,,esta ameacada de extincao. Foi encontrado Morto em ambiente Arenoso com o Cod de carcaca 4 e Não apresentava oleo.</b><br>"
1749;"<b>Indivíduo de numero 1749 registrado pela equipe do Trecho 03 na cidade de Florianópolis (Santa Catarina), atraves de monitoramento do tipo Regular com a mare Enchente e vento Nordeste. Espécie: Spheniscus magellanicus, Juvenil Não ,,,esta ameacada de extincao. Foi encontrado Morto em ambiente Arenoso com o Cod de carcaca 4 e Não apresentava oleo.</b><br>"
1750;"<b>Indivíduo de numero 1750 registrado pela equipe do Trecho 03 na cidade de Florianópolis (Santa Catarina), atraves de monitoramento do tipo Regular com a mare Enchente e vento Nordeste. Espécie: Spheniscus magellanicus, Juvenil Não ,,,esta ameacada de extincao. Foi encontrado Morto em ambiente Arenoso com o Cod de carcaca 4 e Não apresentava oleo.</b><br>"
1751;"<b>Indivíduo de numero 1751 registrado pela equipe do Trecho 03 na cidade de Florianópolis (Santa Catarina), atraves de monitoramento do tipo Regular com a mare Vazante e vento Nordeste. Espécie: Spheniscus magellanicus, Juvenil Não ,,,esta ameacada de extincao. Foi encontrado Morto em ambiente Arenoso com o Cod de carcaca 4 e Não apresentava oleo.</b><br>"
1752;"<b>Indivíduo de numero 1752 registrado pela equipe do Trecho 03 na cidade de Florianópolis (Santa Catarina), atraves de monitoramento do tipo Regular com a mare Enchente e vento Noroeste. Espécie: Pontoporia blainvillei, Indeterminado Sim ,,,esta ameacada de extincao. Foi encontrado Morto em ambiente Arenoso com o Cod de carcaca 5 e Não apresentava oleo.</b><br>"
1753;"<b>Indivíduo de numero 1753 registrado pela equipe do Trecho 03 na cidade de Florianópolis (Santa Catarina), atraves de monitoramento do tipo Regular com a mare Enchente e vento Noroeste. Espécie: Spheniscus magellanicus, Juvenil Não ,,,esta ameacada de extincao. Foi encontrado Morto em ambiente Arenoso com o Cod de carcaca 4 e Não apresentava oleo.</b><br>"
1754;"<b>Indivíduo de numero 1754 registrado pela equipe do Trecho 03 na cidade de Florianópolis (Santa Catarina), atraves de monitoramento do tipo Regular com a mare Enchente e vento Noroeste. Espécie: Spheniscus magellanicus, Juvenil Não ,,,esta ameacada de extincao. Foi encontrado Morto em ambiente Arenoso com o Cod de carcaca 5 e Não apresentava oleo.</b><br>"
1755;"<b>Indivíduo de numero 1755 registrado pela equipe do Trecho 03 na cidade de Florianópolis (Santa Catarina), atraves de monitoramento do tipo Regular com a mare Enchente e vento Noroeste. Espécie: Spheniscus magellanicus, Juvenil Não ,,,esta ameacada de extincao. Foi encontrado Morto em ambiente Arenoso com o Cod de carcaca 4 e Não apresentava oleo.</b><br>"
1756;"<b>Indivíduo de numero 1756 registrado pela equipe do Trecho 03 na cidade de Florianópolis (Santa Catarina), atraves de monitoramento do tipo Regular com a mare Enchente e vento Noroeste. Espécie: Thalassarche chlororhynchos, Adulto Sim ,,,esta ameacada de extincao. Foi encontrado Morto em ambiente Arenoso com o Cod de carcaca 5 e Não apresentava oleo.</b><br>"
1757;"<b>Indivíduo de numero 1757 registrado pela equipe do Trecho 03 na cidade de Florianópolis (Santa Catarina), atraves de monitoramento do tipo Regular com a mare Enchente e vento Noroeste. Espécie: Puffinus puffinus, Indeterminado Não ,,,esta ameacada de extincao. Foi encontrado Morto em ambiente Arenoso com o Cod de carcaca 4 e Não apresentava oleo.</b><br>"
1758;"<b>Indivíduo de numero 1758 registrado pela equipe do Trecho 04 na cidade de Itajaí (Santa Catarina), atraves de monitoramento do tipo Regular com a mare Enchente e vento Nordeste. Espécie: Caretta caretta, Juvenil Sim ,,,esta ameacada de extincao. Foi encontrado Morto em ambiente Arenoso com o Cod de carcaca 4 e Não apresentava oleo.</b><br>"
1759;"<b>Indivíduo de numero 1759 registrado pela equipe do Trecho 04 na cidade de Balneário Camboriú,Itajaí (Santa Catarina), atraves de monitoramento do tipo Regular com a mare Vazia e vento Nordeste. Espécie: Pontoporia blainvillei, Adulto Sim ,,,esta ameacada de extincao. Foi encontrado Morto em ambiente Arenoso com o Cod de carcaca 4 e Não apresentava oleo.</b><br>"
1760;"<b>Indivíduo de numero 1760 registrado pela equipe do Trecho 04 na cidade de Bombinhas (Santa Catarina), atraves de monitoramento do tipo Regular com a mare Enchente e vento Sudeste. Espécie: Chelonia mydas, Juvenil Sim ,,,esta ameacada de extincao. Foi encontrado Morto em ambiente Arenoso com o Cod de carcaca 4 e Não apresentava oleo.</b><br>"
1761;"<b>Indivíduo de numero 1761 registrado pela equipe do Trecho 03 na cidade de Florianópolis (Santa Catarina), atraves de monitoramento do tipo Regular com a mare Vazia e vento Nordeste. Espécie: Spheniscus magellanicus, Juvenil Não ,,,esta ameacada de extincao. Foi encontrado Morto em ambiente Arenoso com o Cod de carcaca 4 e Não apresentava oleo.</b><br>"
1762;"<b>Indivíduo de numero 1762 registrado pela equipe do Trecho 03 na cidade de Florianópolis (Santa Catarina), atraves de monitoramento do tipo Regular com a mare Vazia e vento Nordeste. Espécie: Spheniscus magellanicus, Juvenil Não ,,,esta ameacada de extincao. Foi encontrado Morto em ambiente Arenoso com o Cod de carcaca 4 e Não apresentava oleo.</b><br>"
1763;"<b>Indivíduo de numero 1763 registrado pela equipe do Trecho 03 na cidade de Florianópolis (Santa Catarina), atraves de monitoramento do tipo Regular com a mare Vazia e vento Nordeste. Espécie: Spheniscus magellanicus, Juvenil Não ,,,esta ameacada de extincao. Foi encontrado Morto em ambiente Arenoso com o Cod de carcaca 4 e Não apresentava oleo.</b><br>"
1764;"<b>Indivíduo de numero 1764 registrado pela equipe do Trecho 03 na cidade de Florianópolis (Santa Catarina), atraves de monitoramento do tipo Regular com a mare Vazia e vento Nordeste. Espécie: Puffinus puffinus, Adulto Não ,,,esta ameacada de extincao. Foi encontrado Morto em ambiente Arenoso com o Cod de carcaca 5 e Não apresentava oleo.</b><br>"
1765;"<b>Indivíduo de numero 1765 registrado pela equipe do Trecho 03 na cidade de Florianópolis (Santa Catarina), atraves de monitoramento do tipo Regular com a mare Vazante e vento Nordeste. Espécie: Spheniscus magellanicus, Juvenil Não ,,,esta ameacada de extincao. Foi encontrado Morto em ambiente Arenoso com o Cod de carcaca 4 e Não apresentava oleo.</b><br>"
1766;"<b>Indivíduo de numero 1766 registrado pela equipe do Trecho 02 na cidade de Garopaba (Santa Catarina), atraves de monitoramento do tipo Regular com a mare Vazante e vento Norte. Espécie: Spheniscus magellanicus, Juvenil Não ,,,esta ameacada de extincao. Foi encontrado Morto em ambiente Arenoso com o Cod de carcaca 4 e Não apresentava oleo.</b><br>"
1767;"<b>Indivíduo de numero 1767 registrado pela equipe do Trecho 02 na cidade de Garopaba (Santa Catarina), atraves de monitoramento do tipo Regular com a mare Vazante e vento Norte. Espécie: Larus dominicanus, Adulto Não ,,,esta ameacada de extincao. Foi encontrado Morto em ambiente Arenoso com o Cod de carcaca 5 e Não apresentava oleo.</b><br>"
1768;"<b>Indivíduo de numero 1768 registrado pela equipe do Trecho 02 na cidade de Garopaba (Santa Catarina), atraves de monitoramento do tipo Regular com a mare Vazante e vento Norte. Espécie: Spheniscus magellanicus, Juvenil Não ,,,esta ameacada de extincao. Foi encontrado Morto em ambiente Arenoso com o Cod de carcaca 4 e Não apresentava oleo.</b><br>"
1769;"<b>Indivíduo de numero 1769 registrado pela equipe do Trecho 06 na cidade de Paranaguá (Paraná), atraves de monitoramento do tipo Regular com a mare Vazia e vento Leste. Espécie: Spheniscus magellanicus, Juvenil Não ,,,esta ameacada de extincao. Foi encontrado Morto em ambiente Arenoso com o Cod de carcaca 4 e Não apresentava oleo.</b><br>"
1770;"<b>Indivíduo de numero 1770 registrado pela equipe do Trecho 06 na cidade de Paranaguá (Paraná), atraves de monitoramento do tipo Regular com a mare Vazia e vento Leste. Espécie: Puffinus puffinus, Indeterminado Não ,,,esta ameacada de extincao. Foi encontrado Morto em ambiente Arenoso com o Cod de carcaca 4 e Não apresentava oleo.</b><br>"
1771;"<b>Indivíduo de numero 1771 registrado pela equipe do Trecho 05 na cidade de Itapoá (Santa Catarina), atraves de monitoramento do tipo Regular com a mare Enchente e vento Nordeste. Espécie: Chelonia mydas, Indeterminado Sim ,,,esta ameacada de extincao. Foi encontrado Morto em ambiente Arenoso com o Cod de carcaca 4 e Não apresentava oleo.</b><br>"
1772;"<b>Indivíduo de numero 1772 registrado pela equipe do Trecho 05 na cidade de Itapoá (Santa Catarina), atraves de monitoramento do tipo Regular com a mare Enchente e vento Nordeste. Espécie: Sula leucogaster, Indeterminado Não ,,,esta ameacada de extincao. Foi encontrado Morto em ambiente Arenoso com o Cod de carcaca 4 e Não apresentava oleo.</b><br>"
1773;"<b>Indivíduo de numero 1773 registrado pela equipe do Trecho 05 na cidade de Itapoá (Santa Catarina), atraves de monitoramento do tipo Regular com a mare Vazante e vento Leste. Espécie: Caretta caretta, Adulto Sim ,,,esta ameacada de extincao. Foi encontrado Morto em ambiente Água com o Cod de carcaca 4 e Não apresentava oleo.</b><br>"
1774;"<b>Indivíduo de numero 1774 registrado pela equipe do Trecho 05 na cidade de Itapoá (Santa Catarina), atraves de monitoramento do tipo Regular com a mare Vazante e vento Leste. Espécie: Chelonia mydas, Juvenil Sim ,,,esta ameacada de extincao. Foi encontrado Morto em ambiente Arenoso com o Cod de carcaca 4 e Não apresentava oleo.</b><br>"
1775;"<b>Indivíduo de numero 1775 registrado pela equipe do Trecho 05 na cidade de Itapoá (Santa Catarina), atraves de monitoramento do tipo Regular com a mare Vazante e vento Leste. Espécie: Chelonia mydas, Juvenil Sim ,,,esta ameacada de extincao. Foi encontrado Morto em ambiente Arenoso com o Cod de carcaca 4 e Não apresentava oleo.</b><br>"
1776;"<b>Indivíduo de numero 1776 registrado pela equipe do Trecho 05 na cidade de Araquari,Balneário Barra Do Sul,Barra Velha (Santa Catarina), atraves de monitoramento do tipo Regular com a mare Enchente e vento Sudeste. Espécie: Chelonia mydas, Indeterminado Sim ,,,esta ameacada de extincao. Foi encontrado Morto em ambiente Arenoso com o Cod de carcaca 4 e Não apresentava oleo.</b><br>"
1777;"<b>Indivíduo de numero 1777 registrado pela equipe do Trecho 04 na cidade de Penha (Santa Catarina), atraves de monitoramento do tipo Regular com a mare Vazante e vento Leste. Espécie: Puffinus puffinus, Juvenil Não ,,,esta ameacada de extincao. Foi encontrado Morto em ambiente Arenoso com o Cod de carcaca 2 e Não apresentava oleo.</b><br>"
1778;"<b>Indivíduo de numero 1778 registrado pela equipe do Trecho 04 na cidade de Penha (Santa Catarina), atraves de monitoramento do tipo Regular com a mare Vazante e vento Leste. Espécie: Chelonia mydas, Juvenil Sim ,,,esta ameacada de extincao. Foi encontrado Morto em ambiente Arenoso com o Cod de carcaca 4 e Não apresentava oleo.</b><br>"
1779;"<b>Indivíduo de numero 1779 registrado pela equipe do Trecho 06 na cidade de Matinhos,Pontal Do Paraná (Paraná), atraves de monitoramento do tipo Acionamento com a mare Vazante e vento N/A. Espécie: Puffinus puffinus, Juvenil Não ,,,esta ameacada de extincao. Foi encontrado Vivo em ambiente Arenoso com o Cod de carcaca 1 e Não apresentava oleo.</b><br>"
1780;"<b>Indivíduo de numero 1780 registrado pela equipe do Trecho 03 na cidade de Florianópolis (Santa Catarina), atraves de monitoramento do tipo Acionamento com a mare Vazante e vento Leste. Espécie: Phalacrocorax brasilianus, Adulto Não ,,,esta ameacada de extincao. Foi encontrado Vivo em ambiente Arenoso com o Cod de carcaca 1 e Não apresentava oleo.</b><br>"
1781;"<b>Indivíduo de numero 1781 registrado pela equipe do Trecho 01 na cidade de Imbituba (Santa Catarina), atraves de monitoramento do tipo Regular com a mare Enchente e vento Sudeste. Espécie: Spheniscus magellanicus, Juvenil Não ,,,esta ameacada de extincao. Foi encontrado Morto em ambiente Arenoso com o Cod de carcaca 4 e Não apresentava oleo.</b><br>"
1782;"<b>Indivíduo de numero 1782 registrado pela equipe do Trecho 01 na cidade de Imbituba (Santa Catarina), atraves de monitoramento do tipo Regular com a mare Enchente e vento Sudeste. Espécie: Arctocephalus australis, Juvenil Não ,,,esta ameacada de extincao. Foi encontrado Morto em ambiente Arenoso com o Cod de carcaca 4 e Não apresentava oleo.</b><br>"
1783;"<b>Indivíduo de numero 1783 registrado pela equipe do Trecho 01 na cidade de Imbituba (Santa Catarina), atraves de monitoramento do tipo Regular com a mare Enchente e vento Sudeste. Espécie: Procellaria aequinoctialis, Indeterminado Não ,,,esta ameacada de extincao. Foi encontrado Morto em ambiente Arenoso com o Cod de carcaca 4 e Não apresentava oleo.</b><br>"
1784;"<b>Indivíduo de numero 1784 registrado pela equipe do Trecho 01 na cidade de Imbituba (Santa Catarina), atraves de monitoramento do tipo Regular com a mare Enchente e vento Sudeste. Espécie: Spheniscus magellanicus, Juvenil Não ,,,esta ameacada de extincao. Foi encontrado Morto em ambiente Arenoso com o Cod de carcaca 4 e Não apresentava oleo.</b><br>"
1785;"<b>Indivíduo de numero 1785 registrado pela equipe do Trecho 01 na cidade de Imbituba (Santa Catarina), atraves de monitoramento do tipo Regular com a mare Enchente e vento Sudeste. Espécie: Spheniscus magellanicus, Juvenil Não ,,,esta ameacada de extincao. Foi encontrado Morto em ambiente Arenoso com o Cod de carcaca 4 e Não apresentava oleo.</b><br>"
1786;"<b>Indivíduo de numero 1786 registrado pela equipe do Trecho 01 na cidade de Imbituba (Santa Catarina), atraves de monitoramento do tipo Regular com a mare Enchente e vento Sudeste. Espécie: Spheniscus magellanicus, Juvenil Não ,,,esta ameacada de extincao. Foi encontrado Morto em ambiente Arenoso com o Cod de carcaca 4 e Não apresentava oleo.</b><br>"
1787;"<b>Indivíduo de numero 1787 registrado pela equipe do Trecho 01 na cidade de Imbituba (Santa Catarina), atraves de monitoramento do tipo Regular com a mare Enchente e vento Sudeste. Espécie: Spheniscus magellanicus, Juvenil Não ,,,esta ameacada de extincao. Foi encontrado Morto em ambiente Arenoso com o Cod de carcaca 4 e Não apresentava oleo.</b><br>"
1788;"<b>Indivíduo de numero 1788 registrado pela equipe do Trecho 01 na cidade de Imbituba (Santa Catarina), atraves de monitoramento do tipo Regular com a mare Enchente e vento Sudeste. Espécie: Spheniscus magellanicus, Juvenil Não ,,,esta ameacada de extincao. Foi encontrado Morto em ambiente Arenoso com o Cod de carcaca 4 e Não apresentava oleo.</b><br>"
1789;"<b>Indivíduo de numero 1789 registrado pela equipe do Trecho 06 na cidade de Matinhos,Pontal Do Paraná (Paraná), atraves de monitoramento do tipo Regular com a mare Enchente e vento Sul. Espécie: Chelonia mydas, Juvenil Sim ,,,esta ameacada de extincao. Foi encontrado Morto em ambiente Arenoso com o Cod de carcaca 4 e Não apresentava oleo.</b><br>"
1790;"<b>Indivíduo de numero 1790 registrado pela equipe do Trecho 05 na cidade de São Francisco Do Sul (Santa Catarina), atraves de monitoramento do tipo Regular com a mare Enchente e vento Sudeste. Espécie: Chelonia mydas, Indeterminado Sim ,,,esta ameacada de extincao. Foi encontrado Morto em ambiente Arenoso com o Cod de carcaca 4 e Não apresentava oleo.</b><br>"
1791;"<b>Indivíduo de numero 1791 registrado pela equipe do Trecho 03 na cidade de Florianópolis (Santa Catarina), atraves de monitoramento do tipo Regular com a mare Enchente e vento Sul. Espécie: Spheniscus magellanicus, Juvenil Não ,,,esta ameacada de extincao. Foi encontrado Morto em ambiente Arenoso com o Cod de carcaca 4 e Não apresentava oleo.</b><br>"
1792;"<b>Indivíduo de numero 1792 registrado pela equipe do Trecho 03 na cidade de Florianópolis (Santa Catarina), atraves de monitoramento do tipo Regular com a mare Enchente e vento Sul. Espécie: Chelonia mydas, Juvenil Sim ,,,esta ameacada de extincao. Foi encontrado Morto em ambiente Arenoso com o Cod de carcaca 3 e Não apresentava oleo.</b><br>"
1793;"<b>Indivíduo de numero 1793 registrado pela equipe do Trecho 01 na cidade de Imbituba (Santa Catarina), atraves de monitoramento do tipo Regular com a mare Enchente e vento Sudeste. Espécie: Larus dominicanus, Adulto Não ,,,esta ameacada de extincao. Foi encontrado Morto em ambiente Arenoso com o Cod de carcaca 4 e Não apresentava oleo.</b><br>"
1794;"<b>Indivíduo de numero 1794 registrado pela equipe do Trecho 02 na cidade de Garopaba (Santa Catarina), atraves de monitoramento do tipo Regular com a mare Enchente e vento Sudeste. Espécie: Puffinus puffinus, Indeterminado Não ,,,esta ameacada de extincao. Foi encontrado Morto em ambiente Arenoso com o Cod de carcaca 4 e Não apresentava oleo.</b><br>"
1796;"<b>Indivíduo de numero 1796 registrado pela equipe do Trecho 02 na cidade de Paulo Lopes (Santa Catarina), atraves de monitoramento do tipo Regular com a mare Enchente e vento Sul. Espécie: Thalassarche chlororhynchos, Adulto Sim ,,,esta ameacada de extincao. Foi encontrado Morto em ambiente Arenoso com o Cod de carcaca 5 e Não apresentava oleo.</b><br>"
1798;"<b>Indivíduo de numero 1798 registrado pela equipe do Trecho 02 na cidade de Paulo Lopes (Santa Catarina), atraves de monitoramento do tipo Regular com a mare Enchente e vento Sul. Espécie: Spheniscus magellanicus, Juvenil Não ,,,esta ameacada de extincao. Foi encontrado Morto em ambiente Arenoso com o Cod de carcaca 4 e Não apresentava oleo.</b><br>"
1799;"<b>Indivíduo de numero 1799 registrado pela equipe do Trecho 05 na cidade de São Francisco Do Sul (Santa Catarina), atraves de monitoramento do tipo Regular com a mare Enchente e vento Sul. Espécie: Sula leucogaster, Indeterminado Não ,,,esta ameacada de extincao. Foi encontrado Morto em ambiente Arenoso com o Cod de carcaca 4 e Não apresentava oleo.</b><br>"
1800;"<b>Indivíduo de numero 1800 registrado pela equipe do Trecho 05 na cidade de São Francisco Do Sul (Santa Catarina), atraves de monitoramento do tipo Regular com a mare Enchente e vento Sul. Espécie: Chelonia mydas, Indeterminado Sim ,,,esta ameacada de extincao. Foi encontrado Morto em ambiente Arenoso com o Cod de carcaca 4 e Não apresentava oleo.</b><br>"
1801;"<b>Indivíduo de numero 1801 registrado pela equipe do Trecho 02 na cidade de Garopaba (Santa Catarina), atraves de monitoramento do tipo Regular com a mare Enchente e vento Sudoeste. Espécie: Chelonia mydas, Juvenil Sim ,,,esta ameacada de extincao. Foi encontrado Morto em ambiente Arenoso com o Cod de carcaca 4 e Não apresentava oleo.</b><br>"
1802;"<b>Indivíduo de numero 1802 registrado pela equipe do Trecho 02 na cidade de Garopaba (Santa Catarina), atraves de monitoramento do tipo Regular com a mare Enchente e vento Sudoeste. Espécie: Thalassarche chlororhynchos, Indeterminado Sim ,,,esta ameacada de extincao. Foi encontrado Morto em ambiente Arenoso com o Cod de carcaca 5 e Não apresentava oleo.</b><br>"
1803;"<b>Indivíduo de numero 1803 registrado pela equipe do Trecho 02 na cidade de Garopaba (Santa Catarina), atraves de monitoramento do tipo Regular com a mare Enchente e vento Sudoeste. Espécie: Spheniscus magellanicus, Juvenil Não ,,,esta ameacada de extincao. Foi encontrado Morto em ambiente Arenoso com o Cod de carcaca 4 e Não apresentava oleo.</b><br>"
1804;"<b>Indivíduo de numero 1804 registrado pela equipe do Trecho 02 na cidade de Garopaba (Santa Catarina), atraves de monitoramento do tipo Regular com a mare Enchente e vento Sudoeste. Espécie: Spheniscus magellanicus, Juvenil Não ,,,esta ameacada de extincao. Foi encontrado Morto em ambiente Arenoso com o Cod de carcaca 4 e Não apresentava oleo.</b><br>"
1805;"<b>Indivíduo de numero 1805 registrado pela equipe do Trecho 03 na cidade de Florianópolis (Santa Catarina), atraves de monitoramento do tipo Regular com a mare Enchente e vento Sul. Espécie: Spheniscus magellanicus, Juvenil Não ,,,esta ameacada de extincao. Foi encontrado Morto em ambiente Arenoso com o Cod de carcaca 4 e Não apresentava oleo.</b><br>"
1806;"<b>Indivíduo de numero 1806 registrado pela equipe do Trecho 05 na cidade de Itapoá (Santa Catarina), atraves de monitoramento do tipo Regular com a mare Vazia e vento Sudoeste. Espécie: Caretta caretta, Indeterminado Sim ,,,esta ameacada de extincao. Foi encontrado Morto em ambiente Água com o Cod de carcaca 4 e Não apresentava oleo.</b><br>"
1807;"<b>Indivíduo de numero 1807 registrado pela equipe do Trecho 06 na cidade de Matinhos,Pontal Do Paraná (Paraná), atraves de monitoramento do tipo Regular com a mare Enchente e vento Leste. Espécie: Spheniscus magellanicus, Juvenil Não ,,,esta ameacada de extincao. Foi encontrado Morto em ambiente Arenoso com o Cod de carcaca 4 e Não apresentava oleo.</b><br>"
1809;"<b>Indivíduo de numero 1809 registrado pela equipe do Trecho 06 na cidade de Matinhos,Pontal Do Paraná (Paraná), atraves de monitoramento do tipo Regular com a mare Enchente e vento Leste. Espécie: Chelonia mydas, Juvenil Sim ,,,esta ameacada de extincao. Foi encontrado Vivo em ambiente Arenoso com o Cod de carcaca 1 e Não apresentava oleo.</b><br>"
1810;"<b>Indivíduo de numero 1810 registrado pela equipe do Trecho 06 na cidade de Matinhos,Pontal Do Paraná (Paraná), atraves de monitoramento do tipo Regular com a mare Vazia e vento Sul. Espécie: Spheniscus magellanicus, Juvenil Não ,,,esta ameacada de extincao. Foi encontrado Morto em ambiente Arenoso com o Cod de carcaca 4 e Não apresentava oleo.</b><br>"
1811;"<b>Indivíduo de numero 1811 registrado pela equipe do Trecho 06 na cidade de Matinhos,Pontal Do Paraná (Paraná), atraves de monitoramento do tipo Regular com a mare Vazia e vento Sul. Espécie: Puffinus puffinus, Indeterminado Não ,,,esta ameacada de extincao. Foi encontrado Morto em ambiente Arenoso com o Cod de carcaca 4 e Não apresentava oleo.</b><br>"
1812;"<b>Indivíduo de numero 1812 registrado pela equipe do Trecho 06 na cidade de Matinhos,Pontal Do Paraná (Paraná), atraves de monitoramento do tipo Regular com a mare Vazia e vento Sul. Espécie: Spheniscus magellanicus, Juvenil Não ,,,esta ameacada de extincao. Foi encontrado Morto em ambiente Arenoso com o Cod de carcaca 4 e Não apresentava oleo.</b><br>"
1813;"<b>Indivíduo de numero 1813 registrado pela equipe do Trecho 06 na cidade de Matinhos,Pontal Do Paraná (Paraná), atraves de monitoramento do tipo Regular com a mare Vazia e vento Sul. Espécie: Spheniscus magellanicus, Juvenil Não ,,,esta ameacada de extincao. Foi encontrado Morto em ambiente Arenoso com o Cod de carcaca 4 e Não apresentava oleo.</b><br>"
1814;"<b>Indivíduo de numero 1814 registrado pela equipe do Trecho 06 na cidade de Matinhos,Pontal Do Paraná (Paraná), atraves de monitoramento do tipo Regular com a mare Vazia e vento Sul. Espécie: Caretta caretta, Juvenil Sim ,,,esta ameacada de extincao. Foi encontrado Morto em ambiente Arenoso com o Cod de carcaca 4 e Não apresentava oleo.</b><br>"
1815;"<b>Indivíduo de numero 1815 registrado pela equipe do Trecho 04 na cidade de Bombinhas (Santa Catarina), atraves de monitoramento do tipo Regular com a mare Enchente e vento Sudeste. Espécie: Chelonia mydas, Juvenil Sim ,,,esta ameacada de extincao. Foi encontrado Morto em ambiente Arenoso com o Cod de carcaca 4 e Não apresentava oleo.</b><br>"
1816;"<b>Indivíduo de numero 1816 registrado pela equipe do Trecho 06 na cidade de Matinhos,Pontal Do Paraná (Paraná), atraves de monitoramento do tipo Acionamento com a mare Enchente e vento Sul. Espécie: Dermochelys coriacea, Adulto Sim ,,,esta ameacada de extincao. Foi encontrado Morto em ambiente Arenoso com o Cod de carcaca 4 e Não apresentava oleo.</b><br>"
1817;"<b>Indivíduo de numero 1817 registrado pela equipe do Trecho 06 na cidade de Matinhos,Pontal Do Paraná (Paraná), atraves de monitoramento do tipo Acionamento com a mare Enchente e vento Sul. Espécie: Pontoporia blainvillei, Adulto Sim ,,,esta ameacada de extincao. Foi encontrado Morto em ambiente Arenoso com o Cod de carcaca 4 e Não apresentava oleo.</b><br>"
1818;"<b>Indivíduo de numero 1818 registrado pela equipe do Trecho 06 na cidade de Matinhos,Pontal Do Paraná (Paraná), atraves de monitoramento do tipo Acionamento com a mare Vazante e vento Sul. Espécie: Caretta caretta, Juvenil Sim ,,,esta ameacada de extincao. Foi encontrado Morto em ambiente Arenoso com o Cod de carcaca 4 e Não apresentava oleo.</b><br>"
1819;"<b>Indivíduo de numero 1819 registrado pela equipe do Trecho 03 na cidade de Florianópolis (Santa Catarina), atraves de monitoramento do tipo Regular com a mare Enchente e vento Sul. Espécie: Spheniscus magellanicus, Juvenil Não ,,,esta ameacada de extincao. Foi encontrado Morto em ambiente Arenoso com o Cod de carcaca 4 e Não apresentava oleo.</b><br>"
1820;"<b>Indivíduo de numero 1820 registrado pela equipe do Trecho 03 na cidade de Florianópolis (Santa Catarina), atraves de monitoramento do tipo Regular com a mare Enchente e vento Sul. Espécie: Spheniscus magellanicus, Juvenil Não ,,,esta ameacada de extincao. Foi encontrado Morto em ambiente Arenoso com o Cod de carcaca 4 e Não apresentava oleo.</b><br>"
1821;"<b>Indivíduo de numero 1821 registrado pela equipe do Trecho 03 na cidade de Florianópolis (Santa Catarina), atraves de monitoramento do tipo Regular com a mare Enchente e vento Sul. Espécie: Larus dominicanus, Adulto Não ,,,esta ameacada de extincao. Foi encontrado Morto em ambiente Arenoso com o Cod de carcaca 5 e Não apresentava oleo.</b><br>"
1822;"<b>Indivíduo de numero 1822 registrado pela equipe do Trecho 03 na cidade de Florianópolis (Santa Catarina), atraves de monitoramento do tipo Regular com a mare Enchente e vento Sul. Espécie: Chelonia mydas, Juvenil Sim ,,,esta ameacada de extincao. Foi encontrado Morto em ambiente Arenoso com o Cod de carcaca 5 e Não apresentava oleo.</b><br>"
1823;"<b>Indivíduo de numero 1823 registrado pela equipe do Trecho 03 na cidade de Florianópolis (Santa Catarina), atraves de monitoramento do tipo Acionamento com a mare Enchente e vento Sul. Espécie: Arctocephalus australis, Indeterminado Não ,,,esta ameacada de extincao. Foi encontrado Morto em ambiente Arenoso com o Cod de carcaca 4 e Não apresentava oleo.</b><br>"
1824;"<b>Indivíduo de numero 1824 registrado pela equipe do Trecho 05 na cidade de São Francisco Do Sul (Santa Catarina), atraves de monitoramento do tipo Regular com a mare Enchente e vento Sudeste. Espécie: Caretta caretta, Indeterminado Sim ,,,esta ameacada de extincao. Foi encontrado Morto em ambiente Arenoso com o Cod de carcaca 4 e Não apresentava oleo.</b><br>"
1825;"<b>Indivíduo de numero 1825 registrado pela equipe do Trecho 05 na cidade de São Francisco Do Sul (Santa Catarina), atraves de monitoramento do tipo Regular com a mare Enchente e vento Sudeste. Espécie: Sula leucogaster, Juvenil Não ,,,esta ameacada de extincao. Foi encontrado Morto em ambiente Arenoso com o Cod de carcaca 4 e Não apresentava oleo.</b><br>"
1826;"<b>Indivíduo de numero 1826 registrado pela equipe do Trecho 01 na cidade de Imbituba (Santa Catarina), atraves de monitoramento do tipo Regular com a mare Enchente e vento Sudoeste. Espécie: Spheniscus magellanicus, Juvenil Não ,,,esta ameacada de extincao. Foi encontrado Morto em ambiente Arenoso com o Cod de carcaca 4 e Não apresentava oleo.</b><br>"
1827;"<b>Indivíduo de numero 1827 registrado pela equipe do Trecho 03 na cidade de Florianópolis (Santa Catarina), atraves de monitoramento do tipo Acionamento com a mare Enchente e vento N/A. Espécie: Spheniscus magellanicus, Juvenil Não ,,,esta ameacada de extincao. Foi encontrado Vivo em ambiente Arenoso com o Cod de carcaca 1 e Não apresentava oleo.</b><br>"
1828;"<b>Indivíduo de numero 1828 registrado pela equipe do Trecho 05 na cidade de Itapoá (Santa Catarina), atraves de monitoramento do tipo Acionamento com a mare Enchente e vento Sudeste. Espécie: Chelonia mydas, Indeterminado Sim ,,,esta ameacada de extincao. Foi encontrado Morto em ambiente Arenoso com o Cod de carcaca 4 e Não apresentava oleo.</b><br>"
1829;"<b>Indivíduo de numero 1829 registrado pela equipe do Trecho 05 na cidade de Itapoá (Santa Catarina), atraves de monitoramento do tipo Regular com a mare Enchente e vento Sudeste. Espécie: Fregata magnificens, Indeterminado Não ,,,esta ameacada de extincao. Foi encontrado Morto em ambiente Arenoso com o Cod de carcaca 4 e Não apresentava oleo.</b><br>"
1830;"<b>Indivíduo de numero 1830 registrado pela equipe do Trecho 05 na cidade de Itapoá (Santa Catarina), atraves de monitoramento do tipo Regular com a mare Enchente e vento Sudeste. Espécie: Chelonia mydas, Indeterminado Sim ,,,esta ameacada de extincao. Foi encontrado Morto em ambiente Arenoso com o Cod de carcaca 4 e Não apresentava oleo.</b><br>"
1831;"<b>Indivíduo de numero 1831 registrado pela equipe do Trecho 06 na cidade de Guaratuba (Paraná), atraves de monitoramento do tipo Regular com a mare Enchente e vento Sul. Espécie: Puffinus puffinus, Indeterminado Não ,,,esta ameacada de extincao. Foi encontrado Morto em ambiente Arenoso com o Cod de carcaca 5 e Não apresentava oleo.</b><br>"
1832;"<b>Indivíduo de numero 1832 registrado pela equipe do Trecho 03 na cidade de Florianópolis (Santa Catarina), atraves de monitoramento do tipo Regular com a mare Enchente e vento Sul. Espécie: Spheniscus magellanicus, Juvenil Não ,,,esta ameacada de extincao. Foi encontrado Morto em ambiente Arenoso com o Cod de carcaca 4 e Não apresentava oleo.</b><br>"
1833;"<b>Indivíduo de numero 1833 registrado pela equipe do Trecho 05 na cidade de São Francisco Do Sul (Santa Catarina), atraves de monitoramento do tipo Regular com a mare Enchente e vento N/A. Espécie: Chelonia mydas, Juvenil Sim ,,,esta ameacada de extincao. Foi encontrado Morto em ambiente Arenoso com o Cod de carcaca 4 e Não apresentava oleo.</b><br>"
1834;"<b>Indivíduo de numero 1834 registrado pela equipe do Trecho 06 na cidade de Matinhos,Pontal Do Paraná (Paraná), atraves de monitoramento do tipo Regular com a mare Enchente e vento Nordeste. Espécie: Chelonia mydas, Juvenil Sim ,,,esta ameacada de extincao. Foi encontrado Morto em ambiente Arenoso com o Cod de carcaca 5 e Não apresentava oleo.</b><br>"
1835;"<b>Indivíduo de numero 1835 registrado pela equipe do Trecho 06 na cidade de Matinhos,Pontal Do Paraná (Paraná), atraves de monitoramento do tipo Regular com a mare Enchente e vento Norte. Espécie: Puffinus puffinus, Indeterminado Não ,,,esta ameacada de extincao. Foi encontrado Morto em ambiente Arenoso com o Cod de carcaca 4 e Não apresentava oleo.</b><br>"
1836;"<b>Indivíduo de numero 1836 registrado pela equipe do Trecho 06 na cidade de Matinhos,Pontal Do Paraná (Paraná), atraves de monitoramento do tipo Regular com a mare Enchente e vento Norte. Espécie: Chelonia mydas, Juvenil Sim ,,,esta ameacada de extincao. Foi encontrado Morto em ambiente Arenoso com o Cod de carcaca 4 e Não apresentava oleo.</b><br>"
1837;"<b>Indivíduo de numero 1837 registrado pela equipe do Trecho 06 na cidade de Matinhos,Pontal Do Paraná (Paraná), atraves de monitoramento do tipo Regular com a mare Vazia e vento Nordeste. Espécie: Spheniscus magellanicus, Juvenil Não ,,,esta ameacada de extincao. Foi encontrado Morto em ambiente Arenoso com o Cod de carcaca 4 e Não apresentava oleo.</b><br>"
1838;"<b>Indivíduo de numero 1838 registrado pela equipe do Trecho 06 na cidade de Matinhos,Pontal Do Paraná (Paraná), atraves de monitoramento do tipo Regular com a mare Vazia e vento Nordeste. Espécie: Larus dominicanus, Adulto Não ,,,esta ameacada de extincao. Foi encontrado Morto em ambiente Arenoso com o Cod de carcaca 3 e Não apresentava oleo.</b><br>"
1839;"<b>Indivíduo de numero 1839 registrado pela equipe do Trecho 03 na cidade de Florianópolis (Santa Catarina), atraves de monitoramento do tipo Regular com a mare Enchente e vento Oeste. Espécie: Pontoporia blainvillei, Juvenil Sim ,,,esta ameacada de extincao. Foi encontrado Morto em ambiente Arenoso com o Cod de carcaca 5 e Não apresentava oleo.</b><br>"
1840;"<b>Indivíduo de numero 1840 registrado pela equipe do Trecho 06 na cidade de Paranaguá (Paraná), atraves de monitoramento do tipo Regular com a mare Enchente e vento Noroeste. Espécie: Sotalia guianensis, Juvenil Sim ,,,esta ameacada de extincao. Foi encontrado Morto em ambiente Água com o Cod de carcaca 4 e Não apresentava oleo.</b><br>"
1841;"<b>Indivíduo de numero 1841 registrado pela equipe do Trecho 04 na cidade de Penha (Santa Catarina), atraves de monitoramento do tipo Regular com a mare Enchente e vento Sudeste. Espécie: Caretta caretta, Juvenil Sim ,,,esta ameacada de extincao. Foi encontrado Morto em ambiente Arenoso com o Cod de carcaca 4 e Não apresentava oleo.</b><br>"
1842;"<b>Indivíduo de numero 1842 registrado pela equipe do Trecho 04 na cidade de Barra Velha (Santa Catarina), atraves de monitoramento do tipo Regular com a mare Enchente e vento Sudeste. Espécie: Chelonia mydas, Juvenil Sim ,,,esta ameacada de extincao. Foi encontrado Morto em ambiente Arenoso com o Cod de carcaca 4 e Não apresentava oleo.</b><br>"
1844;"<b>Indivíduo de numero 1844 registrado pela equipe do Trecho 05 na cidade de São Francisco Do Sul (Santa Catarina), atraves de monitoramento do tipo Regular com a mare Enchente e vento Sudoeste. Espécie: Caretta caretta, Indeterminado Sim ,,,esta ameacada de extincao. Foi encontrado Morto em ambiente Arenoso com o Cod de carcaca 4 e Não apresentava oleo.</b><br>"
1845;"<b>Indivíduo de numero 1845 registrado pela equipe do Trecho 05 na cidade de São Francisco Do Sul (Santa Catarina), atraves de monitoramento do tipo Regular com a mare Vazante e vento Oeste. Espécie: Puffinus puffinus, Juvenil Não ,,,esta ameacada de extincao. Foi encontrado Morto em ambiente Arenoso com o Cod de carcaca 4 e Não apresentava oleo.</b><br>"
1846;"<b>Indivíduo de numero 1846 registrado pela equipe do Trecho 01 na cidade de Imbituba (Santa Catarina), atraves de monitoramento do tipo Regular com a mare Enchente e vento Nordeste. Espécie: Spheniscus magellanicus, Juvenil Não ,,,esta ameacada de extincao. Foi encontrado Morto em ambiente Arenoso com o Cod de carcaca 4 e Não apresentava oleo.</b><br>"
1847;"<b>Indivíduo de numero 1847 registrado pela equipe do Trecho 03 na cidade de Florianópolis (Santa Catarina), atraves de monitoramento do tipo Acionamento com a mare Indeterminado e vento N/A. Espécie: Larus dominicanus, Adulto Não ,,,esta ameacada de extincao. Foi encontrado Vivo em ambiente Outros com o Cod de carcaca 1 e Não apresentava oleo.</b><br>"
1848;"<b>Indivíduo de numero 1848 registrado pela equipe do Trecho 04 na cidade de Penha (Santa Catarina), atraves de monitoramento do tipo Acionamento com a mare Cheia e vento Sudoeste. Espécie: Thalasseus acuflavidus, Adulto Não ,,,esta ameacada de extincao. Foi encontrado Vivo em ambiente Arenoso com o Cod de carcaca 1 e Não apresentava oleo.</b><br>"
1849;"<b>Indivíduo de numero 1849 registrado pela equipe do Trecho 05 na cidade de Itapoá (Santa Catarina), atraves de monitoramento do tipo Acionamento com a mare Vazante e vento Leste. Espécie: Sula leucogaster, Adulto Não ,,,esta ameacada de extincao. Foi encontrado Vivo em ambiente Arenoso com o Cod de carcaca 1 e Não apresentava oleo.</b><br>"
1850;"<b>Indivíduo de numero 1850 registrado pela equipe do Trecho 05 na cidade de São Francisco Do Sul (Santa Catarina), atraves de monitoramento do tipo Acionamento com a mare Vazia e vento Nordeste. Espécie: Fregata magnificens, Indeterminado Não ,,,esta ameacada de extincao. Foi encontrado Vivo em ambiente Arenoso com o Cod de carcaca 1 e Não apresentava oleo.</b><br>"
1851;"<b>Indivíduo de numero 1851 registrado pela equipe do Trecho 06 na cidade de Guaratuba (Paraná), atraves de monitoramento do tipo Regular com a mare Vazante e vento Oeste. Espécie: Phalacrocorax brasilianus, Indeterminado Não ,,,esta ameacada de extincao. Foi encontrado Morto em ambiente Arenoso com o Cod de carcaca 5 e Não apresentava oleo.</b><br>"
1852;"<b>Indivíduo de numero 1852 registrado pela equipe do Trecho 03 na cidade de Florianópolis (Santa Catarina), atraves de monitoramento do tipo Regular com a mare Enchente e vento Norte. Espécie: Chelonia mydas, Indeterminado Sim ,,,esta ameacada de extincao. Foi encontrado Morto em ambiente Arenoso com o Cod de carcaca 4 e Não apresentava oleo.</b><br>"
1853;"<b>Indivíduo de numero 1853 registrado pela equipe do Trecho 03 na cidade de Florianópolis (Santa Catarina), atraves de monitoramento do tipo Regular com a mare Enchente e vento Norte. Espécie: Chelonia mydas, Juvenil Sim ,,,esta ameacada de extincao. Foi encontrado Morto em ambiente Arenoso com o Cod de carcaca 5 e Não apresentava oleo.</b><br>"
1854;"<b>Indivíduo de numero 1854 registrado pela equipe do Trecho 01 na cidade de Laguna (Santa Catarina), atraves de monitoramento do tipo Regular com a mare Enchente e vento Nordeste. Espécie: Larus dominicanus, Adulto Não ,,,esta ameacada de extincao. Foi encontrado Morto em ambiente Arenoso com o Cod de carcaca 4 e Não apresentava oleo.</b><br>"
1855;"<b>Indivíduo de numero 1855 registrado pela equipe do Trecho 01 na cidade de Laguna (Santa Catarina), atraves de monitoramento do tipo Regular com a mare Enchente e vento Nordeste. Espécie: Spheniscus magellanicus, Juvenil Não ,,,esta ameacada de extincao. Foi encontrado Morto em ambiente Arenoso com o Cod de carcaca 4 e Não apresentava oleo.</b><br>"
1856;"<b>Indivíduo de numero 1856 registrado pela equipe do Trecho 01 na cidade de Imbituba (Santa Catarina), atraves de monitoramento do tipo Regular com a mare Enchente e vento Norte. Espécie: Spheniscus magellanicus, Juvenil Não ,,,esta ameacada de extincao. Foi encontrado Morto em ambiente Arenoso com o Cod de carcaca 4 e Não apresentava oleo.</b><br>"
1857;"<b>Indivíduo de numero 1857 registrado pela equipe do Trecho 01 na cidade de Imbituba (Santa Catarina), atraves de monitoramento do tipo Regular com a mare Enchente e vento Norte. Espécie: Chelonia mydas, Juvenil Sim ,,,esta ameacada de extincao. Foi encontrado Morto em ambiente Arenoso com o Cod de carcaca 5 e Não apresentava oleo.</b><br>"
1858;"<b>Indivíduo de numero 1858 registrado pela equipe do Trecho 01 na cidade de Imbituba (Santa Catarina), atraves de monitoramento do tipo Regular com a mare Enchente e vento Norte. Espécie: Sula leucogaster, Indeterminado Não ,,,esta ameacada de extincao. Foi encontrado Morto em ambiente Arenoso com o Cod de carcaca 5 e Não apresentava oleo.</b><br>"
1859;"<b>Indivíduo de numero 1859 registrado pela equipe do Trecho 05 na cidade de São Francisco Do Sul (Santa Catarina), atraves de monitoramento do tipo Regular com a mare Enchente e vento N/A. Espécie: Puffinus puffinus, Indeterminado Não ,,,esta ameacada de extincao. Foi encontrado Morto em ambiente Arenoso com o Cod de carcaca 4 e Não apresentava oleo.</b><br>"
1860;"<b>Indivíduo de numero 1860 registrado pela equipe do Trecho 04 na cidade de Itajaí (Santa Catarina), atraves de monitoramento do tipo Acionamento com a mare Enchente e vento Noroeste. Espécie: Larus dominicanus, Adulto Não ,,,esta ameacada de extincao. Foi encontrado Morto em ambiente Outros com o Cod de carcaca 4 e Não apresentava oleo.</b><br>"
1861;"<b>Indivíduo de numero 1861 registrado pela equipe do Trecho 03 na cidade de Florianópolis (Santa Catarina), atraves de monitoramento do tipo Regular com a mare Enchente e vento Norte. Espécie: Chelonia mydas, Juvenil Sim ,,,esta ameacada de extincao. Foi encontrado Morto em ambiente Arenoso com o Cod de carcaca 4 e Não apresentava oleo.</b><br>"
1862;"<b>Indivíduo de numero 1862 registrado pela equipe do Trecho 06 na cidade de Matinhos,Pontal Do Paraná (Paraná), atraves de monitoramento do tipo Regular com a mare Enchente e vento Leste. Espécie: Phalacrocorax brasilianus, Indeterminado Não ,,,esta ameacada de extincao. Foi encontrado Morto em ambiente Arenoso com o Cod de carcaca 4 e Não apresentava oleo.</b><br>"
1863;"<b>Indivíduo de numero 1863 registrado pela equipe do Trecho 06 na cidade de Matinhos,Pontal Do Paraná (Paraná), atraves de monitoramento do tipo Regular com a mare Enchente e vento Leste. Espécie: Puffinus puffinus, Indeterminado Não ,,,esta ameacada de extincao. Foi encontrado Morto em ambiente Arenoso com o Cod de carcaca 4 e Não apresentava oleo.</b><br>"
1864;"<b>Indivíduo de numero 1864 registrado pela equipe do Trecho 06 na cidade de Matinhos,Pontal Do Paraná (Paraná), atraves de monitoramento do tipo Regular com a mare Enchente e vento Leste. Espécie: Puffinus puffinus, Indeterminado Não ,,,esta ameacada de extincao. Foi encontrado Morto em ambiente Arenoso com o Cod de carcaca 5 e Não apresentava oleo.</b><br>"
1865;"<b>Indivíduo de numero 1865 registrado pela equipe do Trecho 06 na cidade de Matinhos,Pontal Do Paraná (Paraná), atraves de monitoramento do tipo Regular com a mare Vazia e vento Leste. Espécie: Dermochelys coriacea, Juvenil Sim ,,,esta ameacada de extincao. Foi encontrado Morto em ambiente Arenoso com o Cod de carcaca 4 e Não apresentava oleo.</b><br>"
1866;"<b>Indivíduo de numero 1866 registrado pela equipe do Trecho 06 na cidade de Paranaguá (Paraná), atraves de monitoramento do tipo Regular com a mare Enchente e vento Oeste. Espécie: Chelonia mydas, Juvenil Sim ,,,esta ameacada de extincao. Foi encontrado Morto em ambiente Arenoso com o Cod de carcaca 4 e Não apresentava oleo.</b><br>"
1867;"<b>Indivíduo de numero 1867 registrado pela equipe do Trecho 06 na cidade de Paranaguá (Paraná), atraves de monitoramento do tipo Regular com a mare Enchente e vento Oeste. Espécie: Chelonia mydas, Juvenil Sim ,,,esta ameacada de extincao. Foi encontrado Morto em ambiente Arenoso com o Cod de carcaca 4 e Não apresentava oleo.</b><br>"
1868;"<b>Indivíduo de numero 1868 registrado pela equipe do Trecho 06 na cidade de Paranaguá (Paraná), atraves de monitoramento do tipo Regular com a mare Enchente e vento Oeste. Espécie: Chelonia mydas, Juvenil Sim ,,,esta ameacada de extincao. Foi encontrado Morto em ambiente Arenoso com o Cod de carcaca 2 e Não apresentava oleo.</b><br>"
1869;"<b>Indivíduo de numero 1869 registrado pela equipe do Trecho 06 na cidade de Paranaguá (Paraná), atraves de monitoramento do tipo Regular com a mare Enchente e vento Oeste. Espécie: Caretta caretta, Juvenil Sim ,,,esta ameacada de extincao. Foi encontrado Morto em ambiente Arenoso com o Cod de carcaca 5 e Não apresentava oleo.</b><br>"
1870;"<b>Indivíduo de numero 1870 registrado pela equipe do Trecho 04 na cidade de Bombinhas (Santa Catarina), atraves de monitoramento do tipo Acionamento com a mare Enchente e vento Nordeste. Espécie: Pontoporia blainvillei, Indeterminado Sim ,,,esta ameacada de extincao. Foi encontrado Morto em ambiente Arenoso com o Cod de carcaca 4 e Não apresentava oleo.</b><br>"
1871;"<b>Indivíduo de numero 1871 registrado pela equipe do Trecho 04 na cidade de Bombinhas (Santa Catarina), atraves de monitoramento do tipo Acionamento com a mare Enchente e vento Nordeste. Espécie: Pontoporia blainvillei, Juvenil Sim ,,,esta ameacada de extincao. Foi encontrado Morto em ambiente Arenoso com o Cod de carcaca 4 e Não apresentava oleo.</b><br>"
1872;"<b>Indivíduo de numero 1872 registrado pela equipe do Trecho 05 na cidade de São Francisco Do Sul (Santa Catarina), atraves de monitoramento do tipo Acionamento com a mare Enchente e vento N/A. Espécie: Chelonia mydas, Juvenil Sim ,,,esta ameacada de extincao. Foi encontrado Morto em ambiente Arenoso com o Cod de carcaca 4 e Não apresentava oleo.</b><br>"
1873;"<b>Indivíduo de numero 1873 registrado pela equipe do Trecho 05 na cidade de São Francisco Do Sul (Santa Catarina), atraves de monitoramento do tipo Acionamento com a mare Indeterminado e vento N/A. Espécie: Caretta caretta, Indeterminado Sim ,,,esta ameacada de extincao. Foi encontrado Morto em ambiente Arenoso com o Cod de carcaca 4 e Não apresentava oleo.</b><br>"
1874;"<b>Indivíduo de numero 1874 registrado pela equipe do Trecho 05 na cidade de Itapoá (Santa Catarina), atraves de monitoramento do tipo Acionamento com a mare Indeterminado e vento N/A. Espécie: Spheniscus magellanicus, Juvenil Não ,,,esta ameacada de extincao. Foi encontrado Vivo em ambiente Arenoso com o Cod de carcaca 1 e Não apresentava oleo.</b><br>"
1875;"<b>Indivíduo de numero 1875 registrado pela equipe do Trecho 05 na cidade de Itapoá (Santa Catarina), atraves de monitoramento do tipo Regular com a mare Enchente e vento Sudeste. Espécie: Chelonia mydas, Indeterminado Sim ,,,esta ameacada de extincao. Foi encontrado Morto em ambiente Arenoso com o Cod de carcaca 4 e Não apresentava oleo.</b><br>"
1876;"<b>Indivíduo de numero 1876 registrado pela equipe do Trecho 04 na cidade de Penha (Santa Catarina), atraves de monitoramento do tipo Acionamento com a mare Enchente e vento Nordeste. Espécie: Chelonia mydas, Juvenil Sim ,,,esta ameacada de extincao. Foi encontrado Morto em ambiente Arenoso com o Cod de carcaca 3 e Não apresentava oleo.</b><br>"
1877;"<b>Indivíduo de numero 1877 registrado pela equipe do Trecho 04 na cidade de Penha (Santa Catarina), atraves de monitoramento do tipo Regular com a mare Enchente e vento Sudeste. Espécie: Chelonia mydas, Juvenil Sim ,,,esta ameacada de extincao. Foi encontrado Morto em ambiente Arenoso com o Cod de carcaca 4 e Não apresentava oleo.</b><br>"
1878;"<b>Indivíduo de numero 1878 registrado pela equipe do Trecho 04 na cidade de Balneário Piçarras (Santa Catarina), atraves de monitoramento do tipo Regular com a mare Enchente e vento Sudoeste. Espécie: Puffinus puffinus, Indeterminado Não ,,,esta ameacada de extincao. Foi encontrado Morto em ambiente Arenoso com o Cod de carcaca 4 e Não apresentava oleo.</b><br>"
1879;"<b>Indivíduo de numero 1879 registrado pela equipe do Trecho 05 na cidade de São Francisco Do Sul (Santa Catarina), atraves de monitoramento do tipo Acionamento com a mare Enchente e vento Sudeste. Espécie: Fregata magnificens, Adulto Não ,,,esta ameacada de extincao. Foi encontrado Vivo em ambiente Arenoso com o Cod de carcaca 1 e Não apresentava oleo.</b><br>"
1880;"<b>Indivíduo de numero 1880 registrado pela equipe do Trecho 03 na cidade de Florianópolis (Santa Catarina), atraves de monitoramento do tipo Acionamento com a mare Enchente e vento Norte. Espécie: Sotalia guianensis, Juvenil Sim ,,,esta ameacada de extincao. Foi encontrado Morto em ambiente Arenoso com o Cod de carcaca 4 e Não apresentava oleo.</b><br>"
1881;"<b>Indivíduo de numero 1881 registrado pela equipe do Trecho 03 na cidade de Florianópolis (Santa Catarina), atraves de monitoramento do tipo Acionamento com a mare Cheia e vento Norte. Espécie: Caretta caretta, Juvenil Sim ,,,esta ameacada de extincao. Foi encontrado Morto em ambiente Arenoso com o Cod de carcaca 4 e Não apresentava oleo.</b><br>"
1882;"<b>Indivíduo de numero 1882 registrado pela equipe do Trecho 03 na cidade de Florianópolis (Santa Catarina), atraves de monitoramento do tipo Acionamento com a mare Enchente e vento Noroeste. Espécie: Chelonia mydas, Juvenil Sim ,,,esta ameacada de extincao. Foi encontrado Morto em ambiente Arenoso com o Cod de carcaca 4 e Não apresentava oleo.</b><br>"
1883;"<b>Indivíduo de numero 1883 registrado pela equipe do Trecho 05 na cidade de Araquari,Balneário Barra Do Sul,Barra Velha (Santa Catarina), atraves de monitoramento do tipo Regular com a mare Enchente e vento Sudeste. Espécie: Caretta caretta, Indeterminado Sim ,,,esta ameacada de extincao. Foi encontrado Morto em ambiente Arenoso com o Cod de carcaca 4 e Não apresentava oleo.</b><br>"
1884;"<b>Indivíduo de numero 1884 registrado pela equipe do Trecho 03 na cidade de Florianópolis (Santa Catarina), atraves de monitoramento do tipo Regular com a mare Enchente e vento Norte. Espécie: Chelonia mydas, Juvenil Sim ,,,esta ameacada de extincao. Foi encontrado Morto em ambiente Arenoso com o Cod de carcaca 5 e Não apresentava oleo.</b><br>"
1885;"<b>Indivíduo de numero 1885 registrado pela equipe do Trecho 01 na cidade de Laguna (Santa Catarina), atraves de monitoramento do tipo Regular com a mare Enchente e vento Nordeste. Espécie: Spheniscus magellanicus, Juvenil Não ,,,esta ameacada de extincao. Foi encontrado Morto em ambiente Arenoso com o Cod de carcaca 4 e Não apresentava oleo.</b><br>"
1886;"<b>Indivíduo de numero 1886 registrado pela equipe do Trecho 01 na cidade de Laguna (Santa Catarina), atraves de monitoramento do tipo Regular com a mare Enchente e vento Nordeste. Espécie: Spheniscus magellanicus, Juvenil Não ,,,esta ameacada de extincao. Foi encontrado Morto em ambiente Arenoso com o Cod de carcaca 4 e Não apresentava oleo.</b><br>"
1887;"<b>Indivíduo de numero 1887 registrado pela equipe do Trecho 01 na cidade de Laguna (Santa Catarina), atraves de monitoramento do tipo Regular com a mare Enchente e vento Nordeste. Espécie: Spheniscus magellanicus, Juvenil Não ,,,esta ameacada de extincao. Foi encontrado Morto em ambiente Arenoso com o Cod de carcaca 4 e Não apresentava oleo.</b><br>"
1888;"<b>Indivíduo de numero 1888 registrado pela equipe do Trecho 01 na cidade de Laguna (Santa Catarina), atraves de monitoramento do tipo Regular com a mare Enchente e vento Nordeste. Espécie: Spheniscus magellanicus, Juvenil Não ,,,esta ameacada de extincao. Foi encontrado Morto em ambiente Arenoso com o Cod de carcaca 4 e Não apresentava oleo.</b><br>"
1889;"<b>Indivíduo de numero 1889 registrado pela equipe do Trecho 01 na cidade de Laguna (Santa Catarina), atraves de monitoramento do tipo Regular com a mare Enchente e vento Nordeste. Espécie: Larus dominicanus, Adulto Não ,,,esta ameacada de extincao. Foi encontrado Morto em ambiente Arenoso com o Cod de carcaca 5 e Não apresentava oleo.</b><br>"
1890;"<b>Indivíduo de numero 1890 registrado pela equipe do Trecho 01 na cidade de Imbituba (Santa Catarina), atraves de monitoramento do tipo Regular com a mare Enchente e vento Nordeste. Espécie: Spheniscus magellanicus, Juvenil Não ,,,esta ameacada de extincao. Foi encontrado Morto em ambiente Arenoso com o Cod de carcaca 2 e Não apresentava oleo.</b><br>"
1891;"<b>Indivíduo de numero 1891 registrado pela equipe do Trecho 06 na cidade de Matinhos,Pontal Do Paraná (Paraná), atraves de monitoramento do tipo Regular com a mare Enchente e vento Noroeste. Espécie: Caretta caretta, Juvenil Sim ,,,esta ameacada de extincao. Foi encontrado Morto em ambiente Arenoso com o Cod de carcaca 4 e Não apresentava oleo.</b><br>"
1892;"<b>Indivíduo de numero 1892 registrado pela equipe do Trecho 06 na cidade de Matinhos,Pontal Do Paraná (Paraná), atraves de monitoramento do tipo Regular com a mare Enchente e vento Noroeste. Espécie: Puffinus puffinus, Indeterminado Não ,,,esta ameacada de extincao. Foi encontrado Morto em ambiente Arenoso com o Cod de carcaca 4 e Não apresentava oleo.</b><br>"
1893;"<b>Indivíduo de numero 1893 registrado pela equipe do Trecho 06 na cidade de Matinhos,Pontal Do Paraná (Paraná), atraves de monitoramento do tipo Regular com a mare Enchente e vento Noroeste. Espécie: Spheniscus magellanicus, Juvenil Não ,,,esta ameacada de extincao. Foi encontrado Morto em ambiente Arenoso com o Cod de carcaca 4 e Não apresentava oleo.</b><br>"
1894;"<b>Indivíduo de numero 1894 registrado pela equipe do Trecho 01 na cidade de Laguna (Santa Catarina), atraves de monitoramento do tipo Regular com a mare Enchente e vento Nordeste. Espécie: Spheniscus magellanicus, Juvenil Não ,,,esta ameacada de extincao. Foi encontrado Morto em ambiente Arenoso com o Cod de carcaca 4 e Não apresentava oleo.</b><br>"
1895;"<b>Indivíduo de numero 1895 registrado pela equipe do Trecho 01 na cidade de Laguna (Santa Catarina), atraves de monitoramento do tipo Regular com a mare Enchente e vento Nordeste. Espécie: Spheniscus magellanicus, Juvenil Não ,,,esta ameacada de extincao. Foi encontrado Morto em ambiente Arenoso com o Cod de carcaca 4 e Não apresentava oleo.</b><br>"
1896;"<b>Indivíduo de numero 1896 registrado pela equipe do Trecho 01 na cidade de Laguna (Santa Catarina), atraves de monitoramento do tipo Regular com a mare Enchente e vento Nordeste. Espécie: Spheniscus magellanicus, Juvenil Não ,,,esta ameacada de extincao. Foi encontrado Morto em ambiente Arenoso com o Cod de carcaca 4 e Não apresentava oleo.</b><br>"
1897;"<b>Indivíduo de numero 1897 registrado pela equipe do Trecho 01 na cidade de Laguna (Santa Catarina), atraves de monitoramento do tipo Regular com a mare Enchente e vento Nordeste. Espécie: Larus dominicanus, Juvenil Não ,,,esta ameacada de extincao. Foi encontrado Morto em ambiente Arenoso com o Cod de carcaca 5 e Não apresentava oleo.</b><br>"
1898;"<b>Indivíduo de numero 1898 registrado pela equipe do Trecho 01 na cidade de Laguna (Santa Catarina), atraves de monitoramento do tipo Regular com a mare Enchente e vento Nordeste. Espécie: Spheniscus magellanicus, Juvenil Não ,,,esta ameacada de extincao. Foi encontrado Morto em ambiente Arenoso com o Cod de carcaca 4 e Não apresentava oleo.</b><br>"
1899;"<b>Indivíduo de numero 1899 registrado pela equipe do Trecho 05 na cidade de Itapoá (Santa Catarina), atraves de monitoramento do tipo Regular com a mare Enchente e vento Nordeste. Espécie: Puffinus puffinus, Adulto Não ,,,esta ameacada de extincao. Foi encontrado Morto em ambiente Arenoso com o Cod de carcaca 4 e Não apresentava oleo.</b><br>"
1900;"<b>Indivíduo de numero 1900 registrado pela equipe do Trecho 05 na cidade de Itapoá (Santa Catarina), atraves de monitoramento do tipo Acionamento com a mare Enchente e vento Nordeste. Espécie: Caretta caretta, Indeterminado Sim ,,,esta ameacada de extincao. Foi encontrado Morto em ambiente Arenoso com o Cod de carcaca 4 e Não apresentava oleo.</b><br>"
1901;"<b>Indivíduo de numero 1901 registrado pela equipe do Trecho 05 na cidade de Itapoá (Santa Catarina), atraves de monitoramento do tipo Regular com a mare Enchente e vento Nordeste. Espécie: Puffinus puffinus, Indeterminado Não ,,,esta ameacada de extincao. Foi encontrado Morto em ambiente Arenoso com o Cod de carcaca 4 e Não apresentava oleo.</b><br>"
1902;"<b>Indivíduo de numero 1902 registrado pela equipe do Trecho 05 na cidade de Itapoá (Santa Catarina), atraves de monitoramento do tipo Regular com a mare Vazia e vento N/A. Espécie: Puffinus puffinus, Juvenil Não ,,,esta ameacada de extincao. Foi encontrado Morto em ambiente Arenoso com o Cod de carcaca 3 e Não apresentava oleo.</b><br>"
1903;"<b>Indivíduo de numero 1903 registrado pela equipe do Trecho 05 na cidade de Itapoá (Santa Catarina), atraves de monitoramento do tipo Regular com a mare Vazia e vento N/A. Espécie: Puffinus puffinus, Juvenil Não ,,,esta ameacada de extincao. Foi encontrado Vivo em ambiente Arenoso com o Cod de carcaca 1 e Não apresentava oleo.</b><br>"
1904;"<b>Indivíduo de numero 1904 registrado pela equipe do Trecho 06 na cidade de Guaraqueçaba (Paraná), atraves de monitoramento do tipo Regular com a mare Enchente e vento Leste. Espécie: Puffinus puffinus, Indeterminado Não ,,,esta ameacada de extincao. Foi encontrado Morto em ambiente Arenoso com o Cod de carcaca 4 e Não apresentava oleo.</b><br>"
1905;"<b>Indivíduo de numero 1905 registrado pela equipe do Trecho 06 na cidade de Guaraqueçaba (Paraná), atraves de monitoramento do tipo Regular com a mare Enchente e vento Leste. Espécie: Caretta caretta, Juvenil Sim ,,,esta ameacada de extincao. Foi encontrado Morto em ambiente Arenoso com o Cod de carcaca 4 e Não apresentava oleo.</b><br>"
1906;"<b>Indivíduo de numero 1906 registrado pela equipe do Trecho 06 na cidade de Paranaguá (Paraná), atraves de monitoramento do tipo Regular com a mare Enchente e vento Sul. Espécie: Sotalia guianensis, Juvenil Sim ,,,esta ameacada de extincao. Foi encontrado Morto em ambiente Arenoso com o Cod de carcaca 4 e Não apresentava oleo.</b><br>"
1907;"<b>Indivíduo de numero 1907 registrado pela equipe do Trecho 04 na cidade de Navegantes (Santa Catarina), atraves de monitoramento do tipo Regular com a mare Enchente e vento Noroeste. Espécie: Spheniscus magellanicus, Juvenil Não ,,,esta ameacada de extincao. Foi encontrado Morto em ambiente Arenoso com o Cod de carcaca 4 e Não apresentava oleo.</b><br>"
1908;"<b>Indivíduo de numero 1908 registrado pela equipe do Trecho 04 na cidade de Navegantes (Santa Catarina), atraves de monitoramento do tipo Regular com a mare Enchente e vento Noroeste. Espécie: Spheniscus magellanicus, Juvenil Não ,,,esta ameacada de extincao. Foi encontrado Morto em ambiente Arenoso com o Cod de carcaca 4 e Não apresentava oleo.</b><br>"
1909;"<b>Indivíduo de numero 1909 registrado pela equipe do Trecho 04 na cidade de Navegantes (Santa Catarina), atraves de monitoramento do tipo Regular com a mare Enchente e vento Noroeste. Espécie: Fregata magnificens, Juvenil Não ,,,esta ameacada de extincao. Foi encontrado Morto em ambiente Arenoso com o Cod de carcaca 4 e Não apresentava oleo.</b><br>"
1910;"<b>Indivíduo de numero 1910 registrado pela equipe do Trecho 04 na cidade de Penha (Santa Catarina), atraves de monitoramento do tipo Regular com a mare Enchente e vento Noroeste. Espécie: Larus dominicanus, Adulto Não ,,,esta ameacada de extincao. Foi encontrado Morto em ambiente Arenoso com o Cod de carcaca 3 e Não apresentava oleo.</b><br>"
1911;"<b>Indivíduo de numero 1911 registrado pela equipe do Trecho 04 na cidade de Penha (Santa Catarina), atraves de monitoramento do tipo Regular com a mare Enchente e vento Noroeste. Espécie: Chelonia mydas, Juvenil Sim ,,,esta ameacada de extincao. Foi encontrado Morto em ambiente Arenoso com o Cod de carcaca 4 e Não apresentava oleo.</b><br>"
1912;"<b>Indivíduo de numero 1912 registrado pela equipe do Trecho 04 na cidade de Barra Velha (Santa Catarina), atraves de monitoramento do tipo Regular com a mare Enchente e vento Noroeste. Espécie: Caretta caretta, Juvenil Sim ,,,esta ameacada de extincao. Foi encontrado Morto em ambiente Arenoso com o Cod de carcaca 4 e Não apresentava oleo.</b><br>"
1913;"<b>Indivíduo de numero 1913 registrado pela equipe do Trecho 04 na cidade de Barra Velha (Santa Catarina), atraves de monitoramento do tipo Regular com a mare Enchente e vento Noroeste. Espécie: Chelonia mydas, Juvenil Sim ,,,esta ameacada de extincao. Foi encontrado Morto em ambiente Arenoso com o Cod de carcaca 4 e Não apresentava oleo.</b><br>"
1914;"<b>Indivíduo de numero 1914 registrado pela equipe do Trecho 05 na cidade de São Francisco Do Sul (Santa Catarina), atraves de monitoramento do tipo Acionamento com a mare Vazante e vento Sudeste. Espécie: Larus dominicanus, Adulto Não ,,,esta ameacada de extincao. Foi encontrado Vivo em ambiente Arenoso com o Cod de carcaca 1 e Não apresentava oleo.</b><br>"
1915;"<b>Indivíduo de numero 1915 registrado pela equipe do Trecho 06 na cidade de Matinhos,Pontal Do Paraná (Paraná), atraves de monitoramento do tipo Acionamento com a mare Enchente e vento Sudeste. Espécie: Caretta caretta, Adulto Sim ,,,esta ameacada de extincao. Foi encontrado Morto em ambiente Arenoso com o Cod de carcaca 3 e Não apresentava oleo.</b><br>"
1916;"<b>Indivíduo de numero 1916 registrado pela equipe do Trecho 06 na cidade de Matinhos,Pontal Do Paraná (Paraná), atraves de monitoramento do tipo Regular com a mare Enchente e vento Sul. Espécie: Sula leucogaster, Adulto Não ,,,esta ameacada de extincao. Foi encontrado Morto em ambiente Arenoso com o Cod de carcaca 4 e Não apresentava oleo.</b><br>"
1917;"<b>Indivíduo de numero 1917 registrado pela equipe do Trecho 06 na cidade de Matinhos,Pontal Do Paraná (Paraná), atraves de monitoramento do tipo Regular com a mare Enchente e vento Sul. Espécie: Spheniscus magellanicus, Juvenil Não ,,,esta ameacada de extincao. Foi encontrado Morto em ambiente Arenoso com o Cod de carcaca 4 e Não apresentava oleo.</b><br>"
1918;"<b>Indivíduo de numero 1918 registrado pela equipe do Trecho 06 na cidade de Matinhos,Pontal Do Paraná (Paraná), atraves de monitoramento do tipo Regular com a mare Enchente e vento Sul. Espécie: Spheniscus magellanicus, Juvenil Não ,,,esta ameacada de extincao. Foi encontrado Morto em ambiente Arenoso com o Cod de carcaca 4 e Não apresentava oleo.</b><br>"
1919;"<b>Indivíduo de numero 1919 registrado pela equipe do Trecho 06 na cidade de Matinhos,Pontal Do Paraná (Paraná), atraves de monitoramento do tipo Regular com a mare Enchente e vento Sudeste. Espécie: Sula leucogaster, Indeterminado Não ,,,esta ameacada de extincao. Foi encontrado Morto em ambiente Arenoso com o Cod de carcaca 5 e Não apresentava oleo.</b><br>"
1920;"<b>Indivíduo de numero 1920 registrado pela equipe do Trecho 06 na cidade de Matinhos,Pontal Do Paraná (Paraná), atraves de monitoramento do tipo Regular com a mare Enchente e vento Sudeste. Espécie: Chelonia mydas, Juvenil Sim ,,,esta ameacada de extincao. Foi encontrado Morto em ambiente Arenoso com o Cod de carcaca 4 e Não apresentava oleo.</b><br>"
1921;"<b>Indivíduo de numero 1921 registrado pela equipe do Trecho 06 na cidade de Matinhos,Pontal Do Paraná (Paraná), atraves de monitoramento do tipo Regular com a mare Enchente e vento Sudeste. Espécie: Chelonia mydas, Juvenil Sim ,,,esta ameacada de extincao. Foi encontrado Morto em ambiente Arenoso com o Cod de carcaca 4 e Não apresentava oleo.</b><br>"
1922;"<b>Indivíduo de numero 1922 registrado pela equipe do Trecho 05 na cidade de São Francisco Do Sul (Santa Catarina), atraves de monitoramento do tipo Acionamento com a mare Vazante e vento Sudeste. Espécie: Chelonia mydas, Juvenil Sim ,,,esta ameacada de extincao. Foi encontrado Morto em ambiente Arenoso com o Cod de carcaca 4 e Não apresentava oleo.</b><br>"
1923;"<b>Indivíduo de numero 1923 registrado pela equipe do Trecho 03 na cidade de Florianópolis (Santa Catarina), atraves de monitoramento do tipo Regular com a mare Vazante e vento Sul. Espécie: Chelonia mydas, Juvenil Sim ,,,esta ameacada de extincao. Foi encontrado Morto em ambiente Arenoso com o Cod de carcaca 5 e Não apresentava oleo.</b><br>"
1924;"<b>Indivíduo de numero 1924 registrado pela equipe do Trecho 06 na cidade de Guaratuba (Paraná), atraves de monitoramento do tipo Regular com a mare Enchente e vento Sudoeste. Espécie: Caretta caretta, Juvenil Sim ,,,esta ameacada de extincao. Foi encontrado Morto em ambiente Arenoso com o Cod de carcaca 4 e Não apresentava oleo.</b><br>"
1925;"<b>Indivíduo de numero 1925 registrado pela equipe do Trecho 06 na cidade de Guaratuba (Paraná), atraves de monitoramento do tipo Regular com a mare Enchente e vento Sudoeste. Espécie: Caretta caretta, Juvenil Sim ,,,esta ameacada de extincao. Foi encontrado Morto em ambiente Arenoso com o Cod de carcaca 4 e Não apresentava oleo.</b><br>"
1927;"<b>Indivíduo de numero 1927 registrado pela equipe do Trecho 06 na cidade de Guaratuba (Paraná), atraves de monitoramento do tipo Regular com a mare Enchente e vento Sudoeste. Espécie: Chelonia mydas, Juvenil Sim ,,,esta ameacada de extincao. Foi encontrado Vivo em ambiente Arenoso com o Cod de carcaca 1 e Não apresentava oleo.</b><br>"
1928;"<b>Indivíduo de numero 1928 registrado pela equipe do Trecho 04 na cidade de Balneário Camboriú (Santa Catarina), atraves de monitoramento do tipo Regular com a mare Enchente e vento Sudeste. Espécie: Chelonia mydas, Juvenil Sim ,,,esta ameacada de extincao. Foi encontrado Morto em ambiente Arenoso com o Cod de carcaca 4 e Não apresentava oleo.</b><br>"
1929;"<b>Indivíduo de numero 1929 registrado pela equipe do Trecho 05 na cidade de São Francisco Do Sul (Santa Catarina), atraves de monitoramento do tipo Regular com a mare Enchente e vento N/A. Espécie: Caretta caretta, Indeterminado Sim ,,,esta ameacada de extincao. Foi encontrado Morto em ambiente Arenoso com o Cod de carcaca 4 e Não apresentava oleo.</b><br>"
1930;"<b>Indivíduo de numero 1930 registrado pela equipe do Trecho 05 na cidade de São Francisco Do Sul (Santa Catarina), atraves de monitoramento do tipo Regular com a mare Enchente e vento N/A. Espécie: Caretta caretta, Indeterminado Sim ,,,esta ameacada de extincao. Foi encontrado Morto em ambiente Arenoso com o Cod de carcaca 4 e Não apresentava oleo.</b><br>"
1931;"<b>Indivíduo de numero 1931 registrado pela equipe do Trecho 05 na cidade de São Francisco Do Sul (Santa Catarina), atraves de monitoramento do tipo Regular com a mare Enchente e vento N/A. Espécie: Sula leucogaster, Indeterminado Não ,,,esta ameacada de extincao. Foi encontrado Morto em ambiente Arenoso com o Cod de carcaca 4 e Não apresentava oleo.</b><br>"
1932;"<b>Indivíduo de numero 1932 registrado pela equipe do Trecho 05 na cidade de São Francisco Do Sul (Santa Catarina), atraves de monitoramento do tipo Regular com a mare Enchente e vento N/A. Espécie: Puffinus gravis, Indeterminado Não ,,,esta ameacada de extincao. Foi encontrado Morto em ambiente Arenoso com o Cod de carcaca 4 e Não apresentava oleo.</b><br>"
1933;"<b>Indivíduo de numero 1933 registrado pela equipe do Trecho 05 na cidade de São Francisco Do Sul (Santa Catarina), atraves de monitoramento do tipo Regular com a mare Enchente e vento N/A. Espécie: Spheniscus magellanicus, Indeterminado Não ,,,esta ameacada de extincao. Foi encontrado Morto em ambiente Arenoso com o Cod de carcaca 4 e Não apresentava oleo.</b><br>"
1934;"<b>Indivíduo de numero 1934 registrado pela equipe do Trecho 05 na cidade de São Francisco Do Sul (Santa Catarina), atraves de monitoramento do tipo Regular com a mare Enchente e vento N/A. Espécie: Sula leucogaster, Indeterminado Não ,,,esta ameacada de extincao. Foi encontrado Morto em ambiente Arenoso com o Cod de carcaca 4 e Não apresentava oleo.</b><br>"
1935;"<b>Indivíduo de numero 1935 registrado pela equipe do Trecho 05 na cidade de São Francisco Do Sul (Santa Catarina), atraves de monitoramento do tipo Regular com a mare Enchente e vento N/A. Espécie: Spheniscus magellanicus, Indeterminado Não ,,,esta ameacada de extincao. Foi encontrado Morto em ambiente Arenoso com o Cod de carcaca 4 e Não apresentava oleo.</b><br>"
1936;"<b>Indivíduo de numero 1936 registrado pela equipe do Trecho 05 na cidade de São Francisco Do Sul (Santa Catarina), atraves de monitoramento do tipo Regular com a mare Enchente e vento N/A. Espécie: Spheniscus magellanicus, Indeterminado Não ,,,esta ameacada de extincao. Foi encontrado Morto em ambiente Arenoso com o Cod de carcaca 4 e Não apresentava oleo.</b><br>"
1937;"<b>Indivíduo de numero 1937 registrado pela equipe do Trecho 04 na cidade de Balneário Camboriú,Itajaí (Santa Catarina), atraves de monitoramento do tipo Regular com a mare Enchente e vento Sudeste. Espécie: Phalacrocorax brasilianus, Juvenil Não ,,,esta ameacada de extincao. Foi encontrado Morto em ambiente Arenoso com o Cod de carcaca 4 e Não apresentava oleo.</b><br>"
1938;"<b>Indivíduo de numero 1938 registrado pela equipe do Trecho 06 na cidade de Guaraqueçaba (Paraná), atraves de monitoramento do tipo Regular com a mare Enchente e vento Sul. Espécie: Spheniscus magellanicus, Indeterminado Não ,,,esta ameacada de extincao. Foi encontrado Morto em ambiente Arenoso com o Cod de carcaca 5 e Não apresentava oleo.</b><br>"
1939;"<b>Indivíduo de numero 1939 registrado pela equipe do Trecho 06 na cidade de Guaraqueçaba (Paraná), atraves de monitoramento do tipo Regular com a mare Enchente e vento Sul. Espécie: Spheniscus magellanicus, Indeterminado Não ,,,esta ameacada de extincao. Foi encontrado Morto em ambiente Arenoso com o Cod de carcaca 5 e Não apresentava oleo.</b><br>"
1940;"<b>Indivíduo de numero 1940 registrado pela equipe do Trecho 06 na cidade de Guaraqueçaba (Paraná), atraves de monitoramento do tipo Regular com a mare Enchente e vento Sul. Espécie: Spheniscus magellanicus, Indeterminado Não ,,,esta ameacada de extincao. Foi encontrado Morto em ambiente Arenoso com o Cod de carcaca 5 e Não apresentava oleo.</b><br>"
1941;"<b>Indivíduo de numero 1941 registrado pela equipe do Trecho 06 na cidade de Guaraqueçaba (Paraná), atraves de monitoramento do tipo Regular com a mare Enchente e vento Sul. Espécie: Puffinus puffinus, Indeterminado Não ,,,esta ameacada de extincao. Foi encontrado Morto em ambiente Arenoso com o Cod de carcaca 5 e Não apresentava oleo.</b><br>"
1942;"<b>Indivíduo de numero 1942 registrado pela equipe do Trecho 06 na cidade de Guaraqueçaba (Paraná), atraves de monitoramento do tipo Regular com a mare Enchente e vento Sul. Espécie: Sotalia guianensis, Indeterminado Sim ,,,esta ameacada de extincao. Foi encontrado Morto em ambiente Arenoso com o Cod de carcaca 5 e Não apresentava oleo.</b><br>"
1943;"<b>Indivíduo de numero 1943 registrado pela equipe do Trecho 06 na cidade de Guaraqueçaba (Paraná), atraves de monitoramento do tipo Regular com a mare Enchente e vento Sul. Espécie: Spheniscus magellanicus, Indeterminado Não ,,,esta ameacada de extincao. Foi encontrado Morto em ambiente Arenoso com o Cod de carcaca 5 e Não apresentava oleo.</b><br>"
1944;"<b>Indivíduo de numero 1944 registrado pela equipe do Trecho 06 na cidade de Guaraqueçaba (Paraná), atraves de monitoramento do tipo Regular com a mare Enchente e vento Sul. Espécie: Spheniscus magellanicus, Indeterminado Não ,,,esta ameacada de extincao. Foi encontrado Morto em ambiente Arenoso com o Cod de carcaca 5 e Não apresentava oleo.</b><br>"
1945;"<b>Indivíduo de numero 1945 registrado pela equipe do Trecho 06 na cidade de Guaraqueçaba (Paraná), atraves de monitoramento do tipo Regular com a mare Enchente e vento Sul. Espécie: Caretta caretta, Juvenil Sim ,,,esta ameacada de extincao. Foi encontrado Morto em ambiente Arenoso com o Cod de carcaca 5 e Não apresentava oleo.</b><br>"
1946;"<b>Indivíduo de numero 1946 registrado pela equipe do Trecho 06 na cidade de Guaraqueçaba (Paraná), atraves de monitoramento do tipo Regular com a mare Enchente e vento Sul. Espécie: Larus dominicanus, Adulto Não ,,,esta ameacada de extincao. Foi encontrado Morto em ambiente Arenoso com o Cod de carcaca 2 e Não apresentava oleo.</b><br>"
1947;"<b>Indivíduo de numero 1947 registrado pela equipe do Trecho 06 na cidade de Guaraqueçaba (Paraná), atraves de monitoramento do tipo Regular com a mare Enchente e vento Sul. Espécie: Spheniscus magellanicus, Juvenil Não ,,,esta ameacada de extincao. Foi encontrado Morto em ambiente Arenoso com o Cod de carcaca 5 e Não apresentava oleo.</b><br>"
1948;"<b>Indivíduo de numero 1948 registrado pela equipe do Trecho 01 na cidade de Laguna (Santa Catarina), atraves de monitoramento do tipo Regular com a mare Cheia e vento Nordeste. Espécie: Larus dominicanus, Juvenil Não ,,,esta ameacada de extincao. Foi encontrado Morto em ambiente Arenoso com o Cod de carcaca 4 e Não apresentava oleo.</b><br>"
1949;"<b>Indivíduo de numero 1949 registrado pela equipe do Trecho 01 na cidade de Imbituba (Santa Catarina), atraves de monitoramento do tipo Regular com a mare Enchente e vento Nordeste. Espécie: Larus dominicanus, Adulto Não ,,,esta ameacada de extincao. Foi encontrado Morto em ambiente Arenoso com o Cod de carcaca 4 e Não apresentava oleo.</b><br>"
1950;"<b>Indivíduo de numero 1950 registrado pela equipe do Trecho 02 na cidade de Paulo Lopes (Santa Catarina), atraves de monitoramento do tipo Regular com a mare Enchente e vento Leste. Espécie: Chelonia mydas, Juvenil Sim ,,,esta ameacada de extincao. Foi encontrado Morto em ambiente Arenoso com o Cod de carcaca 4 e Não apresentava oleo.</b><br>"
1951;"<b>Indivíduo de numero 1951 registrado pela equipe do Trecho 02 na cidade de Palhoça (Santa Catarina), atraves de monitoramento do tipo Regular com a mare Enchente e vento Norte. Espécie: Chelonia mydas, Juvenil Sim ,,,esta ameacada de extincao. Foi encontrado Morto em ambiente Arenoso com o Cod de carcaca 4 e Não apresentava oleo.</b><br>"
1952;"<b>Indivíduo de numero 1952 registrado pela equipe do Trecho 04 na cidade de Bombinhas (Santa Catarina), atraves de monitoramento do tipo Regular com a mare Enchente e vento Oeste. Espécie: Chelonia mydas, Juvenil Sim ,,,esta ameacada de extincao. Foi encontrado Morto em ambiente Arenoso com o Cod de carcaca 4 e Não apresentava oleo.</b><br>"
1953;"<b>Indivíduo de numero 1953 registrado pela equipe do Trecho 05 na cidade de Itapoá (Santa Catarina), atraves de monitoramento do tipo Regular com a mare Enchente e vento Sul. Espécie: Puffinus puffinus, Indeterminado Não ,,,esta ameacada de extincao. Foi encontrado Morto em ambiente Arenoso com o Cod de carcaca 4 e Não apresentava oleo.</b><br>"
1954;"<b>Indivíduo de numero 1954 registrado pela equipe do Trecho 05 na cidade de Itapoá (Santa Catarina), atraves de monitoramento do tipo Regular com a mare Enchente e vento Sul. Espécie: Chelonia mydas, Juvenil Sim ,,,esta ameacada de extincao. Foi encontrado Morto em ambiente Arenoso com o Cod de carcaca 4 e Não apresentava oleo.</b><br>"
1955;"<b>Indivíduo de numero 1955 registrado pela equipe do Trecho 05 na cidade de Itapoá (Santa Catarina), atraves de monitoramento do tipo Acionamento com a mare Enchente e vento Sul. Espécie: Sotalia guianensis, Juvenil Sim ,,,esta ameacada de extincao. Foi encontrado Morto em ambiente Arenoso com o Cod de carcaca 4 e Não apresentava oleo.</b><br>"
1956;"<b>Indivíduo de numero 1956 registrado pela equipe do Trecho 06 na cidade de Paranaguá (Paraná), atraves de monitoramento do tipo Regular com a mare Enchente e vento Sul. Espécie: Pontoporia blainvillei, Indeterminado Sim ,,,esta ameacada de extincao. Foi encontrado Morto em ambiente Arenoso com o Cod de carcaca 4 e Não apresentava oleo.</b><br>"
1957;"<b>Indivíduo de numero 1957 registrado pela equipe do Trecho 04 na cidade de Navegantes (Santa Catarina), atraves de monitoramento do tipo Regular com a mare Enchente e vento Sudoeste. Espécie: Caretta caretta, Juvenil Sim ,,,esta ameacada de extincao. Foi encontrado Morto em ambiente Arenoso com o Cod de carcaca 4 e Não apresentava oleo.</b><br>"
1958;"<b>Indivíduo de numero 1958 registrado pela equipe do Trecho 04 na cidade de Barra Velha (Santa Catarina), atraves de monitoramento do tipo Regular com a mare Enchente e vento Sudoeste. Espécie: Chelonia mydas, Juvenil Sim ,,,esta ameacada de extincao. Foi encontrado Morto em ambiente Arenoso com o Cod de carcaca 4 e Não apresentava oleo.</b><br>"
1959;"<b>Indivíduo de numero 1959 registrado pela equipe do Trecho 04 na cidade de Balneário Piçarras (Santa Catarina), atraves de monitoramento do tipo Regular com a mare Enchente e vento Sudoeste. Espécie: Chelonia mydas, Juvenil Sim ,,,esta ameacada de extincao. Foi encontrado Morto em ambiente Arenoso com o Cod de carcaca 4 e Não apresentava oleo.</b><br>"
1960;"<b>Indivíduo de numero 1960 registrado pela equipe do Trecho 04 na cidade de Balneário Piçarras (Santa Catarina), atraves de monitoramento do tipo Regular com a mare Enchente e vento Sudoeste. Espécie: Chelonia mydas, Juvenil Sim ,,,esta ameacada de extincao. Foi encontrado Morto em ambiente Arenoso com o Cod de carcaca 4 e Não apresentava oleo.</b><br>"
1961;"<b>Indivíduo de numero 1961 registrado pela equipe do Trecho 04 na cidade de Penha (Santa Catarina), atraves de monitoramento do tipo Regular com a mare Enchente e vento Sudoeste. Espécie: Chelonia mydas, Juvenil Sim ,,,esta ameacada de extincao. Foi encontrado Morto em ambiente Arenoso com o Cod de carcaca 4 e Não apresentava oleo.</b><br>"
1962;"<b>Indivíduo de numero 1962 registrado pela equipe do Trecho 03 na cidade de Florianópolis (Santa Catarina), atraves de monitoramento do tipo Regular com a mare Enchente e vento Norte. Espécie: Spheniscus magellanicus, Juvenil Não ,,,esta ameacada de extincao. Foi encontrado Morto em ambiente Arenoso com o Cod de carcaca 4 e Não apresentava oleo.</b><br>"
1963;"<b>Indivíduo de numero 1963 registrado pela equipe do Trecho 03 na cidade de Florianópolis (Santa Catarina), atraves de monitoramento do tipo Regular com a mare Enchente e vento Norte. Espécie: Spheniscus magellanicus, Juvenil Não ,,,esta ameacada de extincao. Foi encontrado Morto em ambiente Arenoso com o Cod de carcaca 4 e Não apresentava oleo.</b><br>"
1964;"<b>Indivíduo de numero 1964 registrado pela equipe do Trecho 04 na cidade de Navegantes (Santa Catarina), atraves de monitoramento do tipo Acionamento com a mare Enchente e vento Nordeste. Espécie: Pontoporia blainvillei, Feto Sim ,,,esta ameacada de extincao. Foi encontrado Morto em ambiente Arenoso com o Cod de carcaca 4 e Não apresentava oleo.</b><br>"
1965;"<b>Indivíduo de numero 1965 registrado pela equipe do Trecho 05 na cidade de Araquari,Balneário Barra Do Sul,Barra Velha (Santa Catarina), atraves de monitoramento do tipo Regular com a mare Enchente e vento Sudeste. Espécie: Caretta caretta, Indeterminado Sim ,,,esta ameacada de extincao. Foi encontrado Morto em ambiente Arenoso com o Cod de carcaca 4 e Não apresentava oleo.</b><br>"
1966;"<b>Indivíduo de numero 1966 registrado pela equipe do Trecho 06 na cidade de Guaratuba (Paraná), atraves de monitoramento do tipo Regular com a mare Enchente e vento Oeste. Espécie: Puffinus puffinus, Indeterminado Não ,,,esta ameacada de extincao. Foi encontrado Morto em ambiente Arenoso com o Cod de carcaca 5 e Não apresentava oleo.</b><br>"
1967;"<b>Indivíduo de numero 1967 registrado pela equipe do Trecho 01 na cidade de Laguna (Santa Catarina), atraves de monitoramento do tipo Regular com a mare Cheia e vento Sul. Espécie: Larus dominicanus, Adulto Não ,,,esta ameacada de extincao. Foi encontrado Morto em ambiente Arenoso com o Cod de carcaca 5 e Não apresentava oleo.</b><br>"
1968;"<b>Indivíduo de numero 1968 registrado pela equipe do Trecho 01 na cidade de Laguna (Santa Catarina), atraves de monitoramento do tipo Regular com a mare Cheia e vento Sul. Espécie: Spheniscus magellanicus, Juvenil Não ,,,esta ameacada de extincao. Foi encontrado Vivo em ambiente Arenoso com o Cod de carcaca 1 e Não apresentava oleo.</b><br>"
1969;"<b>Indivíduo de numero 1969 registrado pela equipe do Trecho 01 na cidade de Laguna (Santa Catarina), atraves de monitoramento do tipo Regular com a mare Cheia e vento Sul. Espécie: Spheniscus magellanicus, Juvenil Não ,,,esta ameacada de extincao. Foi encontrado Morto em ambiente Arenoso com o Cod de carcaca 4 e Não apresentava oleo.</b><br>"
1970;"<b>Indivíduo de numero 1970 registrado pela equipe do Trecho 01 na cidade de Imbituba (Santa Catarina), atraves de monitoramento do tipo Regular com a mare Enchente e vento Sul. Espécie: Spheniscus magellanicus, Juvenil Não ,,,esta ameacada de extincao. Foi encontrado Morto em ambiente Arenoso com o Cod de carcaca 4 e Não apresentava oleo.</b><br>"
1971;"<b>Indivíduo de numero 1971 registrado pela equipe do Trecho 03 na cidade de Florianópolis (Santa Catarina), atraves de monitoramento do tipo Acionamento com a mare Enchente e vento Sudeste. Espécie: Caretta caretta, Juvenil Sim ,,,esta ameacada de extincao. Foi encontrado Morto em ambiente Arenoso com o Cod de carcaca 4 e Não apresentava oleo.</b><br>"
1972;"<b>Indivíduo de numero 1972 registrado pela equipe do Trecho 06 na cidade de Pontal Do Paraná (Paraná), atraves de monitoramento do tipo Acionamento com a mare Enchente e vento Leste. Espécie: Chelonia mydas, Juvenil Sim ,,,esta ameacada de extincao. Foi encontrado Vivo em ambiente Arenoso com o Cod de carcaca 1 e Não apresentava oleo.</b><br>"
1973;"<b>Indivíduo de numero 1973 registrado pela equipe do Trecho 06 na cidade de Matinhos,Pontal Do Paraná (Paraná), atraves de monitoramento do tipo Acionamento com a mare Enchente e vento Leste. Espécie: Caretta caretta, Juvenil Sim ,,,esta ameacada de extincao. Foi encontrado Morto em ambiente Arenoso com o Cod de carcaca 4 e Não apresentava oleo.</b><br>"
1974;"<b>Indivíduo de numero 1974 registrado pela equipe do Trecho 06 na cidade de Matinhos (Paraná), atraves de monitoramento do tipo Regular com a mare Enchente e vento Leste. Espécie: Chelonia mydas, Juvenil Sim ,,,esta ameacada de extincao. Foi encontrado Morto em ambiente Arenoso com o Cod de carcaca 4 e Não apresentava oleo.</b><br>"
1975;"<b>Indivíduo de numero 1975 registrado pela equipe do Trecho 06 na cidade de Matinhos,Pontal Do Paraná (Paraná), atraves de monitoramento do tipo Regular com a mare Enchente e vento Sudeste. Espécie: Larus dominicanus, Indeterminado Não ,,,esta ameacada de extincao. Foi encontrado Morto em ambiente Arenoso com o Cod de carcaca 5 e Não apresentava oleo.</b><br>"
1976;"<b>Indivíduo de numero 1976 registrado pela equipe do Trecho 04 na cidade de Navegantes (Santa Catarina), atraves de monitoramento do tipo Acionamento com a mare Enchente e vento Sudeste. Espécie: Pontoporia blainvillei, Adulto Sim ,,,esta ameacada de extincao. Foi encontrado Morto em ambiente Arenoso com o Cod de carcaca 4 e Não apresentava oleo.</b><br>"
1977;"<b>Indivíduo de numero 1977 registrado pela equipe do Trecho 05 na cidade de São Francisco Do Sul (Santa Catarina), atraves de monitoramento do tipo Regular com a mare Enchente e vento Sudeste. Espécie: Chelonia mydas, Indeterminado Sim ,,,esta ameacada de extincao. Foi encontrado Morto em ambiente Arenoso com o Cod de carcaca 4 e Não apresentava oleo.</b><br>"
1978;"<b>Indivíduo de numero 1978 registrado pela equipe do Trecho 06 na cidade de Matinhos,Pontal Do Paraná (Paraná), atraves de monitoramento do tipo Acionamento com a mare Enchente e vento Leste. Espécie: Sula leucogaster, Adulto Não ,,,esta ameacada de extincao. Foi encontrado Vivo em ambiente Arenoso com o Cod de carcaca 1 e Não apresentava oleo.</b><br>"
1979;"<b>Indivíduo de numero 1979 registrado pela equipe do Trecho 05 na cidade de São Francisco Do Sul (Santa Catarina), atraves de monitoramento do tipo Regular com a mare Enchente e vento Sudeste. Espécie: Caretta caretta, Indeterminado Sim ,,,esta ameacada de extincao. Foi encontrado Morto em ambiente Arenoso com o Cod de carcaca 4 e Não apresentava oleo.</b><br>"
1980;"<b>Indivíduo de numero 1980 registrado pela equipe do Trecho 05 na cidade de São Francisco Do Sul (Santa Catarina), atraves de monitoramento do tipo Regular com a mare Enchente e vento Sudeste. Espécie: Spheniscus magellanicus, Indeterminado Não ,,,esta ameacada de extincao. Foi encontrado Morto em ambiente Arenoso com o Cod de carcaca 4 e Não apresentava oleo.</b><br>"
1981;"<b>Indivíduo de numero 1981 registrado pela equipe do Trecho 05 na cidade de São Francisco Do Sul (Santa Catarina), atraves de monitoramento do tipo Regular com a mare Enchente e vento Sudeste. Espécie: Caretta caretta, Indeterminado Sim ,,,esta ameacada de extincao. Foi encontrado Morto em ambiente Arenoso com o Cod de carcaca 4 e Não apresentava oleo.</b><br>"
1982;"<b>Indivíduo de numero 1982 registrado pela equipe do Trecho 05 na cidade de São Francisco Do Sul (Santa Catarina), atraves de monitoramento do tipo Regular com a mare Enchente e vento Sudeste. Espécie: Spheniscus magellanicus, Indeterminado Não ,,,esta ameacada de extincao. Foi encontrado Morto em ambiente Arenoso com o Cod de carcaca 4 e Não apresentava oleo.</b><br>"
1983;"<b>Indivíduo de numero 1983 registrado pela equipe do Trecho 05 na cidade de Itapoá (Santa Catarina), atraves de monitoramento do tipo Regular com a mare Enchente e vento Sudeste. Espécie: Puffinus puffinus, Adulto Não ,,,esta ameacada de extincao. Foi encontrado Morto em ambiente Arenoso com o Cod de carcaca 4 e Não apresentava oleo.</b><br>"
1984;"<b>Indivíduo de numero 1984 registrado pela equipe do Trecho 05 na cidade de Itapoá (Santa Catarina), atraves de monitoramento do tipo Regular com a mare Enchente e vento Sudeste. Espécie: Puffinus puffinus, Juvenil Não ,,,esta ameacada de extincao. Foi encontrado Morto em ambiente Arenoso com o Cod de carcaca 4 e Não apresentava oleo.</b><br>"
1985;"<b>Indivíduo de numero 1985 registrado pela equipe do Trecho 05 na cidade de São Francisco Do Sul (Santa Catarina), atraves de monitoramento do tipo Regular com a mare Enchente e vento Sudeste. Espécie: Spheniscus magellanicus, Indeterminado Não ,,,esta ameacada de extincao. Foi encontrado Morto em ambiente Arenoso com o Cod de carcaca 4 e Não apresentava oleo.</b><br>"
1986;"<b>Indivíduo de numero 1986 registrado pela equipe do Trecho 04 na cidade de Bombinhas (Santa Catarina), atraves de monitoramento do tipo Regular com a mare Enchente e vento Sudeste. Espécie: Spheniscus magellanicus, Juvenil Não ,,,esta ameacada de extincao. Foi encontrado Morto em ambiente Arenoso com o Cod de carcaca 4 e Não apresentava oleo.</b><br>"
1987;"<b>Indivíduo de numero 1987 registrado pela equipe do Trecho 04 na cidade de Bombinhas (Santa Catarina), atraves de monitoramento do tipo Regular com a mare Enchente e vento Sudeste. Espécie: Chelonia mydas, Juvenil Sim ,,,esta ameacada de extincao. Foi encontrado Morto em ambiente Arenoso com o Cod de carcaca 4 e Não apresentava oleo.</b><br>"
1988;"<b>Indivíduo de numero 1988 registrado pela equipe do Trecho 04 na cidade de Penha (Santa Catarina), atraves de monitoramento do tipo Acionamento com a mare Enchente e vento Sudeste. Espécie: Spheniscus magellanicus, Juvenil Não ,,,esta ameacada de extincao. Foi encontrado Morto em ambiente Arenoso com o Cod de carcaca 2 e Não apresentava oleo.</b><br>"
1989;"<b>Indivíduo de numero 1989 registrado pela equipe do Trecho 04 na cidade de Barra Velha (Santa Catarina), atraves de monitoramento do tipo Regular com a mare Enchente e vento Oeste. Espécie: Chelonia mydas, Juvenil Sim ,,,esta ameacada de extincao. Foi encontrado Morto em ambiente Arenoso com o Cod de carcaca 4 e Não apresentava oleo.</b><br>"
1990;"<b>Indivíduo de numero 1990 registrado pela equipe do Trecho 05 na cidade de São Francisco Do Sul (Santa Catarina), atraves de monitoramento do tipo Acionamento com a mare Enchente e vento Nordeste. Espécie: Spheniscus magellanicus, Indeterminado Não ,,,esta ameacada de extincao. Foi encontrado Vivo em ambiente Arenoso com o Cod de carcaca 1 e Não apresentava oleo.</b><br>"
1991;"<b>Indivíduo de numero 1991 registrado pela equipe do Trecho 04 na cidade de Bombinhas (Santa Catarina), atraves de monitoramento do tipo Regular com a mare Vazante e vento Noroeste. Espécie: Chelonia mydas, Juvenil Sim ,,,esta ameacada de extincao. Foi encontrado Morto em ambiente Arenoso com o Cod de carcaca 4 e Não apresentava oleo.</b><br>"
1992;"<b>Indivíduo de numero 1992 registrado pela equipe do Trecho 05 na cidade de São Francisco Do Sul (Santa Catarina), atraves de monitoramento do tipo Regular com a mare Enchente e vento Sudeste. Espécie: Chelonia mydas, Indeterminado Sim ,,,esta ameacada de extincao. Foi encontrado Morto em ambiente Arenoso com o Cod de carcaca 4 e Não apresentava oleo.</b><br>"
1993;"<b>Indivíduo de numero 1993 registrado pela equipe do Trecho 03 na cidade de Florianópolis (Santa Catarina), atraves de monitoramento do tipo Acionamento com a mare Indeterminado e vento N/A. Espécie: Larus dominicanus, Juvenil Não ,,,esta ameacada de extincao. Foi encontrado Vivo em ambiente Outros com o Cod de carcaca 1 e Não apresentava oleo.</b><br>"
1994;"<b>Indivíduo de numero 1994 registrado pela equipe do Trecho 04 na cidade de Navegantes (Santa Catarina), atraves de monitoramento do tipo Acionamento com a mare Enchente e vento Sul. Espécie: Pontoporia blainvillei, Adulto Sim ,,,esta ameacada de extincao. Foi encontrado Morto em ambiente Arenoso com o Cod de carcaca 4 e Não apresentava oleo.</b><br>"
1995;"<b>Indivíduo de numero 1995 registrado pela equipe do Trecho 05 na cidade de São Francisco Do Sul (Santa Catarina), atraves de monitoramento do tipo Acionamento com a mare Vazante e vento Sudeste. Espécie: Chelonia mydas, Juvenil Sim ,,,esta ameacada de extincao. Foi encontrado Morto em ambiente Arenoso com o Cod de carcaca 4 e Não apresentava oleo.</b><br>"
1996;"<b>Indivíduo de numero 1996 registrado pela equipe do Trecho 04 na cidade de Balneário Camboriú (Santa Catarina), atraves de monitoramento do tipo Acionamento com a mare Cheia e vento Nordeste. Espécie: Phalacrocorax brasilianus, Adulto Não ,,,esta ameacada de extincao. Foi encontrado Vivo em ambiente Arenoso com o Cod de carcaca 1 e Não apresentava oleo.</b><br>"
1997;"<b>Indivíduo de numero 1997 registrado pela equipe do Trecho 04 na cidade de Balneário Piçarras (Santa Catarina), atraves de monitoramento do tipo Acionamento com a mare Vazante e vento Sudoeste. Espécie: Thalasseus acuflavidus, Adulto Não ,,,esta ameacada de extincao. Foi encontrado Morto em ambiente Arenoso com o Cod de carcaca 4 e Não apresentava oleo.</b><br>"
1998;"<b>Indivíduo de numero 1998 registrado pela equipe do Trecho 06 na cidade de Matinhos (Paraná), atraves de monitoramento do tipo Acionamento com a mare Vazante e vento Leste. Espécie: Eretmochelys imbricata, Juvenil Sim ,,,esta ameacada de extincao. Foi encontrado Morto em ambiente Arenoso com o Cod de carcaca 4 e Não apresentava oleo.</b><br>"
1999;"<b>Indivíduo de numero 1999 registrado pela equipe do Trecho 06 na cidade de Matinhos (Paraná), atraves de monitoramento do tipo Acionamento com a mare Vazante e vento Leste. Espécie: Dermochelys coriacea, Adulto Sim ,,,esta ameacada de extincao. Foi encontrado Morto em ambiente Arenoso com o Cod de carcaca 4 e Não apresentava oleo.</b><br>"
2000;"<b>Indivíduo de numero 2000 registrado pela equipe do Trecho 06 na cidade de Matinhos,Pontal Do Paraná (Paraná), atraves de monitoramento do tipo Regular com a mare Enchente e vento Leste. Espécie: Chelonia mydas, Juvenil Sim ,,,esta ameacada de extincao. Foi encontrado Morto em ambiente Arenoso com o Cod de carcaca 5 e Não apresentava oleo.</b><br>"
